id,datetime,title,companyname,companycode,category,source,rnsnumber,url,body,icbsectorcode,icbsector
17765785,2026-09-01 14:15:00,Total Voting Rights,Sainsbury(J) PLC,SBRY,TVR,RNS,9613S,https://www.londonstockexchange.com/news-article/SBRY/total-voting-rights/17765785,"/\*<![CDATA[\*/
/\*\*/
/\*\*/
sup{font-size:80%}sub{font-size:80%}p{margin-right:0cm;margin-left:0cm;font-size:12.0pt;font-family:""Arial Unicode MS"",""serif"";}
.n{size:595.3pt 841.9pt;margin:72.0pt 90.0pt 72.0pt 90.0pt;}div.n{}p.r{margin:0cm;margin-bottom:.0001pt;text-align:justify}span.s{font-size:11.0pt;font-family:""Arial"",""sans-serif""}p.q{margin:0cm;margin-bottom:.0001pt;text-align:center}p.u{margin:0cm;margin-bottom:.0001pt;font-size:12.0pt;font-family:""Times New Roman"",""serif"";text-align:justify}span.v{font-size:11.0pt;font-family:""Arial"",""sans-serif""}span.w{font-size: 11.0pt;font-family:""Arial"",""sans-serif""} .fr-view-element{font-family: sans-serif;font-size: 12pt;line-height: 140%;padding: 20px;box-sizing: border-box;overflow-x: auto;min-height: 60px;text-align: left;margin-bottom: 10px;width: 837px;} .fr-view-element img{padding: 0 1px;} .fr-view-element .n{margin: 63.8pt 1.6cm 62.35pt 1.6cm;} .fr-view-element p{font-size: 10pt;}
/\*\*/
/\*\*/
/\*]]>\*/

RNS Number : 9613S

Sainsbury(J) PLC

01 September 2026

1 September 2026

 

 

J Sainsbury plc

(the 'Company')

 

Voting rights and capital

 

 

 

In accordance with PRM 1.6.4R the Company confirms that between 1 August 2026 and 31 August 2026, the Company has issued a further 598,543 ordinary shares of 284/7 pence each (ISIN: GB00B019KW72) under the Sharesave Plan (Savings-Related Share Option Scheme)1.

 

In accordance with the Disclosure Guidance and Transparency Rules (the 'Rules'), the Company confirms that, as at 31 August 2026 its issued ordinary share capital consisted of 2,214,650,031 ordinary shares of 284/7 pence each. The Company does not hold any shares in Treasury.

 

Therefore, the total number of voting rights in the Company is 2,214,650,031.

 

The above figure may be used by shareholders as the denominator for the calculations by which they will determine if they are required to notify their interest in, or a change to their interest in, the Company under the Rules.

 

For further information, please contact Karen Garrod, Company Secretarial Assistant on +44 (0)207 695 0269.

 

 

LEI number: 213800VGZAAJIKJ9Y484

 

1 Such shares have been admitted to trading on the London Stock Exchange and are fungible with the Company's other ordinary shares already admitted to trading.

This information is provided by RNS, the news service of the London Stock Exchange. RNS is approved by the Financial Conduct Authority to act as a Primary Information Provider in the United Kingdom. Terms and conditions relating to the use and distribution of this information may apply. For further information, please contact [rns@lseg.com](mailto:rns@lseg.com) or visit [www.rns.com](http://www.rns.com/).  
  
RNS may use your IP address to confirm compliance with the terms and conditions, to analyse how you engage with the information contained in this communication, and to share such analysis on an anonymised basis with others as part of our commercial services. For further information about how RNS and the London Stock Exchange use the personal data you provide us, please see our [Privacy Policy](https://www.lseg.com/privacy-and-cookie-policy).

END

TVRZFLFBQKLBBBZ",452010,"Personal Care, Drug and Grocery Stores "
17765755,2026-09-01 14:00:01,Director/PDMR Shareholding,Tesco PLC,TSCO,DSH,RNS,9513S,https://www.londonstockexchange.com/news-article/TSCO/directorpdmr-shareholding/17765755,"/\*<![CDATA[\*/
/\*\*/
/\*\*/
/\*\*/
ol{margin-bottom:0cm;}ul{margin-bottom:0cm;}
.p{size:595.3pt 841.9pt;margin:72.0pt 72.0pt 72.0pt 72.0pt;}div.p{}p.dw{margin-top:0cm;margin-right:0cm;margin-bottom:10.0pt;margin-left:0cm;line-height:115%;font-size:11.0pt;font-family:""Calibri"",""sans-serif"";margin-bottom:0cm;margin-bottom:.0001pt;line-height: normal}span.du{font-family:""TESCO Modern""}p.dx{margin-top:0cm;margin-right:0cm;margin-bottom:10.0pt;margin-left:0cm;line-height:115%;font-size:11.0pt;font-family:""Calibri"",""sans-serif"";margin-bottom:0cm;margin-bottom:.0001pt;text-align: justify;line-height:normal}span.ds{font-family:""TESCO Modern""; color:black;layout-grid-mode:line}table.dy{margin-left:-5.4pt;border-collapse:collapse;border:none}td.dq{width:101.9pt;border:solid windowtext 1.0pt; padding:0cm 5.4pt 0cm 5.4pt}td.dn{width:101.9pt;border:solid windowtext 1.0pt; border-left:none;padding:0cm 5.4pt 0cm 5.4pt}p.dz{margin-top:0cm;margin-right:0cm;margin-bottom:10.0pt;margin-left:0cm;line-height:115%;font-size:11.0pt;font-family:""Calibri"",""sans-serif"";margin-bottom:0cm;margin-bottom:.0001pt; text-align:center;line-height:normal}
span.dp{font-family: ""TESCO Modern""}td.dm{width:101.9pt;border:solid windowtext 1.0pt; border-top:none;padding:0cm 5.4pt 0cm 5.4pt}td.dl{width:101.9pt;border-top:none;border-left:none; border-bottom:solid windowtext 1.0pt;border-right:solid windowtext 1.0pt; padding:0cm 5.4pt 0cm 5.4pt}td.dk{width:101.9pt;border-top:none;border-left: none;border-bottom:solid windowtext 1.0pt;border-right:solid windowtext 1.0pt; padding:0cm 5.4pt 0cm 5.4pt}p.a,li.a,div.a{margin-top:0cm;margin-right:0cm;margin-bottom:10.0pt;margin-left:0cm;line-height:115%;font-size:11.0pt;font-family:""Calibri"",""sans-serif"";}span.dh{font-size:11.0pt;line-height:115%;font-family:""TESCO Modern""}br.di{page-break-before:always}td.df{border-top:solid #00386B 1.0pt;border-left:solid #00386B 1.0pt; border-bottom:none;border-right:none;padding:0cm 5.4pt 0cm 5.4pt}p.ea{margin-top:0cm;margin-right:0cm;margin-bottom:10.0pt;margin-left:0cm;line-height:115%;font-size:11.0pt;font-family:""Calibri"",""sans-serif"";margin-bottom:12.0pt}td.dc{width:419.0pt;border-top:solid #00386B 1.0pt; border-left:none;border-bottom:none;border-right:solid #00386B 1.0pt; padding:0cm 5.4pt 0cm 5.4pt}
p.eb{margin-top:0cm;margin-right:0cm;margin-bottom:10.0pt;margin-left:0cm;line-height:115%;font-size:11.0pt;font-family:""Calibri"",""sans-serif"";margin-bottom:12.0pt;line-height:12.0pt}span.de{font-size:10.0pt;font-family:""TESCO Modern""}td.db{border:solid #00386B 1.0pt;border-right:solid windowtext 1.0pt; padding:0cm 5.4pt 0cm 5.4pt}td.da{width:202.1pt;border:solid windowtext 1.0pt; border-left:none;padding:0cm 5.4pt 0cm 5.4pt}td.cz{width:206.1pt;border:solid #00386B 1.0pt; border-left:none;padding:0cm 5.4pt 0cm 5.4pt}td.cy{border:none;border-left:solid #00386B 1.0pt;padding: 0cm 5.4pt 0cm 5.4pt}td.cx{width:419.0pt;border:none; border-right:solid #00386B 1.0pt;padding:0cm 5.4pt 0cm 5.4pt}td.cw{width:202.1pt;border-top:solid windowtext 1.0pt; border-left:none;border-bottom:solid #00386B 1.0pt;border-right:solid windowtext 1.0pt; padding:0cm 5.4pt 0cm 5.4pt}td.cv{border-top:none;border-left:solid #00386B 1.0pt; border-bottom:none;border-right:solid windowtext 1.0pt;padding:0cm 5.4pt 0cm 5.4pt}td.cu{width:202.1pt;border-top:none;border-left: none;border-bottom:solid windowtext 1.0pt;border-right:solid windowtext 1.0pt; padding:0cm 5.4pt 0cm 5.4pt}
td.ct{width:206.1pt;border:none; border-right:solid #00386B 1.0pt;padding:0cm 5.4pt 0cm 5.4pt}tr.cq{height:32.9pt}td.cs{border:solid #00386B 1.0pt;border-right:none; padding:0cm 5.4pt 0cm 5.4pt;height:32.9pt}td.cr{width:419.0pt;border-top:none; border-left:none;border-bottom:solid #00386B 1.0pt;border-right:solid #00386B 1.0pt; padding:0cm 5.4pt 0cm 5.4pt;height:32.9pt}td.cp{width:202.1pt;border-top:none;border-left: none;border-bottom:solid #00386B 1.0pt;border-right:solid windowtext 1.0pt; padding:0cm 5.4pt 0cm 5.4pt}tr.cm{height:47.75pt}td.co{border:none;border-left:solid #00386B 1.0pt;padding: 0cm 5.4pt 0cm 5.4pt;height:47.75pt}td.cn{width:419.0pt;border:none; border-right:solid #00386B 1.0pt;padding:0cm 5.4pt 0cm 5.4pt;height:47.75pt}span.cl{font-size:10.0pt;font-family:""TESCO Modern""; color:black}p.ec{margin-top:0cm;margin-right:0cm;margin-bottom:10.0pt;margin-left:0cm;line-height:115%;font-size:11.0pt;font-family:""Calibri"",""sans-serif"";margin-bottom:12.0pt;}
p.ed{margin-top:0cm;margin-right:0cm;margin-bottom:10.0pt;margin-left:0cm;line-height:115%;font-size:11.0pt;font-family:""Calibri"",""sans-serif"";margin-bottom:12.0pt;line-height:12.0pt;page-break-after: avoid}tr.ce{height:34.8pt}td.ci{border:solid #00386B 1.0pt;border-right:solid windowtext 1.0pt; padding:0cm 5.4pt 0cm 5.4pt;height:34.8pt}td.ch{width:202.1pt;border-top:none;border-left: none;border-bottom:solid windowtext 1.0pt;border-right:solid windowtext 1.0pt; padding:0cm 5.4pt 0cm 5.4pt;height:34.8pt}td.cg{width:81.35pt;border-top:solid #00386B 1.0pt; border-left:none;border-bottom:solid windowtext 1.0pt;border-right:none; padding:0cm 5.4pt 0cm 5.4pt;height:34.8pt}td.cf{width:113.95pt;border-top:none;border-left: none;border-bottom:solid windowtext 1.0pt;border-right:solid #00386B 1.0pt; padding:0cm 5.4pt 0cm 5.4pt;height:34.8pt}tr.by{height:44.7pt}td.cd{border-top:none;border-left:solid #00386B 1.0pt; border-bottom:solid windowtext 1.0pt;border-right:solid windowtext 1.0pt; padding:0cm 5.4pt 0cm 5.4pt;height:44.7pt}td.cc{width:202.1pt;border-top:none;border-left: none;border-bottom:solid windowtext 1.0pt;border-right:solid windowtext 1.0pt; padding:0cm 5.4pt 0cm 5.4pt;height:44.7pt}td.ca{width:81.35pt;border-top:none;border-left: none;border-bottom:solid windowtext 1.0pt;border-right:solid windowtext 1.0pt; padding:0cm 5.4pt 0cm 5.4pt;height:44.7pt}
p.ee{margin-top:0cm;margin-right:0cm;margin-bottom:10.0pt;margin-left:0cm;line-height:115%;font-size:11.0pt;font-family:""Calibri"",""sans-serif"";margin-bottom:0cm;margin-bottom:.0001pt;line-height: 12.0pt}td.bz{width:113.95pt;border-top:none;border-left: none;border-bottom:solid windowtext 1.0pt;border-right:solid windowtext 1.0pt; padding:0cm 5.4pt 0cm 5.4pt;height:44.7pt}td.bx{border:solid windowtext 1.0pt;border-top:none; padding:0cm 5.4pt 0cm 5.4pt}td.bw{width:202.1pt;border:none;border-right:solid windowtext 1.0pt; padding:0cm 5.4pt 0cm 5.4pt}td.bv{width:202.1pt;border-top:solid #00386B 1.0pt; border-left:none;border-bottom:solid #00386B 1.0pt;border-right:solid windowtext 1.0pt; padding:0cm 5.4pt 0cm 5.4pt}td.bu{width:206.1pt;border-top:none; border-left:none;border-bottom:solid #00386B 1.0pt;border-right:solid #00386B 1.0pt; padding:0cm 5.4pt 0cm 5.4pt}span.bt{font-size:10.0pt;line-height:115%;font-family:""TESCO Modern""}span.bs{font-size:10.0pt;line-height:115%; font-family:""TESCO Modern""}td.br{border-top:solid #00386B 1.0pt;border-left: none;border-bottom:none;border-right:solid #00386B 1.0pt;padding:0cm 5.4pt 0cm 5.4pt}td.bq{width:224.25pt;border:solid windowtext 1.0pt; border-left:none;padding:0cm 5.4pt 0cm 5.4pt}
td.bp{width:207.4pt;border:solid #00386B 1.0pt; border-left:none;padding:0cm 5.4pt 0cm 5.4pt}td.bo{border:none;border-right:solid #00386B 1.0pt; padding:0cm 5.4pt 0cm 5.4pt}td.bn{width:224.25pt;border-top:solid windowtext 1.0pt; border-left:none;border-bottom:solid #00386B 1.0pt;border-right:solid windowtext 1.0pt; padding:0cm 5.4pt 0cm 5.4pt}td.bm{width:224.25pt;border-top:none;border-left: none;border-bottom:solid windowtext 1.0pt;border-right:solid windowtext 1.0pt; padding:0cm 5.4pt 0cm 5.4pt}td.bl{width:207.4pt;border:none; border-right:solid #00386B 1.0pt;padding:0cm 5.4pt 0cm 5.4pt}td.bk{border:solid #00386B 1.0pt;border-right:none; padding:0cm 5.4pt 0cm 5.4pt}td.bj{border-top:none;border-left:none;border-bottom: solid #00386B 1.0pt;border-right:solid #00386B 1.0pt;padding:0cm 5.4pt 0cm 5.4pt}td.bi{width:224.25pt;border-top:none;border-left: none;border-bottom:solid #00386B 1.0pt;border-right:solid windowtext 1.0pt; padding:0cm 5.4pt 0cm 5.4pt}tr.bd{height:30.45pt}td.bh{border:solid #00386B 1.0pt;border-right:solid windowtext 1.0pt; padding:0cm 5.4pt 0cm 5.4pt;height:30.45pt}
td.bg{width:224.25pt;border-top:none;border-left: none;border-bottom:solid windowtext 1.0pt;border-right:solid windowtext 1.0pt; padding:0cm 5.4pt 0cm 5.4pt;height:30.45pt}td.bf{width:65.7pt;border-top:solid #00386B 1.0pt; border-left:none;border-bottom:solid windowtext 1.0pt;border-right:none; padding:0cm 5.4pt 0cm 5.4pt;height:30.45pt}td.be{border-top:none;border-left:none;border-bottom:solid windowtext 1.0pt; border-right:solid #00386B 1.0pt;padding:0cm 5.4pt 0cm 5.4pt;height:30.45pt}tr.ay{height:48.6pt}td.bc{border-top:none;border-left:solid #00386B 1.0pt; border-bottom:solid windowtext 1.0pt;border-right:solid windowtext 1.0pt; padding:0cm 5.4pt 0cm 5.4pt;height:48.6pt}td.bb{width:224.25pt;border-top:none;border-left: none;border-bottom:solid windowtext 1.0pt;border-right:solid windowtext 1.0pt; padding:0cm 5.4pt 0cm 5.4pt;height:48.6pt}td.ba{width:65.7pt;border-top:none;border-left:none; border-bottom:solid windowtext 1.0pt;border-right:solid windowtext 1.0pt; padding:0cm 5.4pt 0cm 5.4pt;height:48.6pt}td.az{border-top:none;border-left:none;border-bottom:solid windowtext 1.0pt; border-right:solid windowtext 1.0pt;padding:0cm 5.4pt 0cm 5.4pt;height:48.6pt}td.ax{width:224.25pt;border:none;border-right:solid windowtext 1.0pt; padding:0cm 5.4pt 0cm 5.4pt}td.aw{border-top:none;border-left:solid #00386B 1.0pt; border-bottom:solid #00386B 1.0pt;border-right:solid windowtext 1.0pt; padding:0cm 5.4pt 0cm 5.4pt}
td.av{width:224.25pt;border-top:solid #00386B 1.0pt; border-left:none;border-bottom:solid #00386B 1.0pt;border-right:solid windowtext 1.0pt; padding:0cm 5.4pt 0cm 5.4pt}td.au{width:207.4pt;border-top:none; border-left:none;border-bottom:solid #00386B 1.0pt;border-right:solid #00386B 1.0pt; padding:0cm 5.4pt 0cm 5.4pt}tr.ap{height:37.55pt}td.at{border:solid #00386B 1.0pt;border-right:solid windowtext 1.0pt; padding:0cm 5.4pt 0cm 5.4pt;height:37.55pt}td.as{width:224.25pt;border-top:none;border-left: none;border-bottom:solid windowtext 1.0pt;border-right:solid windowtext 1.0pt; padding:0cm 5.4pt 0cm 5.4pt;height:37.55pt}td.ar{width:66.25pt;border-top:solid #00386B 1.0pt; border-left:none;border-bottom:solid windowtext 1.0pt;border-right:none; padding:0cm 5.4pt 0cm 5.4pt;height:37.55pt}td.aq{border-top:none;border-left:none;border-bottom:solid windowtext 1.0pt; border-right:solid #00386B 1.0pt;padding:0cm 5.4pt 0cm 5.4pt;height:37.55pt}tr.ak{height:41.6pt}td.ao{border-top:none;border-left:solid #00386B 1.0pt; border-bottom:solid windowtext 1.0pt;border-right:solid windowtext 1.0pt; padding:0cm 5.4pt 0cm 5.4pt;height:41.6pt}td.an{width:224.25pt;border-top:none;border-left: none;border-bottom:solid windowtext 1.0pt;border-right:solid windowtext 1.0pt; padding:0cm 5.4pt 0cm 5.4pt;height:41.6pt}
td.am{width:66.25pt;border-top:none;border-left: none;border-bottom:solid windowtext 1.0pt;border-right:solid windowtext 1.0pt; padding:0cm 5.4pt 0cm 5.4pt;height:41.6pt}td.al{border-top:none;border-left:none;border-bottom:solid windowtext 1.0pt; border-right:solid windowtext 1.0pt;padding:0cm 5.4pt 0cm 5.4pt;height:41.6pt}td.aj{width:54.7pt;border-top:solid #00386B 1.0pt; border-left:none;border-bottom:solid windowtext 1.0pt;border-right:none; padding:0cm 5.4pt 0cm 5.4pt;height:37.55pt}td.ai{width:54.7pt;border-top:none;border-left:none; border-bottom:solid windowtext 1.0pt;border-right:solid windowtext 1.0pt; padding:0cm 5.4pt 0cm 5.4pt;height:41.6pt}td.ah{border:solid windowtext 1.0pt;border-left:none; padding:0cm 5.4pt 0cm 5.4pt}td.ag{border:solid #00386B 1.0pt;border-left:none; padding:0cm 5.4pt 0cm 5.4pt}td.af{border-top:solid windowtext 1.0pt;border-left:none; border-bottom:solid #00386B 1.0pt;border-right:solid windowtext 1.0pt; padding:0cm 5.4pt 0cm 5.4pt}td.ae{border-top:none;border-left:none;border-bottom:solid windowtext 1.0pt; border-right:solid windowtext 1.0pt;padding:0cm 5.4pt 0cm 5.4pt}td.ad{border-top:none;border-left:none;border-bottom:solid #00386B 1.0pt; border-right:solid windowtext 1.0pt;padding:0cm 5.4pt 0cm 5.4pt}tr.y{height:23.35pt}
td.ac{border:solid #00386B 1.0pt;border-right:solid windowtext 1.0pt; padding:0cm 5.4pt 0cm 5.4pt;height:23.35pt}td.ab{border-top:none;border-left:none;border-bottom:solid windowtext 1.0pt; border-right:solid windowtext 1.0pt;padding:0cm 5.4pt 0cm 5.4pt;height:23.35pt}td.aa{border-top:solid #00386B 1.0pt;border-left:none; border-bottom:solid windowtext 1.0pt;border-right:none;padding:0cm 5.4pt 0cm 5.4pt; height:23.35pt}td.z{border-top:none;border-left:none;border-bottom:solid windowtext 1.0pt; border-right:solid #00386B 1.0pt;padding:0cm 5.4pt 0cm 5.4pt;height:23.35pt}tr.v{height:38.6pt}td.x{border-top:none;border-left:solid #00386B 1.0pt; border-bottom:solid windowtext 1.0pt;border-right:solid windowtext 1.0pt; padding:0cm 5.4pt 0cm 5.4pt;height:38.6pt}td.w{border-top:none;border-left:none;border-bottom:solid windowtext 1.0pt; border-right:solid windowtext 1.0pt;padding:0cm 5.4pt 0cm 5.4pt;height:38.6pt}td.u{border:none;border-right:solid windowtext 1.0pt; padding:0cm 5.4pt 0cm 5.4pt}tr.q{height:18.15pt}td.t{border:solid windowtext 1.0pt;border-top:none; padding:0cm 5.4pt 0cm 5.4pt;height:18.15pt}
td.s{border-top:solid #00386B 1.0pt;border-left:none; border-bottom:solid #00386B 1.0pt;border-right:solid windowtext 1.0pt; padding:0cm 5.4pt 0cm 5.4pt;height:18.15pt}td.r{border:solid #00386B 1.0pt;border-left:none; padding:0cm 5.4pt 0cm 5.4pt;height:18.15pt} .fr-view-element{font-family: sans-serif;font-size: 12pt;line-height: 140%;padding: 20px;box-sizing: border-box;overflow-x: auto;min-height: 60px;text-align: left;margin-bottom: 10px;width: 837px;} .fr-view-element img{padding: 0 1px;} .fr-view-element .p{margin: 63.8pt 1.6cm 62.35pt 1.6cm;} .fr-view-element p{font-size: 10pt;}
/\*\*/
/\*\*/
/\*\*/
/\*]]>\*/

RNS Number : 9513S

Tesco PLC

01 September 2026

PDMR SHAREHOLDING

 

1 September 2026

 

Tesco PLC (the ""Company"")

 

Purchase of shares under the Tesco PLC Share Incentive Plan (the ""SIP"")

The Company has been notified that on 28 August 2026, the Trustees of the SIP purchased Ordinary Shares of 6 1/3 pence each in the Company under the SIP's Partnership Share Scheme on behalf of the following Persons Discharging Managerial Responsibilities (""PDMRs"") as set out below:  

 

|  |  |  |  |
| --- | --- | --- | --- |
| Name of PDMR | Number of shares acquired | Purchase price per share | Date acquired |
| Ken Murphy | 30 | £4.5564 | 28 August 2026 |
| Guus Dekkers | 30 | £4.5564 | 28 August 2026 |
| Kay Majid | 24 | £4.5564 | 28 August 2026 |
| Jonny McQuarrie | 6 | £4.5564 | 28 August 2026 |
| Ashwin Prasad | 31 | £4.5564 | 28 August 2026 |

 

The Notification of Dealing Form for each PDMR can be found below.  This announcement is made in accordance with the UK Market Abuse Regulation (Regulation (EU) 596/2014, as it forms part of domestic law by virtue of the European Union (Withdrawal) Act 2018).

 

For enquiries, please contact:

Chris Taylor, Group Company Secretary

Tesco PLC

Tesco House

Shire Park

Kestrel Way

Welwyn Garden City

Hertfordshire

AL7 1GA

Email: CompanySecretary@tesco.com

LEI Number: 2138002P5RNKC5W2JZ46

 

 

|  |  |  |  |
| --- | --- | --- | --- |
| 1 | Details of the person discharging managerial responsibilities/person closely associated | | |
| a) | Name | Ken Murphy | |
| 2 | Reason for the notification | | |
| a) | Position/status | Group Chief Executive Officer | |
| b) | Initial notification /Amendment | Initial Notification | |
| 3 | Details of the issuer, emission allowance market participant, auction platform, auctioneer or auction monitor | | |
| a) | Name | Tesco PLC | |
| b) | Legal Entity Identifier | 2138002P5RNKC5W2JZ46 | |
| 4 | Details of the transaction(s): section to be repeated for (i) each type of instrument; (ii) each type of transaction; (iii) each date; and (iv) each place where transactions have been conducted | | |
| a) | Description of the financial instrument, type of instrument     Identification code | Ordinary shares of 6 1/3 pence each        GB00BLGZ9862 | |
| b) | Nature of the transaction | Purchase of shares by the Trustees under the Partnership Share Scheme of the Company's Share Incentive Plan | |
| c) | Currency | GBP |  |
| d) | Price(s) and volume(s) | Price(s)  £4.5564 | Volume(s)  30 |
| e) | Aggregated information  - Aggregated volume  - Aggregated Price  - Aggregated Total | 30     £4.5564     £136.69 | |
| f) | Date of the transaction | 2026-08-28 | |
| g) | Place of the transaction | London Stock Exchange, Main Market (XLON) | |

  
  

 

|  |  |  |  |
| --- | --- | --- | --- |
| 1 | Details of the person discharging managerial responsibilities/person closely associated | | |
| a) | Name | Guus Dekkers | |
| 2 | Reason for the notification | | |
| a) | Position/status | Chief Technology Officer | |
| b) | Initial notification /Amendment | Initial Notification | |
| 3 | Details of the issuer, emission allowance market participant, auction platform, auctioneer or auction monitor | | |
| a) | Name | Tesco PLC | |
| b) | Legal Entity Identifier | 2138002P5RNKC5W2JZ46 | |
| 4 | Details of the transaction(s): section to be repeated for (i) each type of instrument; (ii) each type of transaction; (iii) each date; and (iv) each place where transactions have been conducted | | |
| a) | Description of the financial instrument, type of instrument     Identification code | Ordinary shares of 6 1/3 pence each        GB00BLGZ9862 | |
| b) | Nature of the transaction | Purchase of shares by the Trustees under the Partnership Share Scheme of the Company's Share Incentive Plan | |
| c) | Currency | GBP |  |
| d) | Price(s) and volume(s) | Price(s)  £4.5564 | Volume(s)  30 |
| e) | Aggregated information  - Aggregated volume  - Aggregated Price  - Aggregated Total | 30     £4.5564     £136.69 | |
| f) | Date of the transaction | 2026-08-28 | |
| g) | Place of the transaction | London Stock Exchange, Main Market (XLON) | |

  
  

 

|  |  |  |  |
| --- | --- | --- | --- |
| 1 | Details of the person discharging managerial responsibilities/person closely associated | | |
| a) | Name | Kay Majid | |
| 2 | Reason for the notification | | |
| a) | Position/status | Group General Counsel | |
| b) | Initial notification /Amendment | Initial Notification | |
| 3 | Details of the issuer, emission allowance market participant, auction platform, auctioneer or auction monitor | | |
| a) | Name | Tesco PLC | |
| b) | Legal Entity Identifier | 2138002P5RNKC5W2JZ46 | |
| 4 | Details of the transaction(s): section to be repeated for (i) each type of instrument; (ii) each type of transaction; (iii) each date; and (iv) each place where transactions have been conducted | | |
| a) | Description of the financial instrument, type of instrument     Identification code | Ordinary shares of 6 1/3 pence each        GB00BLGZ9862 | |
| b) | Nature of the transaction | Purchase of shares by the Trustees under the Partnership Share Scheme of the Company's Share Incentive Plan | |
| c) | Currency | GBP |  |
| d) | Price(s) and volume(s) | Price(s)  £4.5564 | Volume(s)  24 |
| e) | Aggregated information  - Aggregated volume  - Aggregated Price  - Aggregated Total | 24     £4.5564     £109.35 | |
| f) | Date of the transaction | 2026-08-28 | |
| g) | Place of the transaction | London Stock Exchange, Main Market (XLON) | |

  
  

 

|  |  |  |  |
| --- | --- | --- | --- |
| 1 | Details of the person discharging managerial responsibilities/person closely associated | | |
| a) | Name | Jonny McQuarrie | |
| 2 | Reason for the notification | | |
| a) | Position/status | CEO, Central Europe | |
| b) | Initial notification /Amendment | Initial Notification | |
| 3 | Details of the issuer, emission allowance market participant, auction platform, auctioneer or auction monitor | | |
| a) | Name | Tesco PLC | |
| b) | Legal Entity Identifier | 2138002P5RNKC5W2JZ46 | |
| 4 | Details of the transaction(s): section to be repeated for (i) each type of instrument; (ii) each type of transaction; (iii) each date; and (iv) each place where transactions have been conducted | | |
| a) | Description of the financial instrument, type of instrument     Identification code | Ordinary shares of 6 1/3 pence each        GB00BLGZ9862 | |
| b) | Nature of the transaction | Purchase of shares by the Trustees under the Partnership Share Scheme of the Company's Share Incentive Plan | |
| c) | Currency | GBP |  |
| d) | Price(s) and volume(s) | Price(s)  £4.5564 | Volume(s)  6 |
| e) | Aggregated information  - Aggregated volume  - Aggregated Price  - Aggregated Total | 6     £4.5564     £27.34 | |
| f) | Date of the transaction | 2026-08-28 | |
| g) | Place of the transaction | London Stock Exchange, Main Market (XLON) | |

  
  

 

|  |  |  |  |
| --- | --- | --- | --- |
| 1 | Details of the person discharging managerial responsibilities/person closely associated | | |
| a) | Name | Ashwin Prasad | |
| 2 | Reason for the notification | | |
| a) | Position/status | UK CEO | |
| b) | Initial notification /Amendment | Initial Notification | |
| 3 | Details of the issuer, emission allowance market participant, auction platform, auctioneer or auction monitor | | |
| a) | Name | Tesco PLC | |
| b) | Legal Entity Identifier | 2138002P5RNKC5W2JZ46 | |
| 4 | Details of the transaction(s): section to be repeated for (i) each type of instrument; (ii) each type of transaction; (iii) each date; and (iv) each place where transactions have been conducted | | |
| a) | Description of the financial instrument, type of instrument     Identification code | Ordinary shares of 6 1/3 pence each        GB00BLGZ9862 | |
| b) | Nature of the transaction | Purchase of shares by the Trustees under the Partnership Share Scheme of the Company's Share Incentive Plan | |
| c) | Currency | GBP |  |
| d) | Price(s) and volume(s) | Price(s)  £4.5564 | Volume(s)  31 |
| e) | Aggregated information  - Aggregated volume  - Aggregated Price  - Aggregated Total | 31     £4.5564     £141.25 | |
| f) | Date of the transaction | 2026-08-28 | |
| g) | Place of the transaction | London Stock Exchange, Main Market (XLON) | |

This information is provided by RNS, the news service of the London Stock Exchange. RNS is approved by the Financial Conduct Authority to act as a Primary Information Provider in the United Kingdom. Terms and conditions relating to the use and distribution of this information may apply. For further information, please contact [rns@lseg.com](mailto:rns@lseg.com) or visit [www.rns.com](http://www.rns.com/).  
  
RNS may use your IP address to confirm compliance with the terms and conditions, to analyse how you engage with the information contained in this communication, and to share such analysis on an anonymised basis with others as part of our commercial services. For further information about how RNS and the London Stock Exchange use the personal data you provide us, please see our [Privacy Policy](https://www.lseg.com/privacy-and-cookie-policy).

END

DSHLFLFBQKLEBBQ",452010,"Personal Care, Drug and Grocery Stores "
17765751,2026-09-01 14:00:01,Total Voting Rights,Burberry Group PLC,BRBY,TVR,RNS,9604S,https://www.londonstockexchange.com/news-article/BRBY/total-voting-rights/17765751,"/\*<![CDATA[\*/
/\*\*/
/\*\*/
h1{margin-top:18.0pt;margin-right:0cm;margin-bottom:4.0pt;margin-left:0cm;line-height:115%;font-size:20.0pt;font-family:""Aptos Display"",""sans-serif"";color:#0F4761;font-weight:normal;}h2{margin-top:8.0pt;margin-right:0cm;margin-bottom:4.0pt;margin-left:0cm;line-height:115%;font-size:16.0pt;font-family:""Aptos Display"",""sans-serif"";color:#0F4761;font-weight:normal;}h3{margin-top:8.0pt;margin-right:0cm;margin-bottom:4.0pt;margin-left:0cm;line-height:115%;font-size:14.0pt;font-family:""Aptos"",""sans-serif"";color:#0F4761;font-weight:normal;}h4{margin-top:4.0pt;margin-right:0cm;margin-bottom:2.0pt;margin-left:0cm;line-height:115%;font-size:12.0pt;font-family:""Aptos"",""sans-serif"";color:#0F4761;font-weight:normal;font-style:italic;}h5{margin-top:4.0pt;margin-right:0cm;margin-bottom:2.0pt;margin-left:0cm;line-height:115%;font-size:12.0pt;font-family:""Aptos"",""sans-serif"";color:#0F4761;font-weight:normal;}h6{margin-top:2.0pt;margin-right:0cm;margin-bottom:0cm;margin-left:0cm;margin-bottom:.0001pt;line-height:115%;font-size:12.0pt;font-family:""Aptos"",""sans-serif"";color:#595959;font-weight:normal;font-style:italic;}
.ak{size:595.3pt 841.9pt;margin:72.0pt 72.0pt 72.0pt 72.0pt;}div.ak{}p.ap{margin:0cm;margin-bottom:.0001pt;font-size:12.0pt;font-family:""Aptos"",""sans-serif"";text-align:center}span.an{font-size:11.0pt}p.aq{margin:0cm;margin-bottom:.0001pt;font-size:12.0pt;font-family:""Aptos"",""sans-serif"";text-align:justify}p.l,li.l,div.l{margin:0cm;margin-bottom:.0001pt;font-size:12.0pt;font-family:""Aptos"",""sans-serif"";}p.a,li.a,div.a{margin-top:0cm;margin-right:0cm;margin-bottom:8.0pt;margin-left:0cm;line-height:115%;font-size:12.0pt;font-family:""Aptos"",""sans-serif"";} .fr-view-element{font-family: sans-serif;font-size: 12pt;line-height: 140%;padding: 20px;box-sizing: border-box;overflow-x: auto;min-height: 60px;text-align: left;margin-bottom: 10px;width: 837px;} .fr-view-element img{padding: 0 1px;} .fr-view-element .ak{margin: 63.8pt 1.6cm 62.35pt 1.6cm;} .fr-view-element p{font-size: 10pt;}
/\*\*/
/\*\*/
/\*]]>\*/

RNS Number : 9604S

Burberry Group PLC

01 September 2026

BURBERRY GROUP PLC (the ""Company"")

TOTAL VOTING RIGHTS

   
 In accordance with the FCA's Disclosure Guidance and Transparency Rule 5.6.1, the Company's issued share capital as at 31 August 2026 consisted of 363,849,840 Ordinary shares of 0.05 pence per share including 2,839,220 Ordinary Shares held in Treasury. Ordinary Shares held in Treasury do not carry any voting rights.

 

Therefore, the total number of voting rights in the Company is 361,010,620 and this figure may be used by shareholders as the denominator for the calculations by which they will determine if they are required to notify their interest in, or a change to their interest in, the Company under the FCA's Disclosure Guidance and Transparency Rules.

 

 

 

For further information please contact:

 

Stephanie Mackie

Director - Company Secretariat

+44 (0)7780 250631 

 

1 September 2026

This information is provided by RNS, the news service of the London Stock Exchange. RNS is approved by the Financial Conduct Authority to act as a Primary Information Provider in the United Kingdom. Terms and conditions relating to the use and distribution of this information may apply. For further information, please contact [rns@lseg.com](mailto:rns@lseg.com) or visit [www.rns.com](http://www.rns.com/).  
  
RNS may use your IP address to confirm compliance with the terms and conditions, to analyse how you engage with the information contained in this communication, and to share such analysis on an anonymised basis with others as part of our commercial services. For further information about how RNS and the London Stock Exchange use the personal data you provide us, please see our [Privacy Policy](https://www.lseg.com/privacy-and-cookie-policy).

END

TVRKZGGLFMNGVZM",402040,Personal Goods
17765708,2026-09-01 13:45:00,Holding(s) in Company,Sainsbury(J) PLC,SBRY,HOL,RNS,9554S,https://www.londonstockexchange.com/news-article/SBRY/holdings-in-company/17765708,"/\*<![CDATA[\*/
/\*\*/
/\*\*/
/\*\*/
sup{font-size:80%}p{margin-right:0cm;margin-left:0cm;font-size:12.0pt;font-family:""Times New Roman"",""serif"";}
div.aw{size:612.0pt 792.0pt;margin:72.0pt 72.0pt 72.0pt 72.0pt;margin-left:22.5pt;margin-right:22.5pt}p.at{text-align:center}span.au{font-size:11.0pt; font-family:""Verdana"",""sans-serif""}div.ar{margin-top:7.5pt;margin-bottom:7.5pt}p.ax{margin:0cm;margin-bottom:.0001pt;font-size:12.0pt;font-family:""Times New Roman"",""serif"";background:#7C173A}div.ap{margin-left:7.5pt}p.a,li.a,div.a{margin:0cm;margin-bottom:.0001pt;font-size:12.0pt;font-family:""Times New Roman"",""serif"";}span.aq{font-size:11.0pt;font-family:""Verdana"",""sans-serif""}div.ao{border:solid #666666 1.0pt;padding:0cm 0cm 0cm 0cm;margin-left: 9.75pt;margin-top:3.75pt;margin-bottom:7.5pt}div.an{margin-left:1.5pt}
div.am{border:solid #666666 1.0pt;padding:0cm 0cm 0cm 0cm;margin-left: 1.5pt;margin-top:3.75pt;margin-bottom:7.5pt}table.ay{width:421.2pt;margin-left:-.75pt;border-collapse:collapse;border:none}td.ak{border-top:solid #666666 1.0pt;border-left:solid #666666 1.0pt; border-bottom:none;border-right:none;padding:.75pt .75pt .75pt .75pt}p.az{margin:0cm;margin-bottom:.0001pt;font-size:12.0pt;font-family:""Times New Roman"",""serif"";text-align:center}span.al{color:white}td.ai{border:solid #666666 1.0pt;padding:.75pt .75pt .75pt 6.0pt}span.aj{font-size:7.5pt;font-family: ""Verdana"",""sans-serif""}td.ah{border:solid #666666 1.0pt;border-left:none; padding:.75pt .75pt .75pt 6.0pt}td.af{border:solid #666666 1.0pt;padding:.75pt .75pt .75pt .75pt}p.ba{margin:0cm;margin-bottom:.0001pt;font-size:12.0pt;font-family:""Times New Roman"",""serif"";margin-top:3.75pt;margin-right:0cm;margin-bottom: 7.5pt;margin-left:9.75pt}
td.ae{border-top:none;border-left:none;border-bottom:solid #666666 1.0pt; border-right:solid #666666 1.0pt;padding:.75pt .75pt .75pt .75pt}td.ad{border:solid #666666 1.0pt;border-top:none;padding:.75pt .75pt .75pt .75pt}table.bb{width:421.2pt;margin-left:-1.5pt;border-collapse:collapse;border:none}td.ab{width:20.0%;border:solid #666666 1.0pt;padding:.75pt .75pt .75pt 1.5pt}td.aa{border:solid #666666 1.0pt;border-left:none; padding:.75pt .75pt .75pt 1.5pt}td.x{width:20.0%;border:solid #666666 1.0pt;border-top: none;padding:.75pt .75pt .75pt .75pt}p.bc{margin:0cm;margin-bottom:.0001pt;font-size:12.0pt;font-family:""Times New Roman"",""serif"";margin-top:3.75pt;margin-right:0cm;margin-bottom: 7.5pt;margin-left:2.25pt}span.z{font-size:10.0pt; font-family:""Verdana"",""sans-serif""}span.w{font-size:10.0pt;font-family:""Verdana"",""sans-serif""}td.u{border:solid #666666 1.0pt;border-top:none; padding:.75pt .75pt .75pt 1.5pt}
span.v{font-size:7.5pt;font-family:""Verdana"",""sans-serif""}td.t{border-top:none;border-left:none;border-bottom:solid #666666 1.0pt; border-right:solid #666666 1.0pt;padding:.75pt .75pt .75pt .75pt}td.r{width:16.0%;border:solid #666666 1.0pt;border-left: none;padding:.75pt .75pt .75pt 1.5pt}td.q{width:20.0%;border:solid #666666 1.0pt;border-left: none;padding:.75pt .75pt .75pt 1.5pt}td.p{width:17.0%;border:solid #666666 1.0pt;border-left: none;padding:.75pt .75pt .75pt 1.5pt}p.bd{margin:0cm;margin-bottom:.0001pt;font-size:12.0pt;font-family:""Times New Roman"",""serif"";margin-top:3.75pt;margin-right:0cm;margin-bottom: 7.5pt;margin-left:3.75pt}td.n{width:16.0%;border-top:none;border-left:none; border-bottom:solid #666666 1.0pt;border-right:solid #666666 1.0pt; padding:.75pt .75pt .75pt .75pt}td.l{width:20.0%;border-top:none;border-left:none; border-bottom:solid #666666 1.0pt;border-right:solid #666666 1.0pt; padding:.75pt .75pt .75pt .75pt}span.m{font-size:10.0pt}td.k{width:17.0%;border-top:none;border-left:none; border-bottom:solid #666666 1.0pt;border-right:solid #666666 1.0pt; padding:.75pt .75pt .75pt .75pt}
td.j{width:15.0%;border:solid #666666 1.0pt;padding:.75pt .75pt .75pt 1.5pt}td.i{width:15.0%;border:solid #666666 1.0pt;border-top: none;padding:.75pt .75pt .75pt .75pt} .fr-view-element{font-family: sans-serif;font-size: 12pt;line-height: 140%;padding: 20px;box-sizing: border-box;overflow-x: auto;min-height: 60px;text-align: left;margin-bottom: 10px;width: 837px;} .fr-view-element img{padding: 0 1px;} .fr-view-element .WordSection1\_tidyNotWord-40{margin: 63.8pt 1.6cm 62.35pt 1.6cm;} .fr-view-element p{font-size: 10pt;}
/\*\*/
/\*\*/
/\*\*/
/\*]]>\*/

RNS Number : 9554S

Sainsbury(J) PLC

01 September 2026

TR-1: Standard form for notification of major holdings

1. Issuer Details

ISIN

GB00B019KW72

Issuer Name

J SAINSBURY PLC

UK or Non-UK Issuer

UK

2. Reason for Notification

An acquisition or disposal of voting rights

3. Details of person subject to the notification obligation

Name

BlackRock, Inc.

City of registered office (if applicable)

Wilmington

Country of registered office (if applicable)

USA

4. Details of the shareholder

Full name of shareholder(s) if different from the person(s) subject to the notification obligation, above

City of registered office (if applicable)

Country of registered office (if applicable)

5. Date on which the threshold was crossed or reached

28-Aug-2026

6. Date on which Issuer notified

31-Aug-2026

7. Total positions of person(s) subject to the notification obligation

|  |  |  |  |  |
| --- | --- | --- | --- | --- |
|  | % of voting rights attached to shares (total of 8.A) | % of voting rights through financial instruments (total of 8.B 1 + 8.B 2) | Total of both in % (8.A + 8.B) | Total number of voting rights held in issuer |
| Resulting situation on the date on which threshold was crossed or reached | 4.960000 | 3.770000 | 8.730000 | 193712749 |
| Position of previous notification (if applicable) | 5.070000 | 4.090000 | 9.160000 |  |

8. Notified details of the resulting situation on the date on which the threshold was crossed or reached

8A. Voting rights attached to shares

|  |  |  |  |  |
| --- | --- | --- | --- | --- |
| Class/Type of shares ISIN code(if possible) | Number of direct voting rights (DTR5.1) | Number of indirect voting rights (DTR5.2.1) | % of direct voting rights (DTR5.1) | % of indirect voting rights (DTR5.2.1) |
| GB00B019KW72 |  | 109951413 |  | 4.960000 |
| Sub Total 8.A | 109951413 | | 4.960000% | |

8B1. Financial Instruments according to (DTR5.3.1R.(1) (a))

|  |  |  |  |  |
| --- | --- | --- | --- | --- |
| Type of financial instrument | Expiration date | Exercise/conversion period | Number of voting rights that may be acquired if the instrument is exercised/converted | % of voting rights |
| American Depositary Receipt |  |  | 1425144 | 0.060000 |
| Securities Lending |  |  | 36378346 | 1.640000 |
| Sub Total 8.B1 |  | | 37803490 | 1.700000% |

8B2. Financial Instruments with similar economic effect according to (DTR5.3.1R.(1) (b))

|  |  |  |  |  |  |
| --- | --- | --- | --- | --- | --- |
| Type of financial instrument | Expiration date | Exercise/conversion period | Physical or cash settlement | Number of voting rights | % of voting rights |
| CFD |  |  | Cash | 45957846 | 2.070000 |
| Sub Total 8.B2 |  | | | 45957846 | 2.070000% |

9. Information in relation to the person subject to the notification obligation

2. Full chain of controlled undertakings through which the voting rights and/or the financial instruments are effectively held starting with the ultimate controlling natural person or legal entities (please add additional rows as necessary)

|  |  |  |  |  |
| --- | --- | --- | --- | --- |
| Ultimate controlling person | Name of controlled undertaking | % of voting rights if it equals or is higher than the notifiable threshold | % of voting rights through financial instruments if it equals or is higher than the notifiable threshold | Total of both if it equals or is higher than the notifiable threshold |
| BlackRock, Inc. (Chain 1) | BlackRock Saturn Subco, LLC |  |  |  |
| BlackRock, Inc. (Chain 1) | BlackRock Finance, Inc. |  |  |  |
| BlackRock, Inc. (Chain 1) | BlackRock Holdco 2, Inc. |  |  |  |
| BlackRock, Inc. (Chain 1) | BlackRock Financial Management, Inc. |  |  |  |
| BlackRock, Inc. (Chain 1) | BlackRock International Holdings, Inc. |  |  |  |
| BlackRock, Inc. (Chain 1) | BR Jersey International Holdings L.P. |  |  |  |
| BlackRock, Inc. (Chain 1) | BlackRock (Singapore) Holdco Pte. Ltd. |  |  |  |
| BlackRock, Inc. (Chain 1) | BlackRock HK Holdco Limited |  |  |  |
| BlackRock, Inc. (Chain 1) | BlackRock Lux Finco S.a.r.l. |  |  |  |
| BlackRock, Inc. (Chain 1) | BlackRock Japan Holdings GK |  |  |  |
| BlackRock, Inc. (Chain 1) | BlackRock Japan Co., Ltd. |  |  |  |
| BlackRock, Inc. (Chain 2) | BlackRock Saturn Subco, LLC |  |  |  |
| BlackRock, Inc. (Chain 2) | BlackRock Finance, Inc. |  |  |  |
| BlackRock, Inc. (Chain 2) | Trident Merger, LLC |  |  |  |
| BlackRock, Inc. (Chain 2) | BlackRock Investment Management, LLC |  |  |  |
| BlackRock, Inc. (Chain 3) | BlackRock Saturn Subco, LLC |  |  |  |
| BlackRock, Inc. (Chain 3) | BlackRock Finance, Inc. |  |  |  |
| BlackRock, Inc. (Chain 3) | BlackRock Holdco 2, Inc. |  |  |  |
| BlackRock, Inc. (Chain 3) | BlackRock Financial Management, Inc. |  |  |  |
| BlackRock, Inc. (Chain 3) | BlackRock International Holdings, Inc. |  |  |  |
| BlackRock, Inc. (Chain 3) | BR Jersey International Holdings L.P. |  |  |  |
| BlackRock, Inc. (Chain 3) | BlackRock Holdco 3, LLC |  |  |  |
| BlackRock, Inc. (Chain 3) | BlackRock Cayman 1 LP |  |  |  |
| BlackRock, Inc. (Chain 3) | BlackRock Cayman West Bay Finco Limited |  |  |  |
| BlackRock, Inc. (Chain 3) | BlackRock Cayman West Bay IV Limited |  |  |  |
| BlackRock, Inc. (Chain 3) | BlackRock Group Limited |  |  |  |
| BlackRock, Inc. (Chain 3) | BlackRock Investment Management (UK) Limited |  |  |  |
| BlackRock, Inc. (Chain 4) | BlackRock Saturn Subco, LLC |  |  |  |
| BlackRock, Inc. (Chain 4) | BlackRock Finance, Inc. |  |  |  |
| BlackRock, Inc. (Chain 4) | BlackRock Holdco 2, Inc. |  |  |  |
| BlackRock, Inc. (Chain 4) | BlackRock Financial Management, Inc. |  |  |  |
| BlackRock, Inc. (Chain 4) | BlackRock International Holdings, Inc. |  |  |  |
| BlackRock, Inc. (Chain 4) | BR Jersey International Holdings L.P. |  |  |  |
| BlackRock, Inc. (Chain 4) | BlackRock Australia Holdco Pty. Ltd. |  |  |  |
| BlackRock, Inc. (Chain 4) | BlackRock Investment Management (Australia) Limited |  |  |  |
| BlackRock, Inc. (Chain 5) | BlackRock Saturn Subco, LLC |  |  |  |
| BlackRock, Inc. (Chain 5) | BlackRock Finance, Inc. |  |  |  |
| BlackRock, Inc. (Chain 5) | BlackRock Holdco 2, Inc. |  |  |  |
| BlackRock, Inc. (Chain 5) | BlackRock Financial Management, Inc. |  |  |  |
| BlackRock, Inc. (Chain 5) | BlackRock International Holdings, Inc. |  |  |  |
| BlackRock, Inc. (Chain 5) | BR Jersey International Holdings L.P. |  |  |  |
| BlackRock, Inc. (Chain 5) | BlackRock Holdco 3, LLC |  |  |  |
| BlackRock, Inc. (Chain 5) | BlackRock Cayman 1 LP |  |  |  |
| BlackRock, Inc. (Chain 5) | BlackRock Cayman West Bay Finco Limited |  |  |  |
| BlackRock, Inc. (Chain 5) | BlackRock Cayman West Bay IV Limited |  |  |  |
| BlackRock, Inc. (Chain 5) | BlackRock Group Limited |  |  |  |
| BlackRock, Inc. (Chain 5) | BlackRock International Limited |  |  |  |
| BlackRock, Inc. (Chain 6) | BlackRock Saturn Subco, LLC |  |  |  |
| BlackRock, Inc. (Chain 6) | BlackRock Finance, Inc. |  |  |  |
| BlackRock, Inc. (Chain 6) | BlackRock Holdco 2, Inc. |  |  |  |
| BlackRock, Inc. (Chain 6) | BlackRock Financial Management, Inc. |  |  |  |
| BlackRock, Inc. (Chain 6) | BlackRock Holdco 4, LLC |  |  |  |
| BlackRock, Inc. (Chain 6) | BlackRock Holdco 6, LLC |  |  |  |
| BlackRock, Inc. (Chain 6) | BlackRock Delaware Holdings Inc. |  |  |  |
| BlackRock, Inc. (Chain 6) | BlackRock Institutional Trust Company, National Association |  |  |  |
| BlackRock, Inc. (Chain 7) | BlackRock Saturn Subco, LLC |  |  |  |
| BlackRock, Inc. (Chain 7) | BlackRock Finance, Inc. |  |  |  |
| BlackRock, Inc. (Chain 7) | BlackRock Holdco 2, Inc. |  |  |  |
| BlackRock, Inc. (Chain 7) | BlackRock Financial Management, Inc. |  |  |  |
| BlackRock, Inc. (Chain 7) | BlackRock Holdco 4, LLC |  |  |  |
| BlackRock, Inc. (Chain 7) | BlackRock Holdco 6, LLC |  |  |  |
| BlackRock, Inc. (Chain 7) | BlackRock Delaware Holdings Inc. |  |  |  |
| BlackRock, Inc. (Chain 7) | BlackRock Fund Advisors |  |  |  |
| BlackRock, Inc. (Chain 8) | BlackRock Saturn Subco, LLC |  |  |  |
| BlackRock, Inc. (Chain 8) | BlackRock Finance, Inc. |  |  |  |
| BlackRock, Inc. (Chain 8) | BlackRock Holdco 2, Inc. |  |  |  |
| BlackRock, Inc. (Chain 8) | BlackRock Financial Management, Inc. |  |  |  |
| BlackRock, Inc. (Chain 9) | BlackRock Saturn Subco, LLC |  |  |  |
| BlackRock, Inc. (Chain 9) | BlackRock Finance, Inc. |  |  |  |
| BlackRock, Inc. (Chain 9) | BlackRock Holdco 2, Inc. |  |  |  |
| BlackRock, Inc. (Chain 9) | BlackRock Financial Management, Inc. |  |  |  |
| BlackRock, Inc. (Chain 9) | BlackRock International Holdings, Inc. |  |  |  |
| BlackRock, Inc. (Chain 9) | BR Jersey International Holdings L.P. |  |  |  |
| BlackRock, Inc. (Chain 9) | BlackRock (Singapore) Holdco Pte. Ltd. |  |  |  |
| BlackRock, Inc. (Chain 9) | BlackRock HK Holdco Limited |  |  |  |
| BlackRock, Inc. (Chain 9) | BlackRock Asset Management North Asia Limited |  |  |  |
| BlackRock, Inc. (Chain 10) | BlackRock Saturn Subco, LLC |  |  |  |
| BlackRock, Inc. (Chain 10) | BlackRock Finance, Inc. |  |  |  |
| BlackRock, Inc. (Chain 10) | BlackRock Holdco 2, Inc. |  |  |  |
| BlackRock, Inc. (Chain 10) | BlackRock Financial Management, Inc. |  |  |  |
| BlackRock, Inc. (Chain 10) | BlackRock International Holdings, Inc. |  |  |  |
| BlackRock, Inc. (Chain 10) | BR Jersey International Holdings L.P. |  |  |  |
| BlackRock, Inc. (Chain 10) | BlackRock Holdco 3, LLC |  |  |  |
| BlackRock, Inc. (Chain 10) | BlackRock Cayman 1 LP |  |  |  |
| BlackRock, Inc. (Chain 10) | BlackRock Cayman West Bay Finco Limited |  |  |  |
| BlackRock, Inc. (Chain 10) | BlackRock Cayman West Bay IV Limited |  |  |  |
| BlackRock, Inc. (Chain 10) | BlackRock Group Limited |  |  |  |
| BlackRock, Inc. (Chain 10) | BlackRock (Netherlands) B.V. |  |  |  |
| BlackRock, Inc. (Chain 10) | BlackRock Asset Management Deutschland AG |  |  |  |
| BlackRock, Inc. (Chain 11) | BlackRock Saturn Subco, LLC |  |  |  |
| BlackRock, Inc. (Chain 11) | BlackRock Finance, Inc. |  |  |  |
| BlackRock, Inc. (Chain 11) | BlackRock Holdco 2, Inc. |  |  |  |
| BlackRock, Inc. (Chain 11) | BlackRock Financial Management, Inc. |  |  |  |
| BlackRock, Inc. (Chain 11) | BlackRock International Holdings, Inc. |  |  |  |
| BlackRock, Inc. (Chain 11) | BlackRock Canada Holdings ULC |  |  |  |
| BlackRock, Inc. (Chain 11) | BlackRock Asset Management Canada Limited |  |  |  |
| BlackRock, Inc. (Chain 12) | BlackRock Saturn Subco, LLC |  |  |  |
| BlackRock, Inc. (Chain 12) | BlackRock Finance, Inc. |  |  |  |
| BlackRock, Inc. (Chain 12) | BlackRock Holdco 2, Inc. |  |  |  |
| BlackRock, Inc. (Chain 12) | BlackRock Financial Management, Inc. |  |  |  |
| BlackRock, Inc. (Chain 12) | BlackRock Capital Holdings, Inc. |  |  |  |
| BlackRock, Inc. (Chain 12) | BlackRock Advisors, LLC |  |  |  |
| BlackRock, Inc. (Chain 13) | BlackRock Saturn Subco, LLC |  |  |  |
| BlackRock, Inc. (Chain 13) | BlackRock Finance, Inc. |  |  |  |
| BlackRock, Inc. (Chain 13) | BlackRock Holdco 2, Inc. |  |  |  |
| BlackRock, Inc. (Chain 13) | BlackRock Financial Management, Inc. |  |  |  |
| BlackRock, Inc. (Chain 13) | BlackRock International Holdings, Inc. |  |  |  |
| BlackRock, Inc. (Chain 13) | BR Jersey International Holdings L.P. |  |  |  |
| BlackRock, Inc. (Chain 13) | BlackRock Holdco 3, LLC |  |  |  |
| BlackRock, Inc. (Chain 13) | BlackRock Cayman 1 LP |  |  |  |
| BlackRock, Inc. (Chain 13) | BlackRock Cayman West Bay Finco Limited |  |  |  |
| BlackRock, Inc. (Chain 13) | BlackRock Cayman West Bay IV Limited |  |  |  |
| BlackRock, Inc. (Chain 13) | BlackRock Group Limited |  |  |  |
| BlackRock, Inc. (Chain 13) | BlackRock Advisors (UK) Limited |  |  |  |
| BlackRock, Inc. (Chain 14) | BlackRock Saturn Subco, LLC |  |  |  |
| BlackRock, Inc. (Chain 14) | BlackRock Finance, Inc. |  |  |  |
| BlackRock, Inc. (Chain 14) | BlackRock Holdco 2, Inc. |  |  |  |
| BlackRock, Inc. (Chain 14) | BlackRock Financial Management, Inc. |  |  |  |
| BlackRock, Inc. (Chain 14) | BlackRock International Holdings, Inc. |  |  |  |
| BlackRock, Inc. (Chain 14) | BR Jersey International Holdings L.P. |  |  |  |
| BlackRock, Inc. (Chain 14) | BlackRock (Singapore) Holdco Pte. Ltd. |  |  |  |
| BlackRock, Inc. (Chain 14) | BlackRock (Singapore) Limited |  |  |  |
| BlackRock, Inc. (Chain 15) | BlackRock Saturn Subco, LLC |  |  |  |
| BlackRock, Inc. (Chain 15) | BlackRock Finance, Inc. |  |  |  |
| BlackRock, Inc. (Chain 15) | BlackRock Holdco 2, Inc. |  |  |  |
| BlackRock, Inc. (Chain 15) | BlackRock Financial Management, Inc. |  |  |  |
| BlackRock, Inc. (Chain 15) | BlackRock International Holdings, Inc. |  |  |  |
| BlackRock, Inc. (Chain 15) | BR Jersey International Holdings L.P. |  |  |  |
| BlackRock, Inc. (Chain 15) | BlackRock Holdco 3, LLC |  |  |  |
| BlackRock, Inc. (Chain 15) | BlackRock Cayman 1 LP |  |  |  |
| BlackRock, Inc. (Chain 15) | BlackRock Cayman West Bay Finco Limited |  |  |  |
| BlackRock, Inc. (Chain 15) | BlackRock Cayman West Bay IV Limited |  |  |  |
| BlackRock, Inc. (Chain 15) | BlackRock Group Limited |  |  |  |
| BlackRock, Inc. (Chain 15) | BlackRock (Netherlands) B.V. |  |  |  |
| BlackRock, Inc. (Chain 16) | BlackRock Saturn Subco, LLC |  |  |  |
| BlackRock, Inc. (Chain 16) | BlackRock Finance, Inc. |  |  |  |
| BlackRock, Inc. (Chain 16) | Trident Merger, LLC |  |  |  |
| BlackRock, Inc. (Chain 16) | BlackRock Investment Management, LLC |  |  |  |
| BlackRock, Inc. (Chain 16) | Amethyst Intermediate, LLC |  |  |  |
| BlackRock, Inc. (Chain 16) | Aperio Holdings, LLC |  |  |  |
| BlackRock, Inc. (Chain 16) | Aperio Group, LLC |  |  |  |

10. In case of proxy voting

Name of the proxy holder

The number and % of voting rights held

The date until which the voting rights will be held

If date does not apply, explain below

11. Additional Information

BlackRock Regulatory Threshold Reporting Team  
  
Jana Blumenstein  
  
020 7743 3650

12. Date of Completion

28th August 2026

13. Place Of Completion

12 Throgmorton Avenue, London, EC2N 2DL, U.K.

This information is provided by RNS, the news service of the London Stock Exchange. RNS is approved by the Financial Conduct Authority to act as a Primary Information Provider in the United Kingdom. Terms and conditions relating to the use and distribution of this information may apply. For further information, please contact [rns@lseg.com](mailto:rns@lseg.com) or visit [www.rns.com](http://www.rns.com/).  
  
RNS may use your IP address to confirm compliance with the terms and conditions, to analyse how you engage with the information contained in this communication, and to share such analysis on an anonymised basis with others as part of our commercial services. For further information about how RNS and the London Stock Exchange use the personal data you provide us, please see our [Privacy Policy](https://www.lseg.com/privacy-and-cookie-policy).

END

HOLZZGGLFMZGVZM",452010,"Personal Care, Drug and Grocery Stores "
17765674,2026-09-01 13:24:21,Holding(s) in Company,Sosandar PLC,SOS,HOL,RNS,9555S,https://www.londonstockexchange.com/news-article/SOS/holdings-in-company/17765674,"/\*<![CDATA[\*/
/\*\*/
/\*\*/
/\*\*/
sup{font-size:80%}h1{margin-top:12.0pt;margin-right:0cm;margin-bottom:3.0pt;margin-left:0cm;font-size:16.0pt;font-family:""Arial"",""sans-serif"";font-weight:bold;}h2{margin-top:12.0pt;margin-right:0cm;margin-bottom:3.0pt;margin-left:0cm;font-size:14.0pt;font-family:""Arial"",""sans-serif"";font-weight:bold;font-style:italic;}h3{margin-top:12.0pt;margin-right:0cm;margin-bottom:3.0pt;margin-left:0cm;text-indent:-14.15pt;font-size:13.0pt;font-family:""Arial"",""sans-serif"";font-weight:bold;}h4{margin-top:12.0pt;margin-right:0cm;margin-bottom:3.0pt;margin-left:14.85pt;text-indent:-43.2pt;font-size:14.0pt;font-family:""Times New Roman"",""serif"";font-weight:bold;}h5{margin-top:12.0pt;margin-right:0cm;margin-bottom:3.0pt;margin-left:22.05pt;text-indent:-50.4pt;font-size:13.0pt;font-family:""Georgia"",""serif"";font-weight:bold;font-style:italic;}h6{margin-top:12.0pt;margin-right:0cm;margin-bottom:3.0pt;margin-left:29.25pt;text-indent:-57.6pt;font-size:11.0pt;font-family:""Times New Roman"",""serif"";font-weight:bold;}strong{font-family:""Times New Roman"",""serif"";}p{margin-right:0cm;margin-left:0cm;font-size:12.0pt;font-family:""Times New Roman"",""serif"";}ol{margin-bottom:0cm;}ul{margin-bottom:0cm;}
link{ color: blue }visited{ color: purple }
.by{size:595.3pt 841.9pt;margin:127.6pt 62.35pt 68.05pt 62.35pt;}div.by{}p.a,li.a,div.a{margin:0cm;margin-bottom:.0001pt;font-size:11.0pt;font-family:""Georgia"",""serif"";}span.ih{font-size:10.0pt;font-family: ""Calibri"",""sans-serif""}span.ig{font-size:10.0pt; font-family:""Calibri"",""sans-serif""}p.ij{margin:0cm;margin-bottom:.0001pt;font-size:11.0pt;font-family:""Georgia"",""serif"";margin-left:-35.45pt}span.if{font-size:10.0pt;font-family:""Calibri"",""sans-serif""}table.ik{margin-left:-36.0pt;border-collapse:collapse;border:none}tr.ib{height:21.1pt}td.ic{width:520.2pt;border:solid windowtext 1.0pt; padding:0cm 5.4pt 0cm 5.4pt;height:21.1pt}
p.il{margin:0cm;margin-bottom:.0001pt;font-size:11.0pt;font-family:""Georgia"",""serif"";text-autospace:none}tr.hy{height:12.1pt}td.hz{width:520.2pt;border:none;border-bottom:solid windowtext 1.0pt; padding:0cm 5.4pt 0cm 5.4pt;height:12.1pt}p.im{margin:0cm;margin-bottom:.0001pt;font-size:11.0pt;font-family:""Georgia"",""serif"";text-align:right}tr.hu{height:43.85pt}td.hx{width:259.1pt;border:solid windowtext 1.0pt; border-top:none;padding:0cm 5.4pt 0cm 5.4pt;height:43.85pt}td.hv{width:250.3pt;border-top:none;border-left: none;border-bottom:solid windowtext 1.0pt;border-right:solid windowtext 1.0pt; padding:0cm 5.4pt 0cm 5.4pt;height:43.85pt}p.in{margin:0cm;margin-bottom:.0001pt;font-size:11.0pt;font-family:""Georgia"",""serif"";text-align:center}tr.hq{height:21.65pt}td.hr{width:520.2pt;border:solid windowtext 1.0pt; border-top:none;padding:0cm 5.4pt 0cm 5.4pt;height:21.65pt}
span.ht{font-size:10.0pt;font-family: ""Calibri"",""sans-serif"";color:black}span.hs{font-size:10.0pt;font-family:""Calibri"",""sans-serif"";color:black}tr.hm{height:19.85pt}td.ho{width:485.9pt;border:solid windowtext 1.0pt; border-top:none;padding:0cm 5.4pt 0cm 5.4pt;height:19.85pt}span.hp{font-size:10.0pt;font-family:""Calibri"",""sans-serif""; color:black}td.hn{width:23.5pt;border-top:none;border-left:none;border-bottom: solid windowtext 1.0pt;border-right:solid windowtext 1.0pt;padding:0cm 5.4pt 0cm 5.4pt; height:19.85pt}tr.hk{height:28.9pt}td.hl{width:520.2pt;border:solid windowtext 1.0pt; border-top:none;padding:0cm 5.4pt 0cm 5.4pt;height:28.9pt}tr.hh{height:22.0pt}td.hj{width:485.9pt;border:solid windowtext 1.0pt; border-top:none;padding:0cm 5.4pt 0cm 5.4pt;height:22.0pt}
td.hi{width:23.5pt;border-top:none;border-left:none;border-bottom: solid windowtext 1.0pt;border-right:solid windowtext 1.0pt;padding:0cm 5.4pt 0cm 5.4pt; height:22.0pt}tr.hf{height:23.4pt}td.hg{width:520.2pt;border-top:none;border-left: solid windowtext 1.0pt;border-bottom:none;border-right:solid windowtext 1.0pt; padding:0cm 5.4pt 0cm 5.4pt;height:23.4pt}tr.hc{height:19.5pt}td.he{width:259.1pt;border:solid windowtext 1.0pt; border-bottom:none;padding:0cm 5.4pt 0cm 5.4pt;height:19.5pt}td.hd{width:250.3pt;border-top:solid windowtext 1.0pt; border-left:none;border-bottom:none;border-right:solid windowtext 1.0pt; padding:0cm 5.4pt 0cm 5.4pt;height:19.5pt}tr.ha{height:24.45pt}td.hb{width:520.2pt;border:solid windowtext 1.0pt; padding:0cm 5.4pt 0cm 5.4pt;height:24.45pt}tr.gx{height:24.15pt}td.gz{width:259.1pt;border:solid windowtext 1.0pt; border-top:none;padding:0cm 5.4pt 0cm 5.4pt;height:24.15pt}
td.gy{width:250.3pt;border-top:none;border-left: none;border-bottom:solid windowtext 1.0pt;border-right:solid windowtext 1.0pt; padding:0cm 5.4pt 0cm 5.4pt;height:24.15pt}tr.gu{height:26.85pt}td.gw{width:259.1pt;border:solid windowtext 1.0pt; border-top:none;padding:0cm 5.4pt 0cm 5.4pt;height:26.85pt}td.gv{width:250.3pt;border-top:none;border-left: none;border-bottom:solid windowtext 1.0pt;border-right:solid windowtext 1.0pt; padding:0cm 5.4pt 0cm 5.4pt;height:26.85pt}tr.gr{height:33.45pt}td.gt{width:259.1pt;border:solid windowtext 1.0pt; border-top:none;padding:0cm 5.4pt 0cm 5.4pt;height:33.45pt}td.gs{width:250.3pt;border-top:none;border-left: none;border-bottom:solid windowtext 1.0pt;border-right:solid windowtext 1.0pt; padding:0cm 5.4pt 0cm 5.4pt;height:33.45pt}tr.gn{height:26.75pt}td.gp{width:259.1pt;border:solid windowtext 1.0pt; border-top:none;padding:0cm 5.4pt 0cm 5.4pt;height:26.75pt}span.gq{color:black}
td.go{width:250.3pt;border-top:none;border-left: none;border-bottom:solid windowtext 1.0pt;border-right:solid windowtext 1.0pt; padding:0cm 5.4pt 0cm 5.4pt;height:26.75pt}tr.gl{height:27.75pt}td.gm{width:520.2pt;border:solid windowtext 1.0pt; border-top:none;padding:0cm 5.4pt 0cm 5.4pt;height:27.75pt}td.gk{width:95.4pt;border:solid windowtext 1.0pt;border-top: none;padding:0cm 5.4pt 0cm 5.4pt;height:27.75pt}td.gj{width:95.4pt;border-top:none;border-left:none; border-bottom:solid windowtext 1.0pt;border-right:solid windowtext 1.0pt; padding:0cm 5.4pt 0cm 5.4pt;height:27.75pt}td.gi{width:104.85pt;border-top:none;border-left: none;border-bottom:solid windowtext 1.0pt;border-right:solid windowtext 1.0pt; padding:0cm 5.4pt 0cm 5.4pt;height:27.75pt}td.gh{width:95.5pt;border-top:none;border-left:none; border-bottom:solid windowtext 1.0pt;border-right:solid windowtext 1.0pt; padding:0cm 5.4pt 0cm 5.4pt;height:27.75pt}td.gg{width:85.85pt;border-top:none;border-left: none;border-bottom:solid windowtext 1.0pt;border-right:solid windowtext 1.0pt; padding:0cm 5.4pt 0cm 5.4pt;height:27.75pt}tr.ga{height:42.4pt}td.gf{width:95.4pt;border:solid windowtext 1.0pt;border-top: none;padding:0cm 5.4pt 0cm 5.4pt;height:42.4pt}
td.ge{width:95.4pt;border-top:none;border-left:none; border-bottom:solid windowtext 1.0pt;border-right:solid windowtext 1.0pt; padding:0cm 5.4pt 0cm 5.4pt;height:42.4pt}td.gd{width:104.85pt;border-top:none;border-left: none;border-bottom:solid windowtext 1.0pt;border-right:solid windowtext 1.0pt; padding:0cm 5.4pt 0cm 5.4pt;height:42.4pt}td.gc{width:95.5pt;border-top:none;border-left:none; border-bottom:solid windowtext 1.0pt;border-right:solid windowtext 1.0pt; padding:0cm 5.4pt 0cm 5.4pt;height:42.4pt}td.gb{width:85.85pt;border-top:none;border-left: none;border-bottom:solid windowtext 1.0pt;border-right:solid windowtext 1.0pt; padding:0cm 5.4pt 0cm 5.4pt;height:42.4pt}td.fz{border:none}table.io{margin-left:auto;margin-right:auto;border-collapse:collapse;border:none}tr.fw{height:16.3pt}td.fx{width:520.2pt;border:solid windowtext 1.0pt; padding:0cm 5.4pt 0cm 5.4pt;height:16.3pt}tr.fu{height:22.9pt}td.fv{width:520.2pt;border:solid windowtext 1.0pt; border-top:none;padding:0cm 5.4pt 0cm 5.4pt;height:22.9pt}
tr.fq{height:19.3pt}td.ft{width:99.65pt;border: solid windowtext 1.0pt;border-top:none;padding:0cm 5.4pt 0cm 5.4pt; height:19.3pt}td.fs{width:191.95pt;border:none;padding:0cm 5.4pt 0cm 5.4pt; height:19.3pt}td.fr{width:207.0pt;border-top:none;border-left: solid windowtext 1.0pt;border-bottom:none;border-right:solid windowtext 1.0pt; padding:0cm 5.4pt 0cm 5.4pt;height:19.3pt}tr.fl{height:18.7pt}td.fp{width:90.35pt;border:solid windowtext 1.0pt; border-left:none;padding:0cm 5.4pt 0cm 5.4pt;height:18.7pt}td.fo{width:90.8pt;border-top:none; border-left:none;border-bottom:solid windowtext 1.0pt;border-right:solid windowtext 1.0pt; padding:0cm 5.4pt 0cm 5.4pt;height:18.7pt}td.fn{width:105.8pt;border:solid windowtext 1.0pt; border-left:none;padding:0cm 5.4pt 0cm 5.4pt;height:18.7pt}td.fm{width:90.4pt;border:solid windowtext 1.0pt; border-left:none;padding:0cm 5.4pt 0cm 5.4pt;height:18.7pt}tr.ff{height:23.5pt}
td.fk{width:99.65pt;border:solid windowtext 1.0pt; border-top:none;padding:0cm 5.4pt 0cm 5.4pt;height:23.5pt}td.fj{width:90.35pt;border-top:none;border-left: none;border-bottom:solid windowtext 1.0pt;border-right:solid windowtext 1.0pt; padding:0cm 5.4pt 0cm 5.4pt;height:23.5pt}td.fi{width:90.8pt;border-top:none;border-left:none; border-bottom:solid windowtext 1.0pt;border-right:solid windowtext 1.0pt; padding:0cm 5.4pt 0cm 5.4pt;height:23.5pt}td.fh{width:105.8pt;border-top:none;border-left: none;border-bottom:solid windowtext 1.0pt;border-right:solid windowtext 1.0pt; padding:0cm 5.4pt 0cm 5.4pt;height:23.5pt}td.fg{width:90.4pt;border-top:none;border-left:none; border-bottom:solid windowtext 1.0pt;border-right:solid windowtext 1.0pt; padding:0cm 5.4pt 0cm 5.4pt;height:23.5pt}td.fe{width:191.95pt;border-top:none;border-left: none;border-bottom:solid windowtext 1.0pt;border-right:solid windowtext 1.0pt; padding:0cm 5.4pt 0cm 5.4pt;height:23.5pt}td.fd{width:207.0pt;border-top:none;border-left: none;border-bottom:solid windowtext 1.0pt;border-right:solid windowtext 1.0pt; padding:0cm 5.4pt 0cm 5.4pt;height:23.5pt}tr.fb{height:10.9pt}td.fc{width:520.2pt;border:none; padding:0cm 5.4pt 0cm 5.4pt;height:10.9pt}tr.ez{height:26.5pt}
td.fa{width:520.2pt;border:solid windowtext 1.0pt; padding:0cm 5.4pt 0cm 5.4pt;height:26.5pt}td.ey{width:99.65pt;border:solid windowtext 1.0pt; border-top:none;padding:0cm 5.4pt 0cm 5.4pt}td.ex{width:51.1pt;border-top:none;border-left:none;border-bottom: solid windowtext 1.0pt;border-right:solid windowtext 1.0pt;padding:0cm 5.4pt 0cm 5.4pt}td.ew{width:117.1pt;border-top:none;border-left: none;border-bottom:solid windowtext 1.0pt;border-right:solid windowtext 1.0pt; padding:0cm 5.4pt 0cm 5.4pt}td.ev{width:118.75pt;border-top:none;border-left: none;border-bottom:solid windowtext 1.0pt;border-right:solid windowtext 1.0pt; padding:0cm 5.4pt 0cm 5.4pt}td.eu{width:90.4pt;border-top:none;border-left:none; border-bottom:solid windowtext 1.0pt;border-right:solid windowtext 1.0pt; padding:0cm 5.4pt 0cm 5.4pt}tr.eo{height:24.05pt}td.et{width:99.65pt;border:solid windowtext 1.0pt; border-top:none;padding:0cm 5.4pt 0cm 5.4pt;height:24.05pt}td.es{width:51.1pt;border-top:none;border-left:none;border-bottom: solid windowtext 1.0pt;border-right:solid windowtext 1.0pt;padding:0cm 5.4pt 0cm 5.4pt; height:24.05pt}td.er{width:117.1pt;border-top:none;border-left: none;border-bottom:solid windowtext 1.0pt;border-right:solid windowtext 1.0pt; padding:0cm 5.4pt 0cm 5.4pt;height:24.05pt}
td.eq{width:118.75pt;border-top:none;border-left: none;border-bottom:solid windowtext 1.0pt;border-right:solid windowtext 1.0pt; padding:0cm 5.4pt 0cm 5.4pt;height:24.05pt}td.ep{width:90.4pt;border-top:none;border-left:none; border-bottom:solid windowtext 1.0pt;border-right:solid windowtext 1.0pt; padding:0cm 5.4pt 0cm 5.4pt;height:24.05pt}td.en{width:99.65pt;border:none; padding:0cm 5.4pt 0cm 5.4pt;height:24.05pt}td.em{width:51.1pt;border:none;border-right:solid windowtext 1.0pt; padding:0cm 5.4pt 0cm 5.4pt;height:24.05pt}tr.ek{height:20.4pt}td.el{width:520.2pt;border:solid windowtext 1.0pt; padding:0cm 5.4pt 0cm 5.4pt;height:20.4pt}td.ej{width:79.1pt;border:solid windowtext 1.0pt;border-top: none;padding:0cm 5.4pt 0cm 5.4pt}td.ei{width:71.65pt;border-top:none;border-left:none; border-bottom:solid windowtext 1.0pt;border-right:solid windowtext 1.0pt; padding:0cm 5.4pt 0cm 5.4pt}td.eh{width:78.5pt;border-top:none;border-left:none; border-bottom:solid windowtext 1.0pt;border-right:solid windowtext 1.0pt; padding:0cm 5.4pt 0cm 5.4pt}td.eg{width:77.75pt;border-top:none;border-left: none;border-bottom:solid windowtext 1.0pt;border-right:solid windowtext 1.0pt; padding:0cm 5.4pt 0cm 5.4pt}
td.ef{width:68.8pt;border:none;border-bottom:solid windowtext 1.0pt; padding:0cm 5.4pt 0cm 5.4pt}td.ee{width:90.4pt;border:solid windowtext 1.0pt;border-top: none;padding:0cm 5.4pt 0cm 5.4pt}td.ed{width:79.1pt;border:solid windowtext 1.0pt; border-top:none;padding:0cm 5.4pt 0cm 5.4pt;height:24.05pt}td.ec{width:71.65pt;border-top:none; border-left:none;border-bottom:solid windowtext 1.0pt;border-right:solid windowtext 1.0pt; padding:0cm 5.4pt 0cm 5.4pt;height:24.05pt}td.eb{width:78.5pt;border-top:none; border-left:none;border-bottom:solid windowtext 1.0pt;border-right:solid windowtext 1.0pt; padding:0cm 5.4pt 0cm 5.4pt;height:24.05pt}td.ea{width:77.75pt;border-top:none; border-left:none;border-bottom:solid windowtext 1.0pt;border-right:solid windowtext 1.0pt; padding:0cm 5.4pt 0cm 5.4pt;height:24.05pt}td.dz{width:68.8pt;border:none;border-bottom:solid windowtext 1.0pt; padding:0cm 5.4pt 0cm 5.4pt;height:24.05pt}td.dy{width:90.4pt;border:solid windowtext 1.0pt; border-top:none;padding:0cm 5.4pt 0cm 5.4pt;height:24.05pt}td.dx{width:79.1pt;border:solid windowtext 1.0pt;border-top: none;padding:0cm 5.4pt 0cm 5.4pt;height:24.05pt}td.dw{width:71.65pt;border-top:none;border-left:none; border-bottom:solid windowtext 1.0pt;border-right:solid windowtext 1.0pt; padding:0cm 5.4pt 0cm 5.4pt;height:24.05pt}
td.dv{width:78.5pt;border-top:none;border-left:none; border-bottom:solid windowtext 1.0pt;border-right:solid windowtext 1.0pt; padding:0cm 5.4pt 0cm 5.4pt;height:24.05pt}td.du{width:77.75pt;border-top:none;border-left: none;border-bottom:solid windowtext 1.0pt;border-right:solid windowtext 1.0pt; padding:0cm 5.4pt 0cm 5.4pt;height:24.05pt}td.dt{width:90.4pt;border:solid windowtext 1.0pt;border-top: none;padding:0cm 5.4pt 0cm 5.4pt;height:24.05pt}td.ds{width:79.1pt;border:none;padding:0cm 5.4pt 0cm 5.4pt; height:24.05pt}td.dr{width:71.65pt;border:none; padding:0cm 5.4pt 0cm 5.4pt;height:24.05pt}td.dq{width:78.5pt;border:none; border-right:solid windowtext 1.0pt;padding:0cm 5.4pt 0cm 5.4pt;height:24.05pt}tr.dm{height:29.75pt}td.dn{width:520.2pt;border:solid windowtext 1.0pt; border-bottom:none;padding:0cm 5.4pt 0cm 5.4pt;height:29.75pt}span.do{font-size: 10.0pt;font-family:""Calibri"",""sans-serif""}tr.dj{height:31.7pt}
td.dl{width:485.9pt;border:solid windowtext 1.0pt; border-bottom:none;padding:0cm 5.4pt 0cm 5.4pt;height:31.7pt}td.dk{width:23.5pt;border-top:solid windowtext 1.0pt; border-left:none;border-bottom:none;border-right:solid windowtext 1.0pt; padding:0cm 5.4pt 0cm 5.4pt;height:31.7pt}tr.df{height:38.5pt}td.dh{width:485.9pt;border:solid windowtext 1.0pt; padding:0cm 5.4pt 0cm 5.4pt;height:38.5pt}span.di{font-family: ""Calibri"",""sans-serif""; font-size: 10.0pt; text-decoration: underline}td.dg{width:23.5pt;border:solid windowtext 1.0pt;border-left: none;padding:0cm 5.4pt 0cm 5.4pt;height:38.5pt}tr.db{height:57.45pt}td.de{width:121.95pt;border:solid windowtext 1.0pt;border-top: none;padding:0cm 5.4pt 0cm 5.4pt;height:57.45pt}td.dd{width:121.95pt;border-top:none;border-left:none; border-bottom:solid windowtext 1.0pt;border-right:solid windowtext 1.0pt; padding:0cm 5.4pt 0cm 5.4pt;height:57.45pt}td.dc{width:121.95pt;border-top:none;border-left: none;border-bottom:solid windowtext 1.0pt;border-right:solid windowtext 1.0pt; padding:0cm 5.4pt 0cm 5.4pt;height:57.45pt}
td.da{width:121.95pt;border:solid windowtext 1.0pt;border-top: none;padding:0cm 5.4pt 0cm 5.4pt;height:22.0pt}td.cz{width:121.95pt;border-top:none;border-left:none; border-bottom:solid windowtext 1.0pt;border-right:solid windowtext 1.0pt; padding:0cm 5.4pt 0cm 5.4pt;height:22.0pt}td.cy{width:121.95pt;border-top:none;border-left: none;border-bottom:solid windowtext 1.0pt;border-right:solid windowtext 1.0pt; padding:0cm 5.4pt 0cm 5.4pt;height:22.0pt}tr.cw{height:35.5pt}td.cx{width:520.2pt;border:none; border-bottom:solid windowtext 1.0pt;padding:0cm 5.4pt 0cm 5.4pt;height:35.5pt}tr.cu{height:20.7pt}td.cv{width:520.2pt;border:solid windowtext 1.0pt; border-top:none;padding:0cm 5.4pt 0cm 5.4pt;height:20.7pt}tr.cr{height:20.3pt}td.ct{width:254.7pt;border:solid windowtext 1.0pt; border-top:none;padding:0cm 5.4pt 0cm 5.4pt;height:20.3pt}td.cs{width:254.7pt;border-top:none;border-left: none;border-bottom:solid windowtext 1.0pt;border-right:solid windowtext 1.0pt; padding:0cm 5.4pt 0cm 5.4pt;height:20.3pt}
td.cq{width:254.7pt;border:solid windowtext 1.0pt; border-top:none;padding:0cm 5.4pt 0cm 5.4pt;height:27.75pt}td.cp{width:254.7pt;border-top:none;border-left: none;border-bottom:solid windowtext 1.0pt;border-right:solid windowtext 1.0pt; padding:0cm 5.4pt 0cm 5.4pt;height:27.75pt}tr.cm{height:28.1pt}td.co{width:254.7pt;border:solid windowtext 1.0pt; border-top:none;padding:0cm 5.4pt 0cm 5.4pt;height:28.1pt}td.cn{width:254.7pt;border-top:none;border-left: none;border-bottom:solid windowtext 1.0pt;border-right:solid windowtext 1.0pt; padding:0cm 5.4pt 0cm 5.4pt;height:28.1pt}td.cl{width:520.2pt;border:none;padding:0cm 5.4pt 0cm 5.4pt; height:26.5pt}tr.cj{height:21.85pt}td.ck{width:520.2pt;border:solid windowtext 1.0pt; padding:0cm 5.4pt 0cm 5.4pt;height:21.85pt}tr.ch{height:47.5pt}td.ci{width:520.2pt;border:solid windowtext 1.0pt; border-top:none;padding:0cm 5.4pt 0cm 5.4pt;height:47.5pt}
table.ip{width:531.6pt;margin-left:-35.45pt;border-collapse:collapse;border: none}tr.ce{height:23.75pt}td.cg{width:109.7pt;border:solid windowtext 1.0pt;padding: 0cm 5.4pt 0cm 5.4pt;height:23.75pt}td.cf{width:400.3pt;border:solid windowtext 1.0pt;border-left: none;padding:0cm 5.4pt 0cm 5.4pt;height:23.75pt}tr.cb{height:21.25pt}td.cd{width:109.7pt;border:solid windowtext 1.0pt;border-top: none;padding:0cm 5.4pt 0cm 5.4pt;height:21.25pt}td.cc{width:400.3pt;border-top:none;border-left:none; border-bottom:solid windowtext 1.0pt;border-right:solid windowtext 1.0pt; padding:0cm 5.4pt 0cm 5.4pt;height:21.25pt}span.bz{font-family:""Calibri"",""sans-serif""} .fr-view-element{font-family: sans-serif;font-size: 12pt;line-height: 140%;padding: 20px;box-sizing: border-box;overflow-x: auto;min-height: 60px;text-align: left;margin-bottom: 10px;width: 837px;} .fr-view-element img{padding: 0 1px;} .fr-view-element .by{margin: 63.8pt 1.6cm 62.35pt 1.6cm;} .fr-view-element p{font-size: 10pt;}
/\*\*/
/\*\*/
/\*\*/
/\*]]>\*/

RNS Number : 9555S

Sosandar PLC

01 September 2026

TR-1: standard form for notification of major holdings

 

|  |  |  |  |  |  |  |
| --- | --- | --- | --- | --- | --- | --- |
| NOTIFICATION OF MAJOR HOLDINGS | | | | | | |
|  | | | | | | |
| 1a. Identity of the issuer or the underlying issuer of existing shares to which voting rights are attached ii: | | | SOSANDAR PLC | | | |
| 1b. Please indicate if the issuer is a non-UK issuer (please mark with an ""X"" if appropriate) | | | | | | |
| Non-UK issuer | | | | | |  |
| 2. Reason for the notification (please mark the appropriate box or boxes with an ""X"") | | | | | | |
| An acquisition or disposal of voting rights | | | | | | X |
| An acquisition or disposal of financial instruments | | | | | |  |
| An event changing the breakdown of voting rights | | | | | |  |
| Other (please specify) iii: | | | | | |  |
| 3. Details of person subject to the notification obligation iv | | | | | | |
| Name | | | NIGEL WRAY | | | |
| City and country of registered office (if applicable) | | | LONDON, U.K. | | | |
| 4. Full name of shareholder(s) (if different from 3.) v | | | | | | |
| Name | | | HSBC GLOBAL CUSTODY NOMINEE (UK) LTD  GLOBAL PRIME PARTNERS | | | |
| City and country of registered office (if applicable) | | | LONDON, U.K. | | | |
| 5. Date on which the threshold was crossed or reached vi: | | | 28/08/2026 | | | |
| 6. Date on which issuer notified (DD/MM/YYYY): | | | 01/09/2026 | | | |
| 7. Total positions of person(s) subject to the notification obligation | | | | | | |
|  | % of voting rights attached to shares (total of 8. A) | % of voting rights through financial instruments  (total of 8.B 1 + 8.B 2) | | Total of both in % (8.A + 8.B) | Total number of voting rights held in issuer (8.A + 8.B) vii | |
| Resulting situation on the date on which threshold was crossed or reached | 12.0797% |  | | 12.0797% | 26,110,484 | |
| Position of previous notification (if  applicable) | 11.2359% |  | | 11.2359% |  | |
|  |  |  |  |  |  |  |

 

|  |  |  |  |  |  |  |  |  |  |
| --- | --- | --- | --- | --- | --- | --- | --- | --- | --- |
| 8. Notified details of the resulting situation on the date on which the threshold was crossed or reached viii | | | | | | | | | |
| A: Voting rights attached to shares | | | | | | | | | |
| Class/type of  shares  ISIN code (if possible) | | Number of voting rights ix | | | | | % of voting rights | | |
| Direct  (DTR5.1) | | Indirect   (DTR5.2.1) | | | Direct  (DTR5.1) | | Indirect  (DTR5.2.1) |
| ORDINARY SHARES  GB00BDGS8G04 | | 24,360,484 | | 1,750,000 | | | 11.2701% | | 0.8096% |
|  | |  | |  | | |  | |  |
|  | |  | |  | | |  | |  |
| SUBTOTAL 8. A | | 26,110,484 | | | | | 12.0797% | | |
|  | | | | | | | | | |
| B 1: Financial Instruments according to DTR5.3.1R (1) (a) | | | | | | | | | |
| Type of financial instrument | | Expiration  date x | Exercise/  Conversion Period xi | | | Number of voting rights that may be acquired if the instrument is  exercised/converted. | | | % of voting rights |
|  | |  |  | | |  | | |  |
|  | |  |  | | |  | | |  |
|  | |  |  | | |  | | |  |
|  | |  | SUBTOTAL 8. B 1 | | |  | | |  |
|  | | | | | | | | | |
| B 2: Financial Instruments with similar economic effect according to DTR5.3.1R (1) (b) | | | | | | | | | |
| Type of financial instrument | Expiration  date x | | Exercise/  Conversion Period xi | | Physical or cash  Settlement xii | | | Number of voting rights | % of voting rights |
|  |  | |  | |  | | |  |  |
|  |  | |  | |  | | |  |  |
|  |  | |  | |  | | |  |  |
|  |  | |  | | SUBTOTAL 8. B.2 | | |  |  |
|  | | | | | | | | | |
|  |  |  |  |  |  |  |  |  |  |

 

|  |  |  |  |  |
| --- | --- | --- | --- | --- |
| 9. Information in relation to the person subject to the notification obligation (please mark the  applicable box with an ""X"") | | | | |
| Person subject to the notification obligation is not controlled by any natural person or legal entity and does not control any other undertaking(s) holding directly or indirectly an interest in the (underlying) issuer xiii | | | |  |
| Full chain of controlled undertakings through which the voting rights and/or the  financial instruments are effectively held starting with the ultimate controlling natural person or legal entity (please add additional rows as necessary) xiv | | | | X |
| Name xv | % of voting rights if it equals or is higher than the notifiable threshold | % of voting rights through financial instruments if it equals or is higher than the notifiable threshold | Total of both if it equals or is higher than the notifiable threshold | |
| NIGEL WRAY | 12.0797% |  | 12.0797% | |
| HSBC GLOBAL CUSTODY NOMINEE (UK) LTD | 11.1502% |  | 11.1502% | |
| GLOBAL PRIME PARTNERS | 0.9295% |  | 0.9295% | |
|  |  |  |  | |
|  |  |  |  | |
|  | | | | |
| 10. In case of proxy voting, please identify: | | | | |
| Name of the proxy holder | | N/A | | |
| The number and % of voting rights held | | N/A | | |
| The date until which the voting rights will be held | | N/A | | |
|  | | | | |
| 11. Additional information xvi | | | | |
| Of the shares in (8) above, 1,750,000 shares are held as a trustee of The Priory Foundation, a charitable trust in which I have no beneficial interest. | | | | |
|  |  |  |  |  |

 

|  |  |
| --- | --- |
| Place of completion | LONDON, UK |
| Date of completion | 01/09/2026 |

This information is provided by RNS, the news service of the London Stock Exchange. RNS is approved by the Financial Conduct Authority to act as a Primary Information Provider in the United Kingdom. Terms and conditions relating to the use and distribution of this information may apply. For further information, please contact [rns@lseg.com](mailto:rns@lseg.com) or visit [www.rns.com](http://www.rns.com/).  
  
RNS may use your IP address to confirm compliance with the terms and conditions, to analyse how you engage with the information contained in this communication, and to share such analysis on an anonymised basis with others as part of our commercial services. For further information about how RNS and the London Stock Exchange use the personal data you provide us, please see our [Privacy Policy](https://www.lseg.com/privacy-and-cookie-policy).

END

HOLSSEFDFEMSEEU",404010,Retailers 
17765672,2026-09-01 13:23:05,Total Voting Rights,Venture Life Group PLC,VLG,TVR,RNS,9548S,https://www.londonstockexchange.com/news-article/VLG/total-voting-rights/17765672,"@page Section\_1 { size: 595.3pt 841.9pt margin-top: 72pt margin-right: 72pt margin-bottom: 72pt margin-left: 72pt -aw-footer-distance: 35.4pt -aw-header-distance: 35.4pt }
.aspose-root div.Section\_1 { margin: 72pt; page: Section\_1 }
.aspose-root { line-height: 108%; font-family: Aptos; font-size: 11pt; max-width: 600.3pt; width: 600.3pt; margin: 1pt auto; position: relative; display: block }
.aspose-root h1, .aspose-root h2, .aspose-root h3, .aspose-root h4, .aspose-root h5, .aspose-root h6, .aspose-root p { margin: 0 0 8pt }
.aspose-root table { margin-top: 0; margin-bottom: 8pt }
.aspose-root h1 { margin-top: 18pt; margin-bottom: 4pt; page-break-inside: avoid; page-break-after: avoid; line-height: 116%; font-family: ""Aptos Display""; font-size: 20pt; font-weight: normal; color: rgba(15, 71, 97, 1) }
.aspose-root h2 { margin-top: 8pt; margin-bottom: 4pt; page-break-inside: avoid; page-break-after: avoid; line-height: 116%; font-family: ""Aptos Display""; font-size: 16pt; font-weight: normal; color: rgba(15, 71, 97, 1) }
.aspose-root h3 { margin-top: 8pt; margin-bottom: 4pt; page-break-inside: avoid; page-break-after: avoid; line-height: 116%; font-family: Aptos; font-size: 14pt; font-weight: normal; color: rgba(15, 71, 97, 1) }
.aspose-root h4 { margin-top: 4pt; margin-bottom: 2pt; page-break-inside: avoid; page-break-after: avoid; line-height: 116%; font-family: Aptos; font-size: 12pt; font-weight: normal; font-style: italic; color: rgba(15, 71, 97, 1) }
.aspose-root h5 { margin-top: 4pt; margin-bottom: 2pt; page-break-inside: avoid; page-break-after: avoid; line-height: 116%; font-family: Aptos; font-size: 12pt; font-weight: normal; color: rgba(15, 71, 97, 1) }
.aspose-root h6 { margin-top: 2pt; margin-bottom: 0; page-break-inside: avoid; page-break-after: avoid; line-height: 116%; font-family: Aptos; font-size: 12pt; font-weight: normal; font-style: italic; color: rgba(89, 89, 89, 1) }
.aspose-root .Heading7 { margin-top: 2pt; margin-bottom: 0; page-break-inside: avoid; page-break-after: avoid; line-height: 116%; font-family: Aptos; font-size: 12pt; font-weight: normal; font-style: normal; color: rgba(89, 89, 89, 1); -aw-style-name: heading7 }
.aspose-root .Heading8 { margin-bottom: 0; page-break-inside: avoid; page-break-after: avoid; line-height: 116%; font-family: Aptos; font-size: 12pt; font-weight: normal; font-style: italic; color: rgba(39, 39, 39, 1); -aw-style-name: heading8 }
.aspose-root .Heading9 { margin-bottom: 0; page-break-inside: avoid; page-break-after: avoid; line-height: 116%; font-family: Aptos; font-size: 12pt; font-weight: normal; font-style: normal; color: rgba(39, 39, 39, 1); -aw-style-name: heading9 }
.aspose-root .Default { margin-bottom: 0; line-height: normal; font-family: Arial; font-size: 12pt; color: rgba(0, 0, 0, 1) }
.aspose-root .IntenseQuote { margin: 18pt 43.2pt; text-align: center; line-height: 116%; border-top: 0.75pt solid rgba(15, 71, 97, 1); border-bottom: 0.75pt solid rgba(15, 71, 97, 1); padding-top: 10pt; padding-bottom: 10pt; font-size: 12pt; font-style: italic; color: rgba(15, 71, 97, 1); -aw-border-bottom: 0.5pt single #0f4761; -aw-border-top: 0.5pt single #0f4761; -aw-style-name: intense-quote }
.aspose-root .ListParagraph { margin-left: 36pt; margin-bottom: 8pt; line-height: 116%; font-size: 12pt; -aw-style-name: list-paragraph }
.aspose-root .NoSpacing { margin-bottom: 0; line-height: normal; font-size: 11pt; -aw-style-name: no-spacing }
.aspose-root .Quote { margin-top: 8pt; margin-bottom: 8pt; text-align: center; line-height: 116%; font-size: 12pt; font-style: italic; color: rgba(64, 64, 64, 1); -aw-style-name: quote }
.aspose-root .Revision { margin-bottom: 0; line-height: normal; font-size: 11pt; -aw-style-name: revision }
.aspose-root .Subtitle { margin-bottom: 8pt; line-height: 116%; font-size: 14pt; letter-spacing: 0.75pt; color: rgba(89, 89, 89, 1); -aw-style-name: subtitle }
.aspose-root .Title { margin-bottom: 4pt; line-height: normal; font-family: ""Aptos Display""; font-size: 28pt; letter-spacing: -0.5pt; -aw-style-name: title }
.aspose-root .bk { margin-top: 5pt; margin-bottom: 5pt; line-height: normal; font-family: ""Times New Roman""; font-size: 12pt }
.aspose-root span.Heading1Char { font-family: ""Aptos Display""; font-size: 20pt; color: rgba(15, 71, 97, 1) }
.aspose-root span.Heading2Char { font-family: ""Aptos Display""; font-size: 16pt; color: rgba(15, 71, 97, 1) }
.aspose-root span.Heading3Char { font-size: 14pt; color: rgba(15, 71, 97, 1) }
.aspose-root span.Heading4Char { font-style: italic; color: rgba(15, 71, 97, 1) }
.aspose-root span.Heading5Char { color: rgba(15, 71, 97, 1) }
.aspose-root span.Heading6Char { font-style: italic; color: rgba(89, 89, 89, 1) }
.aspose-root span.Heading7Char { color: rgba(89, 89, 89, 1) }
.aspose-root span.Heading8Char { font-style: italic; color: rgba(39, 39, 39, 1) }
.aspose-root span.Heading9Char { color: rgba(39, 39, 39, 1) }
.aspose-root span.Hyperlink { text-decoration: underline; color: rgba(0, 0, 255, 1); -aw-style-name: hyperlink }
.aspose-root span.IntenseEmphasis { font-style: italic; color: rgba(15, 71, 97, 1); -aw-style-name: intense-emphasis }
.aspose-root span.IntenseQuoteChar { font-style: italic; color: rgba(15, 71, 97, 1) }
.aspose-root span.IntenseReference { font-weight: bold; font-variant: small-caps; letter-spacing: 0.25pt; color: rgba(15, 71, 97, 1); -aw-style-name: intense-reference }
.aspose-root span.QuoteChar { font-style: italic; color: rgba(64, 64, 64, 1) }
.aspose-root span.SubtitleChar { font-size: 14pt; letter-spacing: 0.75pt; color: rgba(89, 89, 89, 1) }
.aspose-root span.TitleChar { font-family: ""Aptos Display""; font-size: 28pt; letter-spacing: -0.5pt }
.aspose-root .TableGrid { }

.aspose-root .rn-1 { font-family: Arial }
.aspose-root .rn-2.bw { font-family: Arial }
.aspose-root .rn-3 { margin-bottom: 0; text-align: center; line-height: normal; font-size: 9pt }
.aspose-root .rn-4 { font-family: Arial; font-weight: bold }
.aspose-root .rn-5.bw { font-family: Arial; font-weight: bold }
.aspose-root .rn-6 { font-family: Arial; font-weight: bold; -aw-import: ignore }
.aspose-root .rn-7.bw { font-family: Arial; font-weight: bold; -aw-import: ignore }
.aspose-root .rn-8.bk { margin-top: 0; margin-bottom: 0; text-align: justify; font-size: 9pt }
.aspose-root .rn-9.bw { font-family: Arial; -aw-import: ignore }
.aspose-root .rn-10 { width: 116.55pt; padding-right: 5.4pt; padding-left: 5.4pt; vertical-align: top }
.aspose-root .rn-11 { width: 102.6pt; padding-right: 5.4pt; padding-left: 5.4pt; vertical-align: top }
.aspose-root .rn-12 { text-align: justify; line-height: 108%; font-size: 9pt }
.aspose-root .rn-13 { margin-bottom: 0; text-align: justify; line-height: 108%; font-size: 9pt }
.aspose-root .rn-14 { font-family: Arial; -aw-import: spaces }
.aspose-root .rn-15 { font-family: Arial; font-size: 9pt; font-weight: bold }

RNS Number : 9548S

Venture Life Group PLC

01 September 2026

1 September 2026

VENTURE LIFE GROUP PLC

 

(""Venture Life"", ""VLG"" or the ""Company"")

 

Total Voting Rights

 

In accordance with the FCA’s Disclosure Guidance and Transparency Rule 5.6.1, the Company announces that on 31 August 2026 it had the following ordinary shares of 0.3 pence each in the capital of the Company:

 

|  |  |
| --- | --- |
| Total Issued Share Capital | 128,860,145 |
| Shares held in Treasury | 8,726,795 |
| Total Voting Rights | 120,133,350 |

 

Each Ordinary Share in issue carries one vote while Ordinary Shares held in Treasury have no voting rights.

 

Accordingly, the total number of voting rights above may be used by shareholders as the denominator for the calculation by which they will determine if they are required to notify their interest in, or a change to their interest in, the share capital of the Company under the FCA’s Disclosure and Transparency Rules.

 

 

For further information, please contact:

Venture Life Group PLC                                                                                                    +44 (0) 1344 578004

Jerry Randall, Chief Executive Officer

Daniel Wells, Chief Financial Officer 

Cavendish Capital Markets Limited (Nomad and Broker)                                             +44 (0) 20 7720 0500 

Stephen Keys/George Lawson (Corporate Finance)

Michael Johnson (Sales) 

 

About Venture Life ([www.venture-life.com](http://www.venture-life.com/))

Venture Life is an international consumer self-care company focused on commercialising products for the global self-care market. Headquartered in the UK, the Group's product portfolio includes Balance Activ in the area of women's intimate healthcare, Earol® supporting ENT care, Lift and Glucogel product ranges for energy and glucose management and hypoglycaemia, plus the Health & Her product range supporting the hormonal lifecycle.

The products, which are typically recommended by pharmacists or healthcare practitioners, are available primarily through health & beauty stores, pharmacies, grocery multiples and e-commerce channels and are sold globally. In the UK,  Ireland and the USA these are supplied direct by the company to retailers, elsewhere they are supplied by the Group's international distribution partners.

This information is provided by RNS, the news service of the London Stock Exchange. RNS is approved by the Financial Conduct Authority to act as a Primary Information Provider in the United Kingdom. Terms and conditions relating to the use and distribution of this information may apply. For further information, please contact [rns@lseg.com](mailto:rns@lseg.com) or visit [www.rns.com](http://www.rns.com/).  
  
RNS may use your IP address to confirm compliance with the terms and conditions, to analyse how you engage with the information contained in this communication, and to share such analysis on an anonymised basis with others as part of our commercial services. For further information about how RNS and the London Stock Exchange use the personal data you provide us, please see our [Privacy Policy](https://www.lseg.com/privacy-and-cookie-policy).

END

TVRMZGGLFMLGVZM",452010,"Personal Care, Drug and Grocery Stores "
17765634,2026-09-01 13:00:00,ISS and Glass Lewis voting recommendations,TheWorks.co.uk PLC,WRKS,MSC,RNS,9505S,https://www.londonstockexchange.com/news-article/WRKS/iss-and-glass-lewis-voting-recommendations/17765634,"/\*<![CDATA[\*/
/\*\*/
/\*\*/
/\*\*/
h1{margin-top:12.0pt;margin-right:0cm;margin-bottom:0cm;margin-left:0cm;margin-bottom:.0001pt;line-height:107%;font-size:16.0pt;font-family:Ebrima;color:#2ED668;font-weight:normal;}h2{margin-top:8.0pt;margin-right:0cm;margin-bottom:4.0pt;margin-left:0cm;line-height:107%;font-size:16.0pt;font-family:Ebrima;color:#2ED668;font-weight:normal;}h3{margin-top:8.0pt;margin-right:0cm;margin-bottom:4.0pt;margin-left:0cm;line-height:107%;font-size:14.0pt;font-family:Ebrima;color:#2ED668;font-weight:normal;}h4{margin-top:4.0pt;margin-right:0cm;margin-bottom:2.0pt;margin-left:0cm;line-height:107%;font-size:11.0pt;font-family:Ebrima;color:#2ED668;font-weight:normal;font-style:italic;}h5{margin-top:4.0pt;margin-right:0cm;margin-bottom:2.0pt;margin-left:0cm;line-height:107%;font-size:11.0pt;font-family:Ebrima;color:#2ED668;font-weight:normal;}h6{margin-top:2.0pt;margin-right:0cm;margin-bottom:0cm;margin-left:0cm;margin-bottom:.0001pt;line-height:107%;font-size:11.0pt;font-family:Ebrima;color:#00DE3D;font-weight:normal;font-style:italic;}ol{margin-bottom:0cm;}ul{margin-bottom:0cm;}link{ color: #14CA5E }visited{ color: #004513 }
.am{size:595.3pt 841.9pt;margin:72.0pt 72.0pt 72.0pt 72.0pt;}div.am{}p.a,li.a,div.a{margin-top:0cm;margin-right:0cm;margin-bottom:8.0pt;margin-left:0cm;line-height:107%;font-size:11.0pt;font-family:Ebrima;}p.aw{margin-top:0cm;margin-right:0cm;margin-bottom:8.0pt;margin-left:0cm;line-height:107%;font-size:11.0pt;font-family:Ebrima;text-align:center}p.ax{margin-top:0cm;margin-right:0cm;margin-bottom:8.0pt;margin-left:0cm;line-height:107%;font-size:11.0pt;font-family:Ebrima;text-align:justify}p.ay{margin-top:0cm;margin-right:0cm;margin-bottom:0cm;margin-left:36.0pt;margin-bottom:.0001pt;line-height:107%;font-size:11.0pt;font-family:Ebrima;text-align:justify;text-indent:-18.0pt}span.as{font-family:Symbol}p.az{margin-top:0cm;margin-right:0cm;margin-bottom:8.0pt;margin-left:36.0pt;line-height:107%;font-size:11.0pt;font-family:Ebrima;text-align:justify;text-indent:-18.0pt}table.ba{margin-left:-10.8pt;border-collapse:collapse}td.aq{width:203.8pt;padding:0cm 5.4pt 0cm 5.4pt}
tr.ao{height:3.3pt}td.ap{width:203.8pt;padding:0cm 5.4pt 0cm 5.4pt; height:3.3pt} .fr-view-element{font-family: sans-serif;font-size: 12pt;line-height: 140%;padding: 20px;box-sizing: border-box;overflow-x: auto;min-height: 60px;text-align: left;margin-bottom: 10px;width: 837px;} .fr-view-element img{padding: 0 1px;} .fr-view-element .am{margin: 63.8pt 1.6cm 62.35pt 1.6cm;} .fr-view-element p{font-size: 10pt;}
/\*\*/
/\*\*/
/\*\*/
/\*]]>\*/

RNS Number : 9505S

TheWorks.co.uk PLC

01 September 2026

1 September 2026

TheWorks.co.uk plc

(""The Works"", the ""Company"" or the ""Group"")

The UK's leading specialist retailer of affordable, screen-free activities for the whole family

At the Company's forthcoming AGM, Independent Voting Advisors ISS and Glass Lewis each recommends shareholders vote:

·    FOR Resolutions 1-14

·    AGAINST shareholder-proposed Resolution 15 proposed by Kelso to appoint Graeme Coulthard as a director of the Company.

The recommendations from ISS and Glass Lewis are in line with the unanimous voting recommendation of the Company's board of directors.

The Company's AGM will be held at the offices of Squire Patton Boggs LLP, 60 London Wall, London EC2M 5TQ, on 07 September 2026 at 2:00 p.m. All Proxy Forms and electronic proxy appointments must be received by 2.00 p.m. on Thursday 3 September 2026. Shareholders should submit their votes as soon as possible and note that voting deadlines through nominees or investment platforms may be earlier.

Unless the context otherwise requires, capitalised terms in this announcement have the same meaning as defined in the Company' 13 August 2026 announcement, a copy of which is available to view at the following link: [Publication of Annual Report and Notice of AGM | TheWorks.co.uk plc](https://ir.design-portfolio.co.uk/viewer/101/90281)

Enquiries

|  |  |
| --- | --- |
| The Works  Steve Bellamy, Chairman  Gavin Peck, CEO  Rosie Fordham, CFO | Via Hudson Sandler |
| Hudson Sandler - Financial PR  Alex Brennan / Lucy Wollam | theworks@hudsonsandler.com  020 7796 4133 |
| Singer Capital Markets  Peter Steel / Sara Hale / Amber Higgs | 020 7496 3000 |

About The Works

The Works is the UK's leading specialist retailer of affordable, screen-free activities for the whole family, providing customers with fantastic value across four product categories: arts and crafts, stationery, toys and games, and books.

The Group operates a network of over 500 stores in the UK & Ireland.

This information is provided by RNS, the news service of the London Stock Exchange. RNS is approved by the Financial Conduct Authority to act as a Primary Information Provider in the United Kingdom. Terms and conditions relating to the use and distribution of this information may apply. For further information, please contact [rns@lseg.com](mailto:rns@lseg.com) or visit [www.rns.com](http://www.rns.com/).  
  
RNS may use your IP address to confirm compliance with the terms and conditions, to analyse how you engage with the information contained in this communication, and to share such analysis on an anonymised basis with others as part of our commercial services. For further information about how RNS and the London Stock Exchange use the personal data you provide us, please see our [Privacy Policy](https://www.lseg.com/privacy-and-cookie-policy).

END

MSCLBMTTMTAMBMF",404010,Retailers 
17765615,2026-09-01 12:53:01,Total Voting Rights,Ocado Group PLC,OCDO,TVR,RNS,9507S,https://www.londonstockexchange.com/news-article/OCDO/total-voting-rights/17765615,"/\*<![CDATA[\*/
/\*\*/
/\*\*/
/\*\*/
ol{margin-bottom:0cm;}ul{margin-bottom:0cm;}link{ color: #0563C1 }visited{ color: #954F72 }
.aw{size:595.3pt 841.9pt;margin:72.0pt 72.0pt 72.0pt 72.0pt;}div.aw{}p.bt{margin-right:0cm;margin-left:0cm;font-size:12.0pt;font-family:""Times New Roman"",""serif"";margin:0cm;margin-bottom:.0001pt}span.bu{font-size:10.0pt;font-family:""Arial"",""sans-serif""}span.br{font-size:10.0pt;font-family:""Arial"",""sans-serif""}p.bv{margin-right:0cm;margin-left:0cm;font-size:12.0pt;font-family:""Times New Roman"",""serif"";margin:0cm;margin-bottom:.0001pt;text-align: center}span.bw{font-family: ""Arial"",""sans-serif""; font-size: 10.0pt; font-weight: bold}p.bx{margin-right:0cm;margin-left:0cm;font-size:12.0pt;font-family:""Times New Roman"",""serif"";margin:0cm;margin-bottom:.0001pt;text-align:justify}p.by{margin-right:0cm;margin-left:0cm;font-size:12.0pt;font-family:""Times New Roman"",""serif"";margin-top:0cm;margin-right:0cm;margin-bottom:0cm;margin-left: 36.0pt;margin-bottom:.0001pt;text-align:justify;text-indent:-18.0pt}span.bz{font-size:10.0pt;font-family:Symbol}
p.ca{margin-right:0cm;margin-left:0cm;font-size:12.0pt;font-family:""Times New Roman"",""serif"";margin-top:0cm;margin-right:0cm;margin-bottom:0cm;margin-left: 289.95pt;margin-bottom:.0001pt;text-align:justify}p.cb{margin-right:0cm;margin-left:0cm;font-size:12.0pt;font-family:""Times New Roman"",""serif"";margin-top:0cm;margin-right:0cm;margin-bottom:0cm; margin-left:36.0pt;margin-bottom:.0001pt;text-align:justify;text-indent:-18.0pt}p.cc{margin-right:0cm;margin-left:0cm;font-size:12.0pt;font-family:""Times New Roman"",""serif"";margin-top:0cm;margin-right:0cm;margin-bottom:0cm; margin-left:36.0pt;margin-bottom:.0001pt;text-align:justify}p.cd{margin-top:0cm;margin-right:0cm;margin-bottom:8.0pt;margin-left:36.0pt;line-height:107%;font-size:11.0pt;font-family:""Calibri"",""sans-serif"";margin-left:46.8pt}span.ce{font-size:10.0pt;line-height:107%;font-family:""Arial"",""sans-serif""}p.cf{margin-right:0cm;margin-left:0cm;font-size:12.0pt;font-family:""Times New Roman"",""serif"";margin-top:0cm;margin-right:0cm;margin-bottom:0cm; margin-left:67.5pt;margin-bottom:.0001pt;text-align:justify;text-indent:-21.25pt}span.bf{font-size:10.0pt;font-family:Symbol;color:black}span.be{font-size:10.0pt;font-family:""Arial"",""sans-serif"";color:#222222; background:white}span.bd{font-size:10.0pt; font-family:""Arial"",""sans-serif"";color:black;background:white}p.cg{margin-right:0cm;margin-left:0cm;font-size:12.0pt;font-family:""Times New Roman"",""serif"";margin-top:0cm;margin-right:0cm;margin-bottom:0cm; margin-left:10.8pt;margin-bottom:.0001pt;text-align:justify}
span.bb{font-size:10.0pt;font-family:""Arial"",""sans-serif"";color:black; background:white}span.bm{font-size:10.0pt;font-family:Symbol}p.ch{margin-right:0cm;margin-left:0cm;font-size:12.0pt;font-family:""Times New Roman"",""serif"";margin:0cm;margin-bottom:.0001pt;text-align:justify}span.ci{font-size:10.0pt;font-family:""Arial"",""sans-serif""}span.cj{font-size:10.0pt;font-family:""Arial"",""sans-serif"";background: white}span.ay{font-size:10.0pt;font-family:""Arial"",""sans-serif"";color:windowtext}p.ck{margin-top:0cm;margin-right:0cm;margin-bottom:8.0pt;margin-left:0cm;line-height:107%;font-size:11.0pt;font-family:""Calibri"",""sans-serif"";text-align:justify}span.bh{font-size:10.0pt;line-height:107%;font-family:""Arial"",""sans-serif""} .fr-view-element{font-family: sans-serif;font-size: 12pt;line-height: 140%;padding: 20px;box-sizing: border-box;overflow-x: auto;min-height: 60px;text-align: left;margin-bottom: 10px;width: 837px;} .fr-view-element img{padding: 0 1px;} .fr-view-element .aw{margin: 63.8pt 1.6cm 62.35pt 1.6cm;} .fr-view-element p{font-size: 10pt;}
/\*\*/
/\*\*/
/\*\*/
/\*]]>\*/

RNS Number : 9507S

Ocado Group PLC

01 September 2026

TOTAL VOTING RIGHTS

OCADO GROUP PLC

1 September 2026

 

Ocado Group plc

Voting rights and capital

 

In accordance with the FCA's Disclosure Guidance and Transparency Rules, Ocado Group plc (""Ocado"") announces that, as at 31 August 2026:

 

·      it had 846,174,210 issued ordinary shares of 2 pence each admitted to trading. Each ordinary share carries the right to one vote in relation to all circumstances at general meetings of Ocado;

 

·      it does not hold any ordinary shares in treasury; and

 

·      accordingly, it had total voting rights of 846,174,210. Of these issued ordinary shares:

 

·       6,845,223 shares are held by Computershare Trustees Limited, the trustee for the Company's employee Share Incentive Plan, who must vote, at the request of a participant, in respect of ordinary shares held by the trustee on behalf of that participant;

 

·       536,438 shares are held by Wealth Nominees Limited, and 10,010,128 shares are held by Winterflood Client Nominees Limited, both on behalf of Ocorian Limited, the independent company which is the trustee of Ocado's Employee Benefit Trust (the ""EBT Trustee""). The EBT Trustee has waived its right to exercise its voting rights and to receive dividends in respect of 10,010,128 ordinary shares, although it may vote in respect of 536,438 ordinary shares which have vested under the joint share ownership scheme and remain in the trust, at the request of a participant. The total of 10,546,566 ordinary shares held by the EBT Trustee are treated as treasury shares in the group's consolidated balance sheet in accordance with IAS 32 ''Financial Instruments: Presentation''. As such, calculations of earnings per share for Ocado exclude the 10,546,566 ordinary shares held by the EBT Trustee.

 

The total voting rights figure 846,174,210 may be used by shareholders and others with notification obligations as the denominator for the calculations by which they will determine whether they are required to notify their interest in, or a change to their interest in, Ocado under the FCA's Disclosure Guidance and Transparency Rules.

 

Excluding the 10,546,566 ordinary shares held by the EBT Trustee as detailed above, Ocado has shares in issue with aggregate voting rights of 835,627,644.

 

Person responsible for arranging the release of this announcement:

 

Ruth Westley

Interim Director of Corporate Governance

Ocado Group plc

Buildings One & Two

Trident Place

Mosquito Way

Hatfield

Hertfordshire AL10 9UL

email: [company.secretary@ocado.com](mailto:company.secretary@ocado.com)

 

Ocado Group plc LEI: 213800LO8F61YB8MBC74

This information is provided by RNS, the news service of the London Stock Exchange. RNS is approved by the Financial Conduct Authority to act as a Primary Information Provider in the United Kingdom. Terms and conditions relating to the use and distribution of this information may apply. For further information, please contact [rns@lseg.com](mailto:rns@lseg.com) or visit [www.rns.com](http://www.rns.com/).  
  
RNS may use your IP address to confirm compliance with the terms and conditions, to analyse how you engage with the information contained in this communication, and to share such analysis on an anonymised basis with others as part of our commercial services. For further information about how RNS and the London Stock Exchange use the personal data you provide us, please see our [Privacy Policy](https://www.lseg.com/privacy-and-cookie-policy).

END

TVRFLFEFALILIIR",452010,"Personal Care, Drug and Grocery Stores "
17765555,2026-09-01 12:13:02,Total Voting Rights,JD Sports Fashion PLC,JD.,TVR,RNS,9460S,https://www.londonstockexchange.com/news-article/JD./total-voting-rights/17765555,"/\*<![CDATA[\*/
/\*\*/
/\*\*/
/\*\*/
h1{margin-top:18.0pt;margin-right:0cm;margin-bottom:4.0pt;margin-left:0cm;line-height:115%;font-size:20.0pt;font-family:""Aptos Display"",""sans-serif"";color:#0F4761;font-weight:normal;}h2{margin-top:8.0pt;margin-right:0cm;margin-bottom:4.0pt;margin-left:0cm;line-height:115%;font-size:16.0pt;font-family:""Aptos Display"",""sans-serif"";color:#0F4761;font-weight:normal;}h3{margin-top:8.0pt;margin-right:0cm;margin-bottom:4.0pt;margin-left:0cm;line-height:115%;font-size:14.0pt;font-family:""Aptos"",""sans-serif"";color:#0F4761;font-weight:normal;}h4{margin-top:4.0pt;margin-right:0cm;margin-bottom:2.0pt;margin-left:0cm;line-height:115%;font-size:12.0pt;font-family:""Aptos"",""sans-serif"";color:#0F4761;font-weight:normal;font-style:italic;}h5{margin-top:4.0pt;margin-right:0cm;margin-bottom:2.0pt;margin-left:0cm;line-height:115%;font-size:12.0pt;font-family:""Aptos"",""sans-serif"";color:#0F4761;font-weight:normal;}h6{margin-top:2.0pt;margin-right:0cm;margin-bottom:0cm;margin-left:0cm;margin-bottom:.0001pt;line-height:115%;font-size:12.0pt;font-family:""Aptos"",""sans-serif"";color:#595959;font-weight:normal;font-style:italic;}link{ color: #467886 }visited{ color: #96607D }
.ar{size:595.3pt 841.9pt;margin:72.0pt 72.0pt 72.0pt 72.0pt;}div.ar{}p.n,li.n,div.n{margin:0cm;margin-bottom:.0001pt;font-size:12.0pt;font-family:""Aptos"",""sans-serif"";}p.a,li.a,div.a{margin-top:0cm;margin-right:0cm;margin-bottom:8.0pt;margin-left:0cm;line-height:115%;font-size:12.0pt;font-family:""Aptos"",""sans-serif"";}p.aw{margin-top:0cm;margin-right:0cm;margin-bottom:8.0pt;margin-left:0cm;line-height:115%;font-size:12.0pt;font-family:""Aptos"",""sans-serif"";margin-bottom:0cm;margin-bottom:.0001pt;text-align: justify;line-height:normal}p.ax{margin-top:0cm;margin-right:0cm;margin-bottom:8.0pt;margin-left:0cm;line-height:115%;font-size:12.0pt;font-family:""Aptos"",""sans-serif"";margin-bottom:0cm;margin-bottom:.0001pt;line-height: normal}span.as{color:black} .fr-view-element{font-family: sans-serif;font-size: 12pt;line-height: 140%;padding: 20px;box-sizing: border-box;overflow-x: auto;min-height: 60px;text-align: left;margin-bottom: 10px;width: 837px;} .fr-view-element img{padding: 0 1px;} .fr-view-element .ar{margin: 63.8pt 1.6cm 62.35pt 1.6cm;} .fr-view-element p{font-size: 10pt;}
/\*\*/
/\*\*/
/\*\*/
/\*]]>\*/

RNS Number : 9460S

JD Sports Fashion PLC

01 September 2026

01 September 2026

 

JD Sports Fashion plc - Total Voting Rights

 

The following notification is made in accordance with Rule 5.6 of the FCA's Disclosure Guidance and Transparency Rules.

 

As at close of business on 28 August 2026, JD Sports Fashion plc confirms that the total number of ordinary shares in issue was 4,862,049,128 at £0.0005 each, with each share carrying the right to one vote. 79,897,460 ordinary shares are held in treasury as at the date of this announcement. The total number of voting rights in the Company is therefore 4,782,151,668 which may be used by shareholders as the denominator for calculations by which they will determine if they are required to notify their interest in, or a change to their interest in, the Company under the FCA's Disclosure Guidance and Transparency Rules.

 

Enquiries

 

JD Sports Fashion Plc                                                      Tel: 0161 767 1000

Régis Schultz, Chief Executive Officer

Dominic Platt, Chief Financial Officer

Theresa Casey, General Counsel & Company Secretary

Maj Nazir, Director of Investor Relations

 

Headland                                                                              Tel: 020 3805 4822

Lucy Legh

Rob Walker

Eleanor Evans

 

LEI: 213800HROV6Y9MUU8375

This information is provided by RNS, the news service of the London Stock Exchange. RNS is approved by the Financial Conduct Authority to act as a Primary Information Provider in the United Kingdom. Terms and conditions relating to the use and distribution of this information may apply. For further information, please contact [rns@lseg.com](mailto:rns@lseg.com) or visit [www.rns.com](http://www.rns.com/).  
  
RNS may use your IP address to confirm compliance with the terms and conditions, to analyse how you engage with the information contained in this communication, and to share such analysis on an anonymised basis with others as part of our commercial services. For further information about how RNS and the London Stock Exchange use the personal data you provide us, please see our [Privacy Policy](https://www.lseg.com/privacy-and-cookie-policy).

END

TVRBDGDCDBGDGLB",404010,Retailers 
17765549,2026-09-01 12:06:41,Director Declaration,JD Sports Fashion PLC,JD.,BOA,RNS,9453S,https://www.londonstockexchange.com/news-article/JD./director-declaration/17765549,"/\*<![CDATA[\*/
/\*\*/
/\*\*/
/\*\*/
link{ color: #467886 }visited{ color: purple }
.w{size:595.3pt 841.9pt;margin:72.0pt 72.0pt 72.0pt 72.0pt;}div.w{}p.as{margin-top:0cm;margin-right:0cm;margin-bottom:8.0pt;margin-left:0cm;line-height:103%;text-autospace:ideograph-other;font-size:11.0pt;font-family:""Calibri"",""sans-serif"";margin-top:12.0pt;margin-right:0cm;margin-bottom: 12.0pt;margin-left:0cm;line-height:normal}span.aq{font-size:10.0pt;font-family:""Arial"",""sans-serif"";color:black}p.at{margin-top:0cm;margin-right:0cm;margin-bottom:8.0pt;margin-left:0cm;line-height:103%;text-autospace:ideograph-other;font-size:11.0pt;font-family:""Calibri"",""sans-serif"";margin-top:12.0pt;margin-right:0cm; margin-bottom:12.0pt;margin-left:0cm;text-align:center;line-height:normal}p.au{margin-top:0cm;margin-right:0cm;margin-bottom:8.0pt;margin-left:0cm;line-height:103%;text-autospace:ideograph-other;font-size:11.0pt;font-family:""Calibri"",""sans-serif"";margin-bottom:0cm;margin-bottom:.0001pt; text-align:center;line-height:normal}span.an{font-size: 10.0pt;font-family:""Arial"",""sans-serif"";color:black}p.av{margin-top:5.0pt;margin-right:0cm;margin-bottom:5.0pt;margin-left:0cm;text-autospace:ideograph-other;font-size:12.0pt;font-family:""Times New Roman"",""serif"";margin-top:0cm;margin-right:0cm;margin-bottom:8.0pt; margin-left:0cm;background:white}span.al{font-size:10.0pt; font-family:""Arial"",""sans-serif"";color:black}p.aw{margin-top:5.0pt;margin-right:0cm;margin-bottom:5.0pt;margin-left:0cm;text-autospace:ideograph-other;font-size:12.0pt;font-family:""Times New Roman"",""serif"";margin-top:0cm;margin-right:0cm;margin-bottom:8.0pt; margin-left:0cm;text-align:justify;background:white}
span.ai{font-size:10.0pt;font-family:""Arial"",""sans-serif""}span.aj{color:black}span.ax{font-size:10.0pt;font-family:""Noto Sans"",""sans-serif""; color:black}p.ay{margin-top:0cm;margin-right:0cm;margin-bottom:8.0pt;margin-left:0cm;line-height:103%;text-autospace:ideograph-other;font-size:11.0pt;font-family:""Calibri"",""sans-serif"";margin-top:5.75pt;margin-right:7.2pt;margin-bottom: 0cm;margin-left:0cm;margin-bottom:.0001pt;text-align:justify;line-height:14.0pt; vertical-align:baseline}p.az{margin-top:0cm;margin-right:0cm;margin-bottom:8.0pt;margin-left:0cm;line-height:103%;text-autospace:ideograph-other;font-size:11.0pt;font-family:""Calibri"",""sans-serif"";margin-bottom:0cm;margin-bottom:.0001pt;line-height: normal}span.ae{font-size:10.0pt;font-family:""Arial"",""sans-serif""; color:black}p.ba{margin-top:0cm;margin-right:0cm;margin-bottom:8.0pt;margin-left:0cm;line-height:103%;text-autospace:ideograph-other;font-size:11.0pt;font-family:""Calibri"",""sans-serif"";margin-bottom:0cm;margin-bottom:.0001pt;text-align: justify;line-height:normal}table.bb{width:467.55pt;margin-left:-5.4pt;border-collapse:collapse}td.ab{width:271.05pt;padding:0cm 5.4pt 0cm 5.4pt}td.aa{width:174.9pt;padding:0cm 5.4pt 0cm 5.4pt}
td.z{padding:.75pt .75pt .75pt .75pt}p.bc{margin-top:0cm;margin-right:0cm;margin-bottom:8.0pt;margin-left:0cm;line-height:103%;text-autospace:ideograph-other;font-size:11.0pt;font-family:""Calibri"",""sans-serif"";margin-top:5.0pt;margin-right:0cm;margin-bottom:0cm; margin-left:0cm;margin-bottom:.0001pt;line-height:normal}p.a,li.a,div.a{margin-top:0cm;margin-right:0cm;margin-bottom:8.0pt;margin-left:0cm;line-height:103%;text-autospace:ideograph-other;font-size:11.0pt;font-family:""Calibri"",""sans-serif"";} .fr-view-element{font-family: sans-serif;font-size: 12pt;line-height: 140%;padding: 20px;box-sizing: border-box;overflow-x: auto;min-height: 60px;text-align: left;margin-bottom: 10px;width: 837px;} .fr-view-element img{padding: 0 1px;} .fr-view-element .w{margin: 63.8pt 1.6cm 62.35pt 1.6cm;} .fr-view-element p{font-size: 10pt;}
/\*\*/
/\*\*/
/\*\*/
/\*]]>\*/

RNS Number : 9453S

JD Sports Fashion PLC

01 September 2026

1 September 2026

JD SPORTS FASHION PLC

DIRECTOR DECLARATION

 

In accordance with UK Listing Rule 6.4.9(2), JD Sports Fashion plc (the 'Company') announces that Darren Shapland, a Non-Executive Director of the Company, has been appointed as an independent Non-Executive Chair of AG Barr plc, effective 1 September 2026.

Darren's role at JD will remain unchanged, and he will continue to serve on the Board of JD Sports Fashion plc.

 

Enquiries

 

JD Sports Fashion Plc                                                                         Tel: 0161 767 1000

|  |  |
| --- | --- |
| Theresa Casey, General Counsel & Company  Secretary |  |
| Maj Nazir, Group Investor Relations Director |  |

 

Headland Consultancy                                                                         Tel: 0203 805 4822

Lucy Legh

Rob Walker

Eleanor Evans

This information is provided by RNS, the news service of the London Stock Exchange. RNS is approved by the Financial Conduct Authority to act as a Primary Information Provider in the United Kingdom. Terms and conditions relating to the use and distribution of this information may apply. For further information, please contact [rns@lseg.com](mailto:rns@lseg.com) or visit [www.rns.com](http://www.rns.com/).  
  
RNS may use your IP address to confirm compliance with the terms and conditions, to analyse how you engage with the information contained in this communication, and to share such analysis on an anonymised basis with others as part of our commercial services. For further information about how RNS and the London Stock Exchange use the personal data you provide us, please see our [Privacy Policy](https://www.lseg.com/privacy-and-cookie-policy).

END

BOAGZGGLZMKGVZM",404010,Retailers 
17765544,2026-09-01 12:04:13,Total Voting Rights,Unilever PLC,ULVR,TVR,RNS,9450S,https://www.londonstockexchange.com/news-article/ULVR/total-voting-rights/17765544,"/\*<![CDATA[\*/
/\*\*/
/\*\*/
/\*\*/
link{ color: blue }visited{ color: #954F72 }
.m{size:595.2pt 842.15pt;margin:72.0pt 72.0pt 72.0pt 72.0pt;}div.m{}p.z{margin:0cm;margin-bottom:.0001pt;line-height:15.45pt;font-size:12.0pt;font-family:""Times New Roman"",""serif"";color:black;margin-top:3.0pt;margin-right:0cm;margin-bottom:7.2pt; margin-left:0cm;text-align:justify}span.x{font-size:11.0pt; font-family:""Century Gothic"",""sans-serif""}p.aa{margin:0cm;margin-bottom:.0001pt;line-height:15.45pt;font-size:12.0pt;font-family:""Times New Roman"",""serif"";color:black;margin-top:3.0pt;margin-right:0cm; margin-bottom:7.2pt;margin-left:0cm;text-align:right}span.v{font-size: 11.0pt;font-family:""Century Gothic"",""sans-serif""}p.ab{margin:0cm;margin-bottom:.0001pt;line-height:15.45pt;font-size:12.0pt;font-family:""Times New Roman"",""serif"";color:black;margin-top:3.0pt;margin-right:0cm; margin-bottom:7.2pt;margin-left:0cm;text-align:center}span.t{font-size:11.0pt;font-family:""Century Gothic"",""sans-serif""}p.ac{margin:0cm;margin-bottom:.0001pt;line-height:15.45pt;font-size:12.0pt;font-family:""Times New Roman"",""serif"";color:black;margin-top:3.0pt;margin-right:0cm;margin-bottom:7.2pt; margin-left:0cm}span.q{font-size:11.0pt;font-family: ""Century Gothic"",""sans-serif""}
span.p{font-size:11.0pt;font-family:""Century Gothic"",""sans-serif""; color:windowtext}span.o{font-size:11.0pt;font-family:""Century Gothic"",""sans-serif"";color:windowtext}span.n{font-size: 11.0pt;font-family:""Century Gothic"",""sans-serif"";color:windowtext} .fr-view-element{font-family: sans-serif;font-size: 12pt;line-height: 140%;padding: 20px;box-sizing: border-box;overflow-x: auto;min-height: 60px;text-align: left;margin-bottom: 10px;width: 837px;} .fr-view-element img{padding: 0 1px;} .fr-view-element .m{margin: 63.8pt 1.6cm 62.35pt 1.6cm;} .fr-view-element p{font-size: 10pt;}
/\*\*/
/\*\*/
/\*\*/
/\*]]>\*/

RNS Number : 9450S

Unilever PLC

01 September 2026

1 September 2026

 

Unilever PLC

Voting Rights and Capital Update

 

The following notification is made in accordance with the UK Financial Conduct Authority's Disclosure Guidance and Transparency Rule 5.6.1.

Unilever PLC's issued share capital as at 31 August 2026 consisted of 2,185,205,247 ordinary shares of 3 1/2p each. Of those ordinary shares, 30,703,780 were held as treasury shares and 173,846 ordinary shares (including ordinary shares represented by Unilever PLC ADSs) were held by or on behalf of companies in the Unilever group (the ""Unilever Group Shares""). The voting rights attaching to the Unilever Group Shares are not exercisable. Accordingly, as at 31 August 2026, there were 2,154,327,621 shares with voting rights.

The figure of 2,154,327,621 may be used by shareholders as the denominator for the calculations by which they will determine if they are required to notify their interest in, or a change to their interest in, Unilever PLC under the UK Financial Conduct Authority's Disclosure Guidance and Transparency Rules.

 

 

Prakash Kakkad

Chief Legal Officer and Group Company Secretary

This information is provided by RNS, the news service of the London Stock Exchange. RNS is approved by the Financial Conduct Authority to act as a Primary Information Provider in the United Kingdom. Terms and conditions relating to the use and distribution of this information may apply. For further information, please contact [rns@lseg.com](mailto:rns@lseg.com) or visit [www.rns.com](http://www.rns.com/).  
  
RNS may use your IP address to confirm compliance with the terms and conditions, to analyse how you engage with the information contained in this communication, and to share such analysis on an anonymised basis with others as part of our commercial services. For further information about how RNS and the London Stock Exchange use the personal data you provide us, please see our [Privacy Policy](https://www.lseg.com/privacy-and-cookie-policy).

END

TVRUARURNUUKRAR",452010,"Personal Care, Drug and Grocery Stores "
17765525,2026-09-01 12:00:00,Total Voting Rights,Kingfisher PLC,KGF,TVR,RNS,9369S,https://www.londonstockexchange.com/news-article/KGF/total-voting-rights/17765525,"/\*<![CDATA[\*/
/\*\*/
/\*\*/
ol{margin-bottom:0cm;}ul{margin-bottom:0cm;}link{ color: #467886 }visited{ color: #96607D }
.s{size:21.0cm 842.0pt;margin:48.85pt 70.9pt 17.85pt 70.9pt;}div.s{}p.z{margin:0cm;margin-bottom:.0001pt;font-size:12.0pt;font-family:""Arial"",""sans-serif"";text-align:center}span.x{font-size:10.0pt}p.a,li.a,div.a{margin:0cm;margin-bottom:.0001pt;font-size:12.0pt;font-family:""Arial"",""sans-serif"";}p.j,li.j,div.j{margin:0cm;margin-bottom:.0001pt;text-align:justify;font-size:12.0pt;font-family:""Times New Roman"",""serif"";}span.aa{font-family:""Arial"",""sans-serif"";font-size:10.0pt}p.ab{margin:0cm;margin-bottom:.0001pt;text-align:justify;font-size:12.0pt;font-family:""Times New Roman"",""serif"";margin-left:36.0pt;text-indent:-36.0pt}span.v{font-size:10.0pt; font-family:""Arial"",""sans-serif""}span.k{font-family:""Arial"",""sans-serif"";}
span.t{font-size:10.0pt;font-family:""Arial"",""sans-serif""} .fr-view-element{font-family: sans-serif;font-size: 12pt;line-height: 140%;padding: 20px;box-sizing: border-box;overflow-x: auto;min-height: 60px;text-align: left;margin-bottom: 10px;width: 837px;} .fr-view-element img{padding: 0 1px;} .fr-view-element .s{margin: 63.8pt 1.6cm 62.35pt 1.6cm;} .fr-view-element p{font-size: 10pt;}
/\*\*/
/\*\*/
/\*]]>\*/

RNS Number : 9369S

Kingfisher PLC

01 September 2026

KINGFISHER PLC (the 'Company')

 

Total Voting Rights and Capital

 

In accordance with Disclosure Guidance and Transparency Rule 5.6.1, the Company hereby notifies the market that as at 31 August 2026:

 

i)          the Company's issued share capital consists of 1,648,995,095 ordinary shares of 15 5/7p each admitted to trading, and each with one vote;

ii)          no shares are held in treasury by the Company; and

iii)         the total number of shares in issue in the Company with voting rights is therefore 1,648,995,095. This figure may be used by shareholders (and others with notification obligations) as the denominator for the calculation by which they will determine if they are required to notify their interest in, or a change to their interest in, the Company under the FCA's Disclosure Guidance and Transparency Rules.

 

 

Daniel Rose

Deputy Company Secretary

[secretariat@kingfisher.com](mailto:secretariat@kingfisher.com)

This information is provided by RNS, the news service of the London Stock Exchange. RNS is approved by the Financial Conduct Authority to act as a Primary Information Provider in the United Kingdom. Terms and conditions relating to the use and distribution of this information may apply. For further information, please contact [rns@lseg.com](mailto:rns@lseg.com) or visit [www.rns.com](http://www.rns.com/).  
  
RNS may use your IP address to confirm compliance with the terms and conditions, to analyse how you engage with the information contained in this communication, and to share such analysis on an anonymised basis with others as part of our commercial services. For further information about how RNS and the London Stock Exchange use the personal data you provide us, please see our [Privacy Policy](https://www.lseg.com/privacy-and-cookie-policy).

END

TVRSSMFFFEMSEFU",404010,Retailers 
17765509,2026-09-01 11:50:15,Halfords Group PLC: Total Voting Rights,Halfords Group PLC,HFD,TVR,EQS,2391836_en,https://www.londonstockexchange.com/news-article/HFD/halfords-group-plc-total-voting-rights/17765509,"|  |
| --- |
| Halfords Group PLC (HFD)   Halfords Group PLC: Total Voting Rights   01-Sep-2026 / 12:50 GMT/BST   ---   Halfords Group plc  Total Voting Rights  As at the date of this announcement, the registered share capital of Halfords Group plc (the “Company”) consists of 218,928,736 ordinary shares of 1p each. All of the ordinary shares have equal voting rights and there are no shares held in Treasury.  This figure may be used by shareholders as the denominator for the calculations by which they will determine if they are required to notify their interest in, or a change to their interest in, the Company under the FCA’s Disclosure Guidance and Transparency Rules.  This disclosure is given in accordance with DTR 5.6.1 of the Disclosure Guidance and Transparency Rules.  Tim O’Gorman Company Secretary  07484 036372   ---    Dissemination of a Regulatory Announcement, transmitted by [EQS Group](https://nwr.eqs-cockpit.com/fncls2.ssx?fn=redirect&url=f5d50dc7e8798b6eb177f7955e598e60&application_id=2391836&site_id=acquiremedia~~~46b1ef00-8625-4c39-92ac-77327581d2ba&application_name=news).  The issuer is solely responsible for the content of this announcement.   View original content: [EQS News](https://nwr.eqs-cockpit.com/fncls2.ssx?fn=redirect&url=fc79b8b0b6cc8235f92414432bfc5ad8&application_id=2391836&site_id=acquiremedia~~~46b1ef00-8625-4c39-92ac-77327581d2ba&application_name=news)  --- |

|  |  |
| --- | --- |
|  |  |
| ISIN: | GB00B012TP20 |
| Category Code: | TVR |
| TIDM: | HFD |
| LEI Code: | 54930086FKBWWJIOBI79 |
| Sequence No.: | 441661 |
| EQS News ID: | 2391836 |

  

|  |  |
| --- | --- |
|  | |

|  |  |
| --- | --- |
|  | |
| End of Announcement | EQS News Service |

|  |
| --- |
| --- |",404010,Retailers 
17765507,2026-09-01 11:46:15,Halfords Group PLC: Holding in Company,Halfords Group PLC,HFD,HOL,EQS,2391824_en,https://www.londonstockexchange.com/news-article/HFD/halfords-group-plc-holding-in-company/17765507,"|  |  |  |  |  |  |  |  |  |  |  |  |  |  |  |  |  |  |  |  |  |  |  |  |  |  |  |  |  |  |  |  |  |  |  |  |  |  |  |  |  |  |  |  |  |  |  |  |  |  |  |  |  |  |  |  |  |  |  |  |  |  |  |  |  |  |  |  |  |  |  |  |  |  |  |  |  |  |  |  |  |  |  |  |  |  |  |  |  |  |  |  |  |  |  |  |  |  |  |  |  |  |  |  |  |  |  |  |  |  |  |  |  |  |  |  |  |  |  |  |  |  |  |  |  |  |  |  |  |  |  |  |  |  |  |  |  |  |  |  |  |  |  |  |  |  |  |  |  |  |  |  |  |  |  |  |  |  |  |  |  |  |  |  |  |  |  |  |  |  |  |  |  |  |  |  |  |  |  |  |  |  |  |  |  |  |  |  |  |  |  |  |  |  |  |  |  |  |  |  |  |  |  |  |  |  |  |  |  |  |  |  |  |  |  |  |  |  |  |  |  |  |  |  |  |  |  |  |  |  |  |  |  |  |  |  |  |  |  |  |  |  |  |  |  |  |  |  |  |  |  |  |  |  |  |  |  |  |  |  |  |  |  |  |  |  |  |  |  |  |  |  |  |  |  |  |  |  |  |  |  |  |  |  |  |  |  |  |  |  |  |  |  |  |  |  |  |  |  |  |  |  |  |  |  |  |  |  |  |  |  |  |  |  |  |  |  |  |  |  |  |  |  |  |  |  |  |  |  |  |  |  |  |  |  |  |  |  |  |  |  |  |  |  |  |  |  |  |  |  |  |  |  |  |  |  |  |  |  |  |  |  |  |  |  |  |  |  |  |  |  |  |  |  |  |  |  |  |  |  |  |  |  |  |  |  |  |  |  |  |  |  |  |  |  |  |  |  |  |  |  |  |  |  |  |  |  |  |  |  |  |  |  |  |  |  |  |  |  |  |  |  |  |  |  |  |  |  |
| --- | --- | --- | --- | --- | --- | --- | --- | --- | --- | --- | --- | --- | --- | --- | --- | --- | --- | --- | --- | --- | --- | --- | --- | --- | --- | --- | --- | --- | --- | --- | --- | --- | --- | --- | --- | --- | --- | --- | --- | --- | --- | --- | --- | --- | --- | --- | --- | --- | --- | --- | --- | --- | --- | --- | --- | --- | --- | --- | --- | --- | --- | --- | --- | --- | --- | --- | --- | --- | --- | --- | --- | --- | --- | --- | --- | --- | --- | --- | --- | --- | --- | --- | --- | --- | --- | --- | --- | --- | --- | --- | --- | --- | --- | --- | --- | --- | --- | --- | --- | --- | --- | --- | --- | --- | --- | --- | --- | --- | --- | --- | --- | --- | --- | --- | --- | --- | --- | --- | --- | --- | --- | --- | --- | --- | --- | --- | --- | --- | --- | --- | --- | --- | --- | --- | --- | --- | --- | --- | --- | --- | --- | --- | --- | --- | --- | --- | --- | --- | --- | --- | --- | --- | --- | --- | --- | --- | --- | --- | --- | --- | --- | --- | --- | --- | --- | --- | --- | --- | --- | --- | --- | --- | --- | --- | --- | --- | --- | --- | --- | --- | --- | --- | --- | --- | --- | --- | --- | --- | --- | --- | --- | --- | --- | --- | --- | --- | --- | --- | --- | --- | --- | --- | --- | --- | --- | --- | --- | --- | --- | --- | --- | --- | --- | --- | --- | --- | --- | --- | --- | --- | --- | --- | --- | --- | --- | --- | --- | --- | --- | --- | --- | --- | --- | --- | --- | --- | --- | --- | --- | --- | --- | --- | --- | --- | --- | --- | --- | --- | --- | --- | --- | --- | --- | --- | --- | --- | --- | --- | --- | --- | --- | --- | --- | --- | --- | --- | --- | --- | --- | --- | --- | --- | --- | --- | --- | --- | --- | --- | --- | --- | --- | --- | --- | --- | --- | --- | --- | --- | --- | --- | --- | --- | --- | --- | --- | --- | --- | --- | --- | --- | --- | --- | --- | --- | --- | --- | --- | --- | --- | --- | --- | --- | --- | --- | --- | --- | --- | --- | --- | --- | --- | --- | --- | --- | --- | --- | --- | --- | --- | --- | --- | --- | --- | --- | --- | --- | --- | --- | --- | --- | --- | --- | --- | --- | --- | --- | --- | --- | --- | --- | --- | --- | --- | --- | --- | --- | --- | --- | --- | --- | --- | --- | --- | --- | --- | --- | --- | --- | --- | --- | --- | --- | --- | --- | --- | --- | --- | --- | --- | --- | --- | --- | --- | --- | --- | --- | --- | --- | --- | --- | --- | --- | --- | --- | --- | --- | --- | --- | --- | --- | --- | --- | --- | --- | --- | --- | --- | --- | --- | --- | --- | --- | --- | --- | --- | --- | --- | --- | --- | --- | --- | --- | --- | --- | --- | --- | --- |
| Halfords Group PLC (HFD)   Halfords Group PLC: Holding in Company   01-Sep-2026 / 12:46 GMT/BST   ---   TR-1: Standard form for notification of major holdings      |  |  |  |  |  |  |  | | --- | --- | --- | --- | --- | --- | --- | | NOTIFICATION OF MAJOR HOLDINGS | | | | | | | |  | | | | | | | | 1a. Identity of the issuer or the underlying issuer of existing shares to which voting rights are attached ii: | | | GB00B012TP20 | | | | | 1b. Please indicate if the issuer is a non-UK issuer (please mark with an “X” if appropriate) | | | | | | | | UK | | | | | |  | | 2. Reason for the notification (please mark the appropriate box or boxes with an “X”) | | | | | | | | An acquisition or disposal of voting rights | | | | | | X | | An acquisition or disposal of financial instruments | | | | | |  | | An event changing the breakdown of voting rights | | | | | |  | | Other (please specify) iii: | | | | | |  | | 3. Details of person subject to the notification obligation iv | | | | | | | | Name | | | JPMorgan Chase & Co. | | | | | City and country of registered office (if applicable) | | | US | | | | | 4. Full name of shareholder(s) (if different from 3.) v | | | | | | | | Name | | | J.P. Morgan Securities PLC | | | | | City and country of registered office (if applicable) | | |  | | | | | 5. Date on which the threshold was crossed or reached vi: | | | 26-Aug-2026 | | | | | 6. Date on which issuer notified (DD/MM/YYYY): | | | 28-Aug-2026 | | | | | 7. Total positions of person(s) subject to the notification obligation | | | | | | | |  | % of voting rights attached to shares (total of 8. A) | % of voting rights through financial instruments  (total of 8.B 1 + 8.B 2) | | Total of both in % (8.A + 8.B) | Total number of voting rights held in issuer (8.A + 8.B) vii | | | Resulting situation on the date on which threshold was crossed or reached | Below  minimum  threshold | Below  minimum  threshold | | Below  minimum  threshold | Below  minimum  threshold | | | Position of previous notification (if  applicable) | 1.767240 | 3.238707 | | 5.0054947 |  | | |  |  |  |  |  |  |  |      |  |  |  |  |  |  |  |  |  |  | | --- | --- | --- | --- | --- | --- | --- | --- | --- | --- | | 8. Notified details of the resulting situation on the date on which the threshold was crossed or reached viii | | | | | | | | | | | A: Voting rights attached to shares | | | | | | | | | | | Class/type of shares  ISIN code (if possible) | | Number of voting rights ix | | | | | % of voting rights | | | | Direct  (DTR5.1) | | Indirect   (DTR5.2.1) | | | Direct  (DTR5.1) | | Indirect  (DTR5.2.1) | | GB00B012TP20 | |  | | Below  minimum  threshold | | |  | | Below  minimum  threshold | | SUBTOTAL 8. A | | Below  minimum  threshold | | | | | Below  minimum  threshold | | | |  | | | | | | | | | | | B 1: Financial Instruments according to DTR5.3.1R (1) (a) | | | | | | | | | | | Type of financial instrument | | Expiration date x | Exercise/  Conversion Period xi | | | Number of voting rights that may be acquired if the instrument is  exercised/converted. | | | % of voting rights | |  | |  |  | | |  | | |  | |  | |  | SUBTOTAL 8. B 1 | | |  | | |  | |  | | | | | | | | | | | B 2: Financial Instruments with similar economic effect according to DTR5.3.1R (1) (b) | | | | | | | | | | | Type of financial instrument | Expiration date x | | Exercise/  Conversion Period xi | | Physical or cash  Settlement xii | | | Number of voting rights | % of voting rights | |  |  | |  | |  | | |  |  | |  |  | |  | | SUBTOTAL 8.B.2 | | |  |  | |  | | | | | | | | | | |  |  |  |  |  |  |  |  |  |  |      |  |  |  |  |  |  | | --- | --- | --- | --- | --- | --- | | 9. Information in relation to the person subject to the notification obligation (please mark the  applicable box with an “X”) | | | | | | | Person subject to the notification obligation is not controlled by any natural person or legal entity and does not control any other undertaking(s) holding directly or indirectly an interest in the (underlying) issuer xiii | | | | |  | | Full chain of controlled undertakings through which the voting rights and/or the financial instruments are effectively held starting with the ultimate controlling natural person or legal entity (please add additional rows as necessary) xiv | | | | | X | | Ultimate controlling person | Name of controlled undertaking | % of voting rights if it equals or is higher than the notifiable threshold | % of voting rights through financial instruments if it equals or is higher than the notifiable threshold | Total of both if it equals or is higher than the notifiable threshold | | | JPMorgan Chase & Co. | J.P. Morgan Securities PLC |  |  |  | | |  | | | | | | | 10. In case of proxy voting, please identify: | | | | | | | Name of the proxy holder | | |  | | | | The number and % of voting rights held | | |  | | | | The date until which the voting rights will be held | | |  | | | |  | | | | | | | 11. Additional information xvi | | | | | | | Chain of controlled undertakings:     JPMorgan Chase & Co.  JPMorgan Chase Bank, National Association (100%)  J.P. Morgan International Finance Limited (100%)  J.P. Morgan Capital Holdings Limited (100%)  J.P. Morgan Securities PLC (100%) | | | | | | |  |  |  |  |  |  |       |  |  | | --- | --- | | Place of completion | 28-Aug-2026 | | Date of completion | London |   ---    Dissemination of a Regulatory Announcement, transmitted by [EQS Group](https://nwr.eqs-cockpit.com/fncls2.ssx?fn=redirect&url=f5d50dc7e8798b6eb177f7955e598e60&application_id=2391824&site_id=acquiremedia~~~46b1ef00-8625-4c39-92ac-77327581d2ba&application_name=news).  The issuer is solely responsible for the content of this announcement.   View original content: [EQS News](https://nwr.eqs-cockpit.com/fncls2.ssx?fn=redirect&url=300c098284eca0af57681d84a700215d&application_id=2391824&site_id=acquiremedia~~~46b1ef00-8625-4c39-92ac-77327581d2ba&application_name=news)  --- |

|  |  |
| --- | --- |
|  |  |
| ISIN: | GB00B012TP20 |
| Category Code: | HOL |
| TIDM: | HFD |
| LEI Code: | 54930086FKBWWJIOBI79 |
| Sequence No.: | 441660 |
| EQS News ID: | 2391824 |

  

|  |  |
| --- | --- |
|  | |

|  |  |
| --- | --- |
|  | |
| End of Announcement | EQS News Service |

|  |
| --- |
| --- |",404010,Retailers 
17765229,2026-09-01 10:00:00,Transaction in Own Shares,Moonpig Group Plc,MOON,POS,PRN,60901-4793,https://www.londonstockexchange.com/news-article/MOON/transaction-in-own-shares/17765229,"Transaction in Own Shares

|  |
| --- |
| **Transaction in own shares**     Moonpig Group plc (the ''Company'') announces that between 24 August 2026 and 28 August 2026 it purchased for cancellation the following number of its ordinary shares of 10 pence each pursuant to its up to £32.5m share repurchase programme, details of which were announced on 7 May 2026.     Description of shares: Moonpig Group plc - ordinary shares of 10 pence |
| |  |  |  |  |  | | --- | --- | --- | --- | --- | | Date of transaction | Number of Shares repurchased | Weighted average price paid per Share (pence) | Lowest price paid per Share (pence) | Highest price paid per Share (pence) | | 24 August 2026 | 91,200 | 283.9087 | 283.2000 | 285.4000 | | 25 August 2026 | 91,500 | 286.4169 | 282.6000 | 287.8000 | | 26 August 2026 | 91,200 | 287.2109 | 285.8000 | 288.6000 | | 27 August 2026 | 88,974 | 286.3935 | 283.8000 | 288.6000 | | 28 August 2026 | 87,614 | 290.8712 | 288.0000 | 292.8000 | |
| Broker: J.P. Morgan Securities plc     Following the purchase of these shares, the remaining number of ordinary shares in issue with voting rights will be 297,250,690 (excluding Treasury shares), and the company holds no ordinary shares in Treasury.     The figure of 297,250,690 may be used by shareholders (and others with notification obligations) as the denominator for the calculations by which they will determine if they are required to notify their interest in, or a change to their interest in, the Company under the Disclosure and Transparency Rules.     In accordance with Article 5(1)(b) of Regulation (EU) No 596/2014 (the Market Abuse Regulation), detailed information about the individual purchases is attached to this announcement.     For further information, please contact:     **Moonpig Group plc**     [investors@moonpig.com](http://investors@moonpig.com/) ,  [moonpig@client.sodali.com](http://moonpig@client.sodali.com/)     Catherine Faiers, Chief Executive Officer     Andy MacKinnon, Chief Financial Officer |

 

  

---

|  |
| --- |
| [Moonpig Group plc - Weekly Trade Fills - 28 08 26](https://mb.cision.com/Public/22594/4390393/b7819a62a328b50a.pdf) |

---",404010,Retailers 
17765228,2026-09-01 10:00:00,Total Voting Rights,Moonpig Group Plc,MOON,TVR,PRN,60901-4796,https://www.londonstockexchange.com/news-article/MOON/total-voting-rights/17765228,"Total Voting Rights

1 September 2026

**Moonpig Group plc**

**VOTING RIGHTS AND CAPITAL**

In accordance with DTR 5.6.1R, Moonpig Group plc (the ""Company"") notifies the market that as at 31 August 2026, the Company's ordinary issued share capital consists of 
297,250,690
 ordinary shares of 10 pence each. The Company does not hold any shares in Treasury and, therefore, the total number of voting rights in the Company is 
297,250,690.

The Company holds 1,894,405 ordinary shares in the Moonpig Group plc Employee Benefit Trust (""EBT""). The trustee has agreed not to vote these shares. Under IFRS, shares held by the EBT (which is consolidated by the Group) are treated as treasury shares, presented as a deduction from equity and excluded from the weighted average number of shares used in calculating earnings per share in the Company's consolidated financial statements.

**Enquiries**

|  |  |
| --- | --- |
| **Moonpig Group** |  |
| Catherine Faiers, Chief Executive Officer | investors@moonpig.com, moonpig@client.sodali.com |
| Andy MacKinnon, Chief Financial Officer |  |

 

 

**About Moonpig Group**

 

Moonpig Group plc (the ""Group"") is a leading online greeting cards and gifting platform, comprising the Moonpig, Red Letter Days and Buyagift brands in the UK and the Greetz brand in the Netherlands. The Group's leading customer proposition includes an extensive range of cards, a curated range of gifts, personalisation features and next day delivery offering.

 

The Group offers its products through its proprietary technology platforms and apps, which utilise unique data science capabilities designed by the Group to optimise and personalise the customer experience and provide scalability. Learn more at https://www.moonpig.group/.

 

 

  

---

---",404010,Retailers 
17765189,2026-09-01 09:42:23,Yellowstone Advisory Presentation,Currys PLC,CURY,NRA,RNS,9137S,https://www.londonstockexchange.com/news-article/CURY/yellowstone-advisory-presentation/17765189,"/\*<![CDATA[\*/
/\*\*/
/\*\*/
/\*\*/
h1{margin-top:12.0pt;margin-right:0cm;margin-bottom:0cm;margin-left:0cm;margin-bottom:.0001pt;line-height:107%;font-size:12.0pt;font-family:""Calibri"",""sans-serif"";font-weight:bold;}h2{margin-top:0cm;margin-right:0cm;margin-bottom:0cm;margin-left:56.65pt;margin-bottom:.0001pt;text-autospace:none;font-size:32.0pt;font-family:""Arial"",""sans-serif"";font-weight:normal;}h3{margin:0cm;margin-bottom:.0001pt;font-size:9.0pt;font-family:""Arial"",""sans-serif"";letter-spacing:-.1pt;font-weight:normal;}h4{margin-top:0cm;margin-right:0cm;margin-bottom:0cm;margin-left:56.65pt;margin-bottom:.0001pt;text-autospace:none;font-size:21.0pt;font-family:""Trebuchet MS"",""sans-serif"";font-weight:bold;}h5{margin-top:10.0pt;margin-right:0cm;margin-bottom:0cm;margin-left:0cm;margin-bottom:.0001pt;font-size:12.0pt;font-family:""Calibri Light"",""sans-serif"";color:#1F3763;font-weight:normal;}h6{margin-top:2.0pt;margin-right:0cm;margin-bottom:0cm;margin-left:0cm;margin-bottom:.0001pt;line-height:107%;font-size:11.0pt;font-family:""Calibri Light"",""sans-serif"";color:#1F3763;font-weight:normal;}p{margin-right:0cm;margin-left:0cm;font-size:12.0pt;font-family:""Times New Roman"",""serif"";}address{margin:0cm;margin-bottom:.0001pt;font-size:11.0pt;font-family:""Calibri"",""sans-serif"";font-style:italic;}ol{margin-bottom:0cm;}ul{margin-bottom:0cm;}
link{ color: #0563C1 }visited{ color: #954F72 }
.nf{size:595.3pt 841.9pt;margin:87.9pt 42.55pt 48.2pt 42.55pt;}div.nf{}p.ol{margin-top:0cm;margin-right:0cm;margin-bottom:8.0pt;margin-left:0cm;line-height:107%;font-size:11.0pt;font-family:""Calibri"",""sans-serif"";margin-bottom:0cm;margin-bottom:.0001pt; text-align:center}span.om{color:red; background:white}span.oh{font-size:14.0pt;line-height: 107%;color:black;letter-spacing:-.15pt}span.og{font-size:14.0pt;line-height:107%;color:black}p.a,li.a,div.a{margin-top:0cm;margin-right:0cm;margin-bottom:8.0pt;margin-left:0cm;line-height:107%;font-size:11.0pt;font-family:""Calibri"",""sans-serif"";}span.of{letter-spacing:-.15pt}p.on{margin-top:0cm;margin-right:0cm;margin-bottom:8.0pt;margin-left:0cm;line-height:107%;font-size:11.0pt;font-family:""Calibri"",""sans-serif"";margin-bottom:0cm;margin-bottom:.0001pt;text-align: justify;line-height:16.8pt}span.oe{color:black}
span.oc{color:#242424}span.ob{color:#467886}span.nz{font-size:11.0pt;line-height:107%;font-family:""Calibri"",""sans-serif""; letter-spacing:-.15pt}br.oa{page-break-before:always}span.ny{color:red}p.oo{margin-top:0cm;margin-right:0cm;margin-bottom:8.0pt;margin-left:0cm;line-height:107%;font-size:11.0pt;font-family:""Calibri"",""sans-serif"";margin-top:8.0pt;margin-right:0cm;margin-bottom:2.0pt; margin-left:0cm}table.op{width:510.2pt;margin-left:-5.4pt;border-collapse:collapse;border:none}tr.ns{height:17.0pt}td.nv{width:30.56%;border:none;border-top:solid windowtext 1.0pt; padding:0cm 5.4pt 0cm 5.4pt;height:17.0pt}p.oq{margin-top:0cm;margin-right:0cm;margin-bottom:8.0pt;margin-left:0cm;line-height:107%;font-size:11.0pt;font-family:""Calibri"",""sans-serif"";margin-top:4.0pt;margin-right:0cm;margin-bottom: 4.0pt;margin-left:0cm;line-height:normal}
td.nu{width:47.24%;border:none;border-top:solid windowtext 1.0pt; padding:0cm 5.4pt 0cm 5.4pt;height:17.0pt}td.nt{width:22.2%;border:none;border-top:solid windowtext 1.0pt; padding:0cm 5.4pt 0cm 5.4pt;height:17.0pt}td.nr{width:30.56%;border:none;border-bottom: solid black 1.5pt;padding:0cm 5.4pt 0cm 5.4pt;height:17.0pt}td.nq{width:47.24%;border:none;border-bottom: solid black 1.5pt;padding:0cm 5.4pt 0cm 5.4pt;height:17.0pt}td.np{width:22.2%;border:none;border-bottom:solid black 1.5pt; padding:0cm 5.4pt 0cm 5.4pt;height:17.0pt}p.or{margin-top:0cm;margin-right:0cm;margin-bottom:8.0pt;margin-left:0cm;line-height:107%;font-size:11.0pt;font-family:""Calibri"",""sans-serif"";margin-top:6.0pt;margin-right:0cm;margin-bottom:0cm; margin-left:0cm;margin-bottom:.0001pt;line-height:105%}p.os{margin-top:0cm;margin-right:0cm;margin-bottom:8.0pt;margin-left:0cm;line-height:107%;font-size:11.0pt;font-family:""Calibri"",""sans-serif"";line-height:106%}p.ot{margin-top:0cm;margin-right:0cm;margin-bottom:8.0pt;margin-left:0cm;line-height:107%;font-size:11.0pt;font-family:""Calibri"",""sans-serif"";margin-top:6.0pt;margin-right:0cm;margin-bottom:6.0pt; margin-left:0cm;text-align:justify;line-height:105%;text-autospace:none}p.ou{margin-top:0cm;margin-right:0cm;margin-bottom:8.0pt;margin-left:0cm;line-height:107%;font-size:11.0pt;font-family:""Calibri"",""sans-serif"";text-align:justify;line-height:106%}span.nj{font-size:10.0pt;line-height:106%;letter-spacing:-.15pt}
p.ov{margin-top:0cm;margin-right:0cm;margin-bottom:0cm;margin-left:36.0pt;margin-bottom:.0001pt;font-size:12.0pt;font-family:""Calibri"",""sans-serif"";margin-top:0cm;margin-right:0cm;margin-bottom: 6.0pt;margin-left:17.85pt;line-height:110%}span.ni{font-size:11.0pt; line-height:110%;color:red}span.ng{font-size:14.0pt;line-height: 107%} .fr-view-element{font-family: sans-serif;font-size: 12pt;line-height: 140%;padding: 20px;box-sizing: border-box;overflow-x: auto;min-height: 60px;text-align: left;margin-bottom: 10px;width: 837px;} .fr-view-element img{padding: 0 1px;} .fr-view-element .nf{margin: 63.8pt 1.6cm 62.35pt 1.6cm;} .fr-view-element p{font-size: 10pt;}
/\*\*/
/\*\*/
/\*\*/
/\*]]>\*/

RNS Number : 9137S

Currys PLC

01 September 2026

Presenting at the Yellowstone Advisory Private Investor Evening

 

Currys plc is pleased to announce that Dan Homan, Director of Investor Relations, will be presenting at the Yellowstone Advisory Private Investor evening on 16 September 2026.

 

The presentation is aimed at those less familiar with Currys plc and is open to all existing and potential shareholders. The event is being held at the offices of Hudson Sandler in London and investors can register for the event [here](https://eur02.safelinks.protection.outlook.com/?url=https%3A%2F%2Fwww.yellowstoneadvisory.com%2Fevent-details%2Fprivate-investor-evening-16-september-2026&data=05%7C02%7Cjoe.saunders16%40currys.co.uk%7C69ac658c5eae47bdafe708df02a4af64%7Cf4fd83f8cc5f4fc6bf6341c416a63bcd%7C0%7C0%7C639232578539495047%7CUnknown%7CTWFpbGZsb3d8eyJFbXB0eU1hcGkiOnRydWUsIlYiOiIwLjAuMDAwMCIsIlAiOiJXaW4zMiIsIkFOIjoiTWFpbCIsIldUIjoyfQ%3D%3D%7C0%7C%7C%7C&sdata=%2B5PbYGgsRxMbaCny%2Fu1pi%2FOa%2Foc8XRap8vuN0xeuREU%3D&reserved=0).

 

Currys is scheduled to release a trading update at its AGM on 10 September, please note that this event is independent from the AGM trading update.

 

If you have any questions about the evening, please email info@yellowstoneadvisory.com or IR@currys.co.uk.

  
  

 

Next scheduled announcement

The Group is scheduled to publish a trading update at its AGM on 10 September 2026.

For further information

|  |  |  |
| --- | --- | --- |
| Dan Homan | Investor Relations | +44 (0)7401 400442 |
| Carla Fabiano | Investor Relations | +44 (0)7460 944523 |

 

Information on Currys plc is available at [www.currysplc.com](http://www.currysplc.com)   
 Follow us on LinkedIn and X: @currysplc

 

About Currys plc

Currys plc is a leading omnichannel retailer of technology products and services, operating online and through 691 stores in 6 countries. We Help Everyone Enjoy Amazing Technology, however they choose to shop with us.

In the UK & Ireland we trade as Currys and in the UK we operate our own mobile virtual network, iD Mobile. In the Nordics we trade under the Elkjøp brand. We're the market leader in all markets, able to serve all households and employing more than 24,000 capable and committed colleagues.

We help everyone enjoy amazing technology. We believe in the power of technology to improve lives, helping people stay connected, productive, fit, healthy, and entertained. We're here to help everyone enjoy those benefits and with our scale and expertise, we are uniquely placed to do so.

Our full range of services and support makes it easy for our customers to discover, choose, afford and enjoy the right technology to the full. The Group's operations include one of Europe's largest technology repair facilities, a sourcing office in Hong Kong and an extensive distribution network, centred on Newark in the UK and Jönköping in Sweden, enabling fast and efficient delivery to stores and homes.

We're a leader in giving technology a longer life through repair, recycling and reuse. We're reducing our impact on the environment in our operations and our wider value chain and we aim to achieve net zero emissions by 2040. We offer customers products that help them save energy, reduce waste and save water, and we partner with charitable organisations to bring the benefits of amazing technology to those who might otherwise be excluded.

Certain statements made in this announcement are forward-looking. Such statements are based on current expectations and are subject to a number of risks and uncertainties that could cause actual results to differ materially from any expected future events or results referred to in these forward-looking statements. Unless otherwise required by applicable laws, regulations or accounting standards, we do not undertake any obligation to update or revise any forward-looking statements, whether as a result of new information, future developments or otherwise. Information contained on the Currys plc website or the 'X' feed does not form part of this announcement and should not be relied on as such.

This information is provided by Reach, the non-regulatory press release distribution service of RNS, part of the London Stock Exchange. Terms and conditions relating to the use and distribution of this information may apply. For further information, please contact [rns@lseg.com](mailto:rns@lseg.com) or visit [www.rns.com](http://www.rns.com/).  
  
RNS may use your IP address to confirm compliance with the terms and conditions, to analyse how you engage with the information contained in this communication, and to share such analysis on an anonymised basis with others as part of our commercial services. For further information about how RNS and the London Stock Exchange use the personal data you provide us, please see our [Privacy Policy](https://www.lseg.com/privacy-and-cookie-policy).

END

NRASSSSUFEMSELU",404010,Retailers 
17765184,2026-09-01 09:39:41,Total Voting Rights,Currys PLC,CURY,TVR,RNS,9134S,https://www.londonstockexchange.com/news-article/CURY/total-voting-rights/17765184,"/\*<![CDATA[\*/
/\*\*/
/\*\*/
/\*\*/
.x{size:595.3pt 841.9pt;margin:72.0pt 72.0pt 72.0pt 72.0pt;}div.x{}p.av{margin-right:0cm;margin-left:0cm;font-size:12.0pt;font-family:""Times New Roman"",""serif"";margin:0cm;margin-bottom:.0001pt}span.aw{color: black; font-family: ""Calibri"",""sans-serif""; font-weight: bold}span.ax{font-family:""Calibri"",""sans-serif""}p.ay{margin-right:0cm;margin-left:0cm;font-size:12.0pt;font-family:""Times New Roman"",""serif"";margin:0cm;margin-bottom:.0001pt;text-align: center}span.ap{font-family:""Calibri"",""sans-serif""; color:black}span.az{font-family:""Calibri"",""sans-serif"";color:black}p.ba{margin-top:0cm;margin-right:0cm;margin-bottom:10.0pt;margin-left:0cm;line-height:115%;font-size:11.0pt;font-family:""Calibri"",""sans-serif"";margin-bottom:0cm;margin-bottom:.0001pt;text-align: justify;line-height:normal}span.an{color:black}
p.bb{margin-top:0cm;margin-right:0cm;margin-bottom:10.0pt;margin-left:0cm;line-height:115%;font-size:11.0pt;font-family:""Calibri"",""sans-serif"";text-align:center;line-height:150%}span.bc{font-size:12.0pt;line-height:150%;color:black}p.bd{margin-right:0cm;margin-left:0cm;font-size:12.0pt;font-family:""Times New Roman"",""serif"";margin-top:0cm;margin-right:0cm;margin-bottom:10.0pt; margin-left:0cm;line-height:12.75pt}span.aj{font-size:11.0pt; font-family:""Calibri"",""sans-serif""}table.be{width:453.85pt;margin-left:-.25pt;border-collapse:collapse}tr.ae{height:12.25pt}td.ah{width:94.1pt;padding:0cm 5.4pt 0cm 0cm; height:12.25pt}p.a,li.a,div.a{margin-top:0cm;margin-right:0cm;margin-bottom:10.0pt;margin-left:0cm;line-height:115%;font-size:11.0pt;font-family:""Calibri"",""sans-serif"";}td.ag{width:207.2pt;padding:0cm 5.4pt 0cm 0cm; height:12.25pt}td.af{width:136.35pt;padding:0cm 5.4pt 0cm 0cm; height:12.25pt}
td.ad{width:94.1pt;padding:0cm 5.4pt 0cm 0cm}span.bf{font-family:""Arial Narrow"",""sans-serif"";font-family:""Calibri"",""sans-serif""}td.ab{width:207.2pt;padding:0cm 5.4pt 0cm 0cm}p.bg{margin-top:0cm;margin-right:0cm;margin-bottom:10.0pt;margin-left:0cm;line-height:115%;font-size:11.0pt;font-family:""Calibri"",""sans-serif"";text-align:center}td.z{width:136.35pt;padding:0cm 5.4pt 0cm 0cm}p.bh{margin-top:0cm;margin-right:0cm;margin-bottom:10.0pt;margin-left:0cm;line-height:115%;font-size:11.0pt;font-family:""Calibri"",""sans-serif"";text-align:right} .fr-view-element{font-family: sans-serif;font-size: 12pt;line-height: 140%;padding: 20px;box-sizing: border-box;overflow-x: auto;min-height: 60px;text-align: left;margin-bottom: 10px;width: 837px;} .fr-view-element img{padding: 0 1px;} .fr-view-element .x{margin: 63.8pt 1.6cm 62.35pt 1.6cm;} .fr-view-element p{font-size: 10pt;}
/\*\*/
/\*\*/
/\*\*/
/\*]]>\*/

RNS Number : 9134S

Currys PLC

01 September 2026

1 September 2026

 

Currys plc (the 'Company')

 

Voting Rights and Capital

 

In accordance with the Disclosure Guidance and Transparency Rules ('DTR') 5.6.1, the Company's issued share capital as at close of business on 28 August 2026 consists of 1,083,111,684 ordinary shares of 0.1 pence each and all of these have voting rights. The Company does not hold any ordinary shares in Treasury.

 

The above figure may be used by shareholders as the denominator for the calculations by which they will determine if they are required to notify their interest in, or a change of their interest in, the Company under the DTR.

 

 

- Ends -

 

|  |  |  |
| --- | --- | --- |
| Further information: |  |  |
| Sarah Thomas | Deputy Company Secretary | +44 (0)7401 373 188 |

 

LEI: 2138001E12GWLLDQQF16

This information is provided by RNS, the news service of the London Stock Exchange. RNS is approved by the Financial Conduct Authority to act as a Primary Information Provider in the United Kingdom. Terms and conditions relating to the use and distribution of this information may apply. For further information, please contact [rns@lseg.com](mailto:rns@lseg.com) or visit [www.rns.com](http://www.rns.com/).  
  
RNS may use your IP address to confirm compliance with the terms and conditions, to analyse how you engage with the information contained in this communication, and to share such analysis on an anonymised basis with others as part of our commercial services. For further information about how RNS and the London Stock Exchange use the personal data you provide us, please see our [Privacy Policy](https://www.lseg.com/privacy-and-cookie-policy).

END

TVREANNFEDNKEEA",404010,Retailers 
17765023,2026-09-01 09:10:54,Holding(s) in Company,Ocado Group PLC,OCDO,HOL,RNS,9041S,https://www.londonstockexchange.com/news-article/OCDO/holdings-in-company/17765023,"/\*<![CDATA[\*/
/\*\*/
/\*\*/
/\*\*/
p{margin-right:0cm;margin-left:0cm;font-size:12.0pt;font-family:""Times New Roman"",""serif"";}
div.ay{size:595.3pt 841.9pt;margin:72.0pt 72.0pt 72.0pt 72.0pt;margin-left:22.5pt;margin-right:22.5pt}p.av{text-align:center}span.aw{font-size: 11.0pt;font-family:""Verdana"",""sans-serif""}div.as{margin-top:7.5pt;margin-bottom:7.5pt}p.az{margin:0cm;margin-bottom:.0001pt;font-size:12.0pt;font-family:""Times New Roman"",""serif"";background:#7C173A}span.au{font-size:11.0pt;font-family:""Verdana"",""sans-serif""}div.aq{margin-left:7.5pt}p.a,li.a,div.a{margin:0cm;margin-bottom:.0001pt;font-size:12.0pt;font-family:""Times New Roman"",""serif"";}span.ar{font-size:11.0pt;font-family: ""Verdana"",""sans-serif""}div.ap{border:solid #666666 1.0pt;padding:0cm 0cm 0cm 0cm;margin-left: 9.75pt;margin-top:3.75pt;margin-bottom:7.5pt}
div.ao{margin-left:1.5pt}div.an{border:solid #666666 1.0pt;padding:0cm 0cm 0cm 0cm;margin-left: 1.5pt;margin-top:3.75pt;margin-bottom:7.5pt}table.ba{width:406.15pt;margin-left:-.75pt;border-collapse:collapse;border:none}td.al{border-top:solid #666666 1.0pt;border-left:solid #666666 1.0pt; border-bottom:none;border-right:none;padding:.75pt .75pt .75pt .75pt}p.bb{margin:0cm;margin-bottom:.0001pt;font-size:12.0pt;font-family:""Times New Roman"",""serif"";text-align:center}span.am{color:white}td.aj{border:solid #666666 1.0pt;padding:.75pt .75pt .75pt 6.0pt}span.ak{font-size:7.5pt;font-family: ""Verdana"",""sans-serif""}td.ai{border:solid #666666 1.0pt;border-left:none; padding:.75pt .75pt .75pt 6.0pt}td.af{border:solid #666666 1.0pt;padding:.75pt .75pt .75pt .75pt}
p.bc{margin:0cm;margin-bottom:.0001pt;font-size:12.0pt;font-family:""Times New Roman"",""serif"";margin-top:3.75pt;margin-right:0cm;margin-bottom: 7.5pt;margin-left:9.75pt}span.ah{font-size:11.0pt; font-family:""Verdana"",""sans-serif""}td.ae{border-top:none;border-left:none;border-bottom:solid #666666 1.0pt; border-right:solid #666666 1.0pt;padding:.75pt .75pt .75pt .75pt}td.ad{border:solid #666666 1.0pt;border-top:none;padding:.75pt .75pt .75pt .75pt}table.bd{width:406.15pt;margin-left:-1.5pt;border-collapse:collapse;border:none}td.ab{width:20.0%;border:solid #666666 1.0pt;padding:.75pt .75pt .75pt 1.5pt}td.aa{border:solid #666666 1.0pt;border-left:none; padding:.75pt .75pt .75pt 1.5pt}td.x{width:20.0%;border:solid #666666 1.0pt;border-top: none;padding:.75pt .75pt .75pt .75pt}p.be{margin:0cm;margin-bottom:.0001pt;font-size:12.0pt;font-family:""Times New Roman"",""serif"";margin-top:3.75pt;margin-right:0cm;margin-bottom: 7.5pt;margin-left:2.25pt}span.z{font-size:10.0pt; font-family:""Verdana"",""sans-serif""}
span.w{font-size:10.0pt;font-family:""Verdana"",""sans-serif""}td.u{border:solid #666666 1.0pt;border-top:none; padding:.75pt .75pt .75pt 1.5pt}span.v{font-size:7.5pt;font-family:""Verdana"",""sans-serif""}td.t{border-top:none;border-left:none;border-bottom:solid #666666 1.0pt; border-right:solid #666666 1.0pt;padding:.75pt .75pt .75pt .75pt}td.r{width:16.0%;border:solid #666666 1.0pt;border-left: none;padding:.75pt .75pt .75pt 1.5pt}td.q{width:20.0%;border:solid #666666 1.0pt;border-left: none;padding:.75pt .75pt .75pt 1.5pt}td.p{width:17.0%;border:solid #666666 1.0pt;border-left: none;padding:.75pt .75pt .75pt 1.5pt}p.bf{margin:0cm;margin-bottom:.0001pt;font-size:12.0pt;font-family:""Times New Roman"",""serif"";margin-top:3.75pt;margin-right:0cm;margin-bottom: 7.5pt;margin-left:3.75pt}td.n{width:16.0%;border-top:none;border-left:none; border-bottom:solid #666666 1.0pt;border-right:solid #666666 1.0pt; padding:.75pt .75pt .75pt .75pt}td.m{width:20.0%;border-top:none;border-left:none; border-bottom:solid #666666 1.0pt;border-right:solid #666666 1.0pt; padding:.75pt .75pt .75pt .75pt}
td.l{width:17.0%;border-top:none;border-left:none; border-bottom:solid #666666 1.0pt;border-right:solid #666666 1.0pt; padding:.75pt .75pt .75pt .75pt}td.k{width:15.0%;border:solid #666666 1.0pt;padding:.75pt .75pt .75pt 1.5pt}td.j{width:15.0%;border:solid #666666 1.0pt;border-top: none;padding:.75pt .75pt .75pt .75pt}span.i{font-size:10.0pt} .fr-view-element{font-family: sans-serif;font-size: 12pt;line-height: 140%;padding: 20px;box-sizing: border-box;overflow-x: auto;min-height: 60px;text-align: left;margin-bottom: 10px;width: 837px;} .fr-view-element img{padding: 0 1px;} .fr-view-element .WordSection1\_tidyNotWord-42{margin: 63.8pt 1.6cm 62.35pt 1.6cm;} .fr-view-element p{font-size: 10pt;}
/\*\*/
/\*\*/
/\*\*/
/\*]]>\*/

RNS Number : 9041S

Ocado Group PLC

01 September 2026

TR-1: Standard form for notification of major holdings

1. Issuer Details

ISIN

GB00B3MBS747

Issuer Name

OCADO GROUP PLC

UK or Non-UK Issuer

UK

2. Reason for Notification

An acquisition or disposal of voting rights

3. Details of person subject to the notification obligation

Name

Lingotto Investment Management LLP

City of registered office (if applicable)

London

Country of registered office (if applicable)

United Kingdom

4. Details of the shareholder

Full name of shareholder(s) if different from the person(s) subject to the notification obligation, above

City of registered office (if applicable)

Country of registered office (if applicable)

5. Date on which the threshold was crossed or reached

26-Aug-2026

6. Date on which Issuer notified

28-Aug-2026

7. Total positions of person(s) subject to the notification obligation

|  |  |  |  |  |
| --- | --- | --- | --- | --- |
|  | % of voting rights attached to shares (total of 8.A) | % of voting rights through financial instruments (total of 8.B 1 + 8.B 2) | Total of both in % (8.A + 8.B) | Total number of voting rights held in issuer |
| Resulting situation on the date on which threshold was crossed or reached | 10.870000 | 4.280000 | 15.150000 | 128163830 |
| Position of previous notification (if applicable) | 10.750000 | 4.240000 | 14.990000 |  |

8. Notified details of the resulting situation on the date on which the threshold was crossed or reached

8A. Voting rights attached to shares

|  |  |  |  |  |
| --- | --- | --- | --- | --- |
| Class/Type of shares ISIN code(if possible) | Number of direct voting rights (DTR5.1) | Number of indirect voting rights (DTR5.2.1) | % of direct voting rights (DTR5.1) | % of indirect voting rights (DTR5.2.1) |
| GB00B3MBS747 |  | 91958591 |  | 10.870000 |
| Sub Total 8.A | 91958591 | | 10.870000% | |

8B1. Financial Instruments according to (DTR5.3.1R.(1) (a))

|  |  |  |  |  |
| --- | --- | --- | --- | --- |
| Type of financial instrument | Expiration date | Exercise/conversion period | Number of voting rights that may be acquired if the instrument is exercised/converted | % of voting rights |
| Option | 18/09/2026 | On Expiry | 19796447 | 2.340000 |
| Sub Total 8.B1 |  | | 19796447 | 2.340000% |

8B2. Financial Instruments with similar economic effect according to (DTR5.3.1R.(1) (b))

|  |  |  |  |  |  |
| --- | --- | --- | --- | --- | --- |
| Type of financial instrument | Expiration date | Exercise/conversion period | Physical or cash settlement | Number of voting rights | % of voting rights |
| Option | 18/09/2026 | On Expiry | Physical | 11509562 | 1.360000 |
| Option | 18/09/2026 | On Expiry | Cash | 1873170 | 0.220000 |
| Option | 18/12/2026 | On Expiry | Cash | 3026060 | 0.360000 |
| Sub Total 8.B2 |  | | | 16408792 | 1.940000% |

9. Information in relation to the person subject to the notification obligation

1. Person subject to the notification obligation is not controlled by any natural person or legal entity and does not control any other undertaking(s) holding directly or indirectly an interest in the (underlying) issuer.

|  |  |  |  |  |
| --- | --- | --- | --- | --- |
| Ultimate controlling person | Name of controlled undertaking | % of voting rights if it equals or is higher than the notifiable threshold | % of voting rights through financial instruments if it equals or is higher than the notifiable threshold | Total of both if it equals or is higher than the notifiable threshold |
|  |  |  |  |  |

10. In case of proxy voting

Name of the proxy holder

The number and % of voting rights held

The date until which the voting rights will be held

If date does not apply, explain below

11. Additional Information

12. Date of Completion

28-Aug-2026

13. Place Of Completion

London

This information is provided by RNS, the news service of the London Stock Exchange. RNS is approved by the Financial Conduct Authority to act as a Primary Information Provider in the United Kingdom. Terms and conditions relating to the use and distribution of this information may apply. For further information, please contact [rns@lseg.com](mailto:rns@lseg.com) or visit [www.rns.com](http://www.rns.com/).  
  
RNS may use your IP address to confirm compliance with the terms and conditions, to analyse how you engage with the information contained in this communication, and to share such analysis on an anonymised basis with others as part of our commercial services. For further information about how RNS and the London Stock Exchange use the personal data you provide us, please see our [Privacy Policy](https://www.lseg.com/privacy-and-cookie-policy).

END

HOLGCGDCIGGDGLB",452010,"Personal Care, Drug and Grocery Stores "
17764962,2026-09-01 08:53:18,Total Voting Rights,Reckitt Benckiser Group PLC,RKT,TVR,RNS,8996S,https://www.londonstockexchange.com/news-article/RKT/total-voting-rights/17764962,"/\*<![CDATA[\*/
/\*\*/
/\*\*/
/\*\*/
ol{margin-bottom:0cm;}ul{margin-bottom:0cm;}
.s{size:595.3pt 841.9pt;margin:72.0pt 90.0pt 72.0pt 90.0pt;}div.s{}p.aj{margin:0cm;margin-bottom:.0001pt;font-size:10.0pt;font-family:""Times New Roman"",""serif"";text-align:center}span.ah{font-family:""Arial"",""sans-serif""}span.af{font-size:12.0pt}p.ak{margin:0cm;margin-bottom:.0001pt;font-size:10.0pt;font-family:""Times New Roman"",""serif"";text-align:justify}p.al{margin:0cm;margin-bottom:.0001pt;font-size:10.0pt;font-family:""Times New Roman"",""serif"";margin-left:36.0pt;text-align:justify;text-indent: -18.0pt}span.ad{font-family:Symbol}span.ac{font-family: ""Cambria Math"",""serif""}span.ab{font-family: ""Arial"",""sans-serif""}
p.am{margin:0cm;margin-bottom:.0001pt;font-size:10.0pt;font-family:""Times New Roman"",""serif"";margin-left:36.0pt;text-align:justify}span.y{font-family:""Cambria Math"",""serif""}p.g,li.g,div.g{margin-top:0cm;margin-right:0cm;margin-bottom:0cm;margin-left:36.0pt;margin-bottom:.0001pt;font-size:10.0pt;font-family:""Times New Roman"",""serif"";}p.l,li.l,div.l{margin:0cm;margin-bottom:.0001pt;text-align:justify;font-size:9.5pt;font-family:""Arial"",""sans-serif"";}span.an{font-size:10.0pt}p.ao{margin-right:0cm;margin-left:0cm;font-size:12.0pt;font-family:""Times New Roman"",""serif"";margin:0cm;margin-bottom:.0001pt}span.ap{font-size:10.0pt;font-family:""Arial"",""sans-serif""}span.u{font-size:10.0pt; font-family:""Arial"",""sans-serif""}p.m,li.m,div.m{margin-right:0cm;margin-left:0cm;font-size:12.0pt;font-family:""Times New Roman"",""serif"";}span.aq{font-size:10.0pt;font-family: ""Arial"",""sans-serif""}
span.w{font-size:10.0pt;font-family:""Arial"",""sans-serif""}p.a,li.a,div.a{margin:0cm;margin-bottom:.0001pt;font-size:10.0pt;font-family:""Times New Roman"",""serif"";} .fr-view-element{font-family: sans-serif;font-size: 12pt;line-height: 140%;padding: 20px;box-sizing: border-box;overflow-x: auto;min-height: 60px;text-align: left;margin-bottom: 10px;width: 837px;} .fr-view-element img{padding: 0 1px;} .fr-view-element .s{margin: 63.8pt 1.6cm 62.35pt 1.6cm;} .fr-view-element p{font-size: 10pt;}
/\*\*/
/\*\*/
/\*\*/
/\*]]>\*/

RNS Number : 8996S

Reckitt Benckiser Group PLC

01 September 2026

RECKITT BENCKISER GROUP PLC

Voting Rights and Capital

 

In conformity with the Disclosure Guidance and Transparency Rules (DTR 5.6.1), as at  
31 August 2026, Reckitt Benckiser Group plc:

 

·      has 674,005,752 issued ordinary shares of 10⁵⁄₁₂ pence each admitted to trading. Each ordinary share carries the right to one vote in relation to all circumstances at general meetings of Reckitt Benckiser Group plc;

 

·      holds 39,400,855 ordinary shares of 10⁵⁄₁₂ pence each in treasury. The voting rights of treasury shares are automatically suspended; and

 

·      accordingly, has total voting rights of 634,604,897.

 

 

The total voting rights figure 634,604,897 may be used by shareholders (and others with notification obligations) as the denominator for the calculations by which they will determine if they are required to notify their interest in, or a change to their interest in, Reckitt Benckiser Group plc under the FCA's Disclosure Guidance and Transparency Rules.

 

Contact:

Nikita Lawes

Deputy Company Secretary

Reckitt Benckiser Group plc

01753 217800

 

103-105 Bath Road, Slough SL1 3UH

Registered in England and Wales, No. 6270876 

Reckitt Benckiser Group plc's LEI code is 5493003JFSMOJG48V108

This information is provided by RNS, the news service of the London Stock Exchange. RNS is approved by the Financial Conduct Authority to act as a Primary Information Provider in the United Kingdom. Terms and conditions relating to the use and distribution of this information may apply. For further information, please contact [rns@lseg.com](mailto:rns@lseg.com) or visit [www.rns.com](http://www.rns.com/).  
  
RNS may use your IP address to confirm compliance with the terms and conditions, to analyse how you engage with the information contained in this communication, and to share such analysis on an anonymised basis with others as part of our commercial services. For further information about how RNS and the London Stock Exchange use the personal data you provide us, please see our [Privacy Policy](https://www.lseg.com/privacy-and-cookie-policy).

END

TVREAPNFESFKEEA",452010,"Personal Care, Drug and Grocery Stores "
17764956,2026-09-01 08:48:22,Total Voting Rights,Howden Joinery Group PLC,HWDN,TVR,RNS,8986S,https://www.londonstockexchange.com/news-article/HWDN/total-voting-rights/17764956,"/\*<![CDATA[\*/
/\*\*/
/\*\*/
/\*\*/
h1{margin-top:12.0pt;margin-right:0cm;margin-bottom:3.0pt;margin-left:0cm;font-size:14.0pt;font-family:""HelveticaConBQ-ExtraLight"",""sans-serif"";}h2{margin-top:12.0pt;margin-right:0cm;margin-bottom:3.0pt;margin-left:0cm;font-size:10.0pt;font-family:""HelveticaConBQ-ExtraLight"",""sans-serif"";font-style:italic;}h3{margin-top:12.0pt;margin-right:0cm;margin-bottom:3.0pt;margin-left:0cm;font-size:10.0pt;font-family:""Helvetica Lt"",""sans-serif"";font-weight:normal;}h4{margin-top:12.0pt;margin-right:0cm;margin-bottom:3.0pt;margin-left:0cm;font-size:10.0pt;font-family:""Helvetica Lt"",""sans-serif"";}h5{margin-top:12.0pt;margin-right:0cm;margin-bottom:3.0pt;margin-left:0cm;font-size:11.0pt;font-family:""Helvetica Lt"",""sans-serif"";font-weight:normal;}h6{margin-top:12.0pt;margin-right:0cm;margin-bottom:3.0pt;margin-left:0cm;font-size:11.0pt;font-family:""Helvetica Lt"",""sans-serif"";font-weight:normal;font-style:italic;}
.y{size:595.45pt 841.7pt;margin:72.0pt 72.0pt 72.0pt 72.0pt;}div.y{}p.ai{margin:0cm;margin-bottom:.0001pt;font-size:10.0pt;font-family:""HelveticaBQ-Light"",""sans-serif"";margin-bottom:3.0pt}span.ag{font-size:11.0pt;font-family:""Rooster"",""sans-serif""}p.aj{margin:0cm;margin-bottom:.0001pt;font-size:10.0pt;font-family:""HelveticaBQ-Light"",""sans-serif"";margin-bottom:3.0pt;text-align:center}p.ak{margin:0cm;margin-bottom:.0001pt;font-size:10.0pt;font-family:""HelveticaBQ-Light"",""sans-serif"";text-align:center}p.a,li.a,div.a{margin:0cm;margin-bottom:.0001pt;font-size:10.0pt;font-family:""HelveticaBQ-Light"",""sans-serif"";}span.ac{font-size:11.0pt;font-family:""Rooster"",""sans-serif"";color:black}span.ab{font-size:11.0pt;font-family:""Rooster"",""sans-serif""; color:black}span.aa{color:black}
span.z{font-size:11.0pt;font-family:""Rooster"",""sans-serif""; color:blue}p.h,li.h,div.h{margin:0cm;margin-bottom:.0001pt;font-size:10.0pt;font-family:""HelveticaBQ-Light"",""sans-serif"";} .fr-view-element{font-family: sans-serif;font-size: 12pt;line-height: 140%;padding: 20px;box-sizing: border-box;overflow-x: auto;min-height: 60px;text-align: left;margin-bottom: 10px;width: 837px;} .fr-view-element img{padding: 0 1px;} .fr-view-element .y{margin: 63.8pt 1.6cm 62.35pt 1.6cm;} .fr-view-element p{font-size: 10pt;}
/\*\*/
/\*\*/
/\*\*/
/\*]]>\*/

RNS Number : 8986S

Howden Joinery Group PLC

01 September 2026

1 September 2026

 

HOWDEN JOINERY GROUP PLC

(the ""Company"")

 

 

VOTING RIGHTS AND CAPITAL

 

 

In accordance with the Disclosure Guidance and Transparency Rules of the FCA, we would like to notify the following:

 

The Company's issued capital as at 31 August 2026 consisted of 550,674,476 ordinary shares of 10 pence each of which 5,267,588 ordinary shares were held in Treasury.

 

Therefore, the total number of shares with full voting rights in the Company at the above date was 545,406,888 and this figure may be used by shareholders as the denominator for the calculations by which they will determine if they are required to notify their interest in, or a change to their interest in, the Company under the FCA's Disclosure Guidance and Transparency Rules.

 

 

- Ends -

 

Enquiries:

 

Howden Joinery Group Plc                                                                                                            

Forbes McNaughton, Company Secretary                                           

020 7535 1162

This information is provided by RNS, the news service of the London Stock Exchange. RNS is approved by the Financial Conduct Authority to act as a Primary Information Provider in the United Kingdom. Terms and conditions relating to the use and distribution of this information may apply. For further information, please contact [rns@lseg.com](mailto:rns@lseg.com) or visit [www.rns.com](http://www.rns.com/).  
  
RNS may use your IP address to confirm compliance with the terms and conditions, to analyse how you engage with the information contained in this communication, and to share such analysis on an anonymised basis with others as part of our commercial services. For further information about how RNS and the London Stock Exchange use the personal data you provide us, please see our [Privacy Policy](https://www.lseg.com/privacy-and-cookie-policy).

END

TVRDZGGLRMVGVZG",404010,Retailers 
17764951,2026-09-01 08:46:50,Transaction in Own Shares,Howden Joinery Group PLC,HWDN,POS,RNS,8981S,https://www.londonstockexchange.com/news-article/HWDN/transaction-in-own-shares/17764951,"/\*<![CDATA[\*/
/\*\*/
/\*\*/
/\*\*/
link{ color: blue }visited{ color: purple }
.v{size:595.3pt 841.9pt;margin:72.0pt 72.0pt 72.0pt 72.0pt;}div.v{}p.ao{margin-top:0cm;margin-right:0cm;margin-bottom:8.0pt;margin-left:0cm;line-height:107%;font-size:11.0pt;font-family:""Calibri"",""sans-serif"";margin-bottom:0cm;margin-bottom:.0001pt; text-align:center}span.am{font-family:""Rooster"",""sans-serif""}p.ap{margin-top:0cm;margin-right:0cm;margin-bottom:8.0pt;margin-left:0cm;line-height:107%;font-size:11.0pt;font-family:""Calibri"",""sans-serif"";text-align:center}p.aq{margin-top:0cm;margin-right:0cm;margin-bottom:8.0pt;margin-left:0cm;line-height:107%;font-size:11.0pt;font-family:""Calibri"",""sans-serif"";margin-bottom:0cm;margin-bottom:.0001pt}table.ar{margin-left:-5.4pt;border-collapse:collapse;border:none}tr.ad{height:2.0cm}td.ag{width:79.35pt;border:solid windowtext 1.0pt; padding:0cm 5.4pt 0cm 5.4pt;height:2.0cm}p.as{margin-top:0cm;margin-right:0cm;margin-bottom:8.0pt;margin-left:0cm;line-height:107%;font-size:11.0pt;font-family:""Calibri"",""sans-serif"";margin-bottom:0cm;margin-bottom:.0001pt; text-align:center;line-height:normal}
span.ai{font-family: ""Rooster"",""sans-serif""}td.af{width:79.35pt;border:solid windowtext 1.0pt; border-left:none;padding:0cm 5.4pt 0cm 5.4pt;height:2.0cm}td.ae{width:79.4pt;border:solid windowtext 1.0pt; border-left:none;padding:0cm 5.4pt 0cm 5.4pt;height:2.0cm}tr.z{height:17.0pt}td.ac{width:79.35pt;border:solid windowtext 1.0pt; border-top:none;padding:0cm 5.4pt 0cm 5.4pt;height:17.0pt}td.ab{width:79.35pt;border-top:none;border-left: none;border-bottom:solid windowtext 1.0pt;border-right:solid windowtext 1.0pt; padding:0cm 5.4pt 0cm 5.4pt;height:17.0pt}td.aa{width:79.4pt;border-top:none;border-left: none;border-bottom:solid windowtext 1.0pt;border-right:solid windowtext 1.0pt; padding:0cm 5.4pt 0cm 5.4pt;height:17.0pt}span.w{color:black}span.x{background:white} .fr-view-element{font-family: sans-serif;font-size: 12pt;line-height: 140%;padding: 20px;box-sizing: border-box;overflow-x: auto;min-height: 60px;text-align: left;margin-bottom: 10px;width: 837px;} .fr-view-element img{padding: 0 1px;} .fr-view-element .v{margin: 63.8pt 1.6cm 62.35pt 1.6cm;} .fr-view-element p{font-size: 10pt;}
/\*\*/
/\*\*/
/\*\*/
/\*]]>\*/

RNS Number : 8981S

Howden Joinery Group PLC

01 September 2026

HOWDEN JOINERY GROUP PLC

(the ""Company"")

TRANSACTION IN OWN SHARES

 

The Company announces that, during the period from 24 August to 28 August 2026 (inclusive), it purchased through Barclays Bank PLC, acting through its London branch (""Barclays""), the following number of its ordinary shares of 10p each (""Shares"") for cancellation on the London Stock Exchange:

 

|  |  |  |  |  |
| --- | --- | --- | --- | --- |
| Date of purchase | Number of Shares purchased and subsequently cancelled | Weighted average price paid per Share (pence) | Lowest price paid per Share (pence) | Highest price paid per Share (pence) |
| 24 August 2026 | 72,494 | 800.20 | 796.00 | 805.50 |
| 25 August 2026 | 75,000 | 802.20 | 792.50 | 806.00 |
| 26 August 2026 | 75,000 | 813.49 | 804.50 | 819.50 |
| 27 August 2026 | 75,000 | 812.20 | 807.00 | 818.00 |
| 28 August 2026 | 75,000 | 797.79 | 793.00 | 807.00 |

 

Following the purchase of the Shares, the Company holds 5,267,588 Shares in treasury and 545,406,888 Shares in issue (excluding those held as treasury shares). This figure (545,406,888) represents the total voting rights in the Company and may be used by shareholders as the denominator for the calculations by which they can determine if they are required to notify their interest in, or a change to their interest in, the Company under the FCA's Disclosure Guidance and Transparency Rules.

 

This announcement is made in accordance with the requirements of UKLR 9.6.6.

 

Enquiries should be directed to:

 

Forbes McNaughton

Company Secretary

020 7535 1162

 

Company Legal Entity Identifier: 213800KC1LJOJTY3JP45

 

Transaction details

 

In accordance with Article 5(1)(b) of Regulation (EU) No.596/2014 as it applies in the UK (Market Abuse Regulation), a full breakdown of the individual trades made by Barclays on behalf of the Company as part of the buyback programme is attached to this announcement.

<http://www.rns-pdf.londonstockexchange.com/rns/8981S_1-2026-9-1.pdf>

This information is provided by RNS, the news service of the London Stock Exchange. RNS is approved by the Financial Conduct Authority to act as a Primary Information Provider in the United Kingdom. Terms and conditions relating to the use and distribution of this information may apply. For further information, please contact [rns@lseg.com](mailto:rns@lseg.com) or visit [www.rns.com](http://www.rns.com/).  
  
RNS may use your IP address to confirm compliance with the terms and conditions, to analyse how you engage with the information contained in this communication, and to share such analysis on an anonymised basis with others as part of our commercial services. For further information about how RNS and the London Stock Exchange use the personal data you provide us, please see our [Privacy Policy](https://www.lseg.com/privacy-and-cookie-policy).

END

POSSSLSAFEMSELU",404010,Retailers 
17764801,2026-09-01 08:00:00,Admission to Trading,Marks and Spencer Group PLC,MKS,ADM,RNS,6834S,https://www.londonstockexchange.com/news-article/MKS/admission-to-trading/17764801,"/\*<![CDATA[\*/
/\*\*/
/\*\*/
/\*\*/
.n{size:612.0pt 792.0pt;margin:72.0pt 72.0pt 72.0pt 72.0pt;}div.n{}p.ac{margin:0cm;margin-bottom:.0001pt;font-size:12.0pt;font-family:""Times New Roman"",""serif"";text-align:center}span.aa{font-size:11.0pt;font-family:""Calibri"",""sans-serif""}p.a,li.a,div.a{margin:0cm;margin-bottom:.0001pt;font-size:12.0pt;font-family:""Times New Roman"",""serif"";}table.ad{margin-left:7.1pt;border-collapse:collapse}tr.v{height:14.15pt}td.x{width:11.4pt;border:solid windowtext 1.0pt;padding:0cm 5.4pt 0cm 5.4pt;height:14.15pt}span.y{font-size:11.0pt;font-family: ""Calibri"",""sans-serif""}td.w{width:389.5pt;border:solid windowtext 1.0pt; border-left:none;padding:0cm 5.4pt 0cm 5.4pt;height:14.15pt}
td.u{width:11.4pt;border:solid windowtext 1.0pt; border-top:none;padding:0cm 5.4pt 0cm 5.4pt}td.t{width:167.3pt;border-top:none;border-left: none;border-bottom:solid windowtext 1.0pt;border-right:solid windowtext 1.0pt; padding:0cm 5.4pt 0cm 5.4pt}td.s{width:211.4pt;border-top:none;border-left: none;border-bottom:solid windowtext 1.0pt;border-right:solid windowtext 1.0pt; padding:0cm 5.4pt 0cm 5.4pt}span.r{font-family:""Calibri"",""sans-serif""}td.q{width:11.4pt;border:solid windowtext 1.0pt;border-top: none;padding:0cm 5.4pt 0cm 5.4pt;height:14.15pt}td.p{width:389.5pt;border-top:none;border-left: none;border-bottom:solid windowtext 1.0pt;border-right:solid windowtext 1.0pt; padding:0cm 5.4pt 0cm 5.4pt;height:14.15pt} .fr-view-element{font-family: sans-serif;font-size: 12pt;line-height: 140%;padding: 20px;box-sizing: border-box;overflow-x: auto;min-height: 60px;text-align: left;margin-bottom: 10px;width: 837px;} .fr-view-element img{padding: 0 1px;} .fr-view-element .n{margin: 63.8pt 1.6cm 62.35pt 1.6cm;} .fr-view-element p{font-size: 10pt;}
/\*\*/
/\*\*/
/\*\*/
/\*]]>\*/

RNS Number : 6834S

Marks and Spencer Group PLC

01 September 2026

MARKS AND SPENCER GROUP PLC

ADMISSION TO TRADING

 

In accordance with PRM 1.6.4R, Marks and Spencer Group plc (the ""Company"") announces that 285,136 ordinary shares of 1p each have been issued and admitted to trading as set out in the table below.

 

|  |  |  |
| --- | --- | --- |
| 1 | Details of the issuer | |
| a) | Name of issuer | Marks and Spencer Group plc |
| b) | Legal entity identifier (LEI) of issuer | 213800EJP14A79ZG1X44 |
| 2 | Details of the transferable securities admitted to trading | |
| a) | Regulated market | London Stock Exchange (XLON); Main Market |
| b) | Name, type and ISIN of the securities | Ordinary shares of 1p each        ISIN: GB0031274896 |
| c) | Number of further securities admitted to trading covered by this notification | 285,136 |
| d) | Total number of securities admitted to trading following further issuance | 2,080,509,753 |
| e) | Fungibility | Fully fungible with existing ordinary shares |
| 3 | Issue and admission details | |
| a) | Date of issuance and admission to trading | Issued on various dates between 3 August 2026 and 28 August 2026.     All issued shares covered by this notification were admitted to trading under an existing block admission for the Company's SAYE Scheme, last updated in July 2026. |
| b) | Prospectus information | N/A |

 

For further information please contact:

 

Sophie Calderwood

Trainee Company Secretary

+44 (0)20 3882 2715

This information is provided by RNS, the news service of the London Stock Exchange. RNS is approved by the Financial Conduct Authority to act as a Primary Information Provider in the United Kingdom. Terms and conditions relating to the use and distribution of this information may apply. For further information, please contact [rns@lseg.com](mailto:rns@lseg.com) or visit [www.rns.com](http://www.rns.com/).  
  
RNS may use your IP address to confirm compliance with the terms and conditions, to analyse how you engage with the information contained in this communication, and to share such analysis on an anonymised basis with others as part of our commercial services. For further information about how RNS and the London Stock Exchange use the personal data you provide us, please see our [Privacy Policy](https://www.lseg.com/privacy-and-cookie-policy).

END

ADMPPMITMTATBBF",452010,"Personal Care, Drug and Grocery Stores "
17764797,2026-09-01 08:00:00,Total Voting Rights,Marks and Spencer Group PLC,MKS,TVR,RNS,6829S,https://www.londonstockexchange.com/news-article/MKS/total-voting-rights/17764797,"/\*<![CDATA[\*/
/\*\*/
/\*\*/
/\*\*/
.n{size:612.0pt 792.0pt;margin:72.0pt 72.0pt 72.0pt 72.0pt;}div.n{}p.s{margin:0cm;margin-bottom:.0001pt;font-size:12.0pt;font-family:""Times New Roman"",""serif"";text-align:center}span.q{font-size:11.0pt;font-family:""Calibri"",""sans-serif""}p.a,li.a,div.a{margin:0cm;margin-bottom:.0001pt;font-size:12.0pt;font-family:""Times New Roman"",""serif"";}span.o{font-size:11.0pt;font-family: ""Calibri"",""sans-serif""} .fr-view-element{font-family: sans-serif;font-size: 12pt;line-height: 140%;padding: 20px;box-sizing: border-box;overflow-x: auto;min-height: 60px;text-align: left;margin-bottom: 10px;width: 837px;} .fr-view-element img{padding: 0 1px;} .fr-view-element .n{margin: 63.8pt 1.6cm 62.35pt 1.6cm;} .fr-view-element p{font-size: 10pt;}
/\*\*/
/\*\*/
/\*\*/
/\*]]>\*/

RNS Number : 6829S

Marks and Spencer Group PLC

01 September 2026

MARKS AND SPENCER GROUP PLC

TOTAL VOTING RIGHTS

 

Marks and Spencer Group plc (the 'Company') releases the following information in accordance with DTR 5.6:

 

The Company's capital consists of 2,080,509,753 ordinary shares with voting rights. The Company does not hold any shares in Treasury at the date of this disclosure.

 

The above figure (2,080,509,753) can be used by shareholders as the denominator for the calculations by which to determine if they are required to notify their interest in, or a change to, their interest in the Company under the FCA's Disclosure Guidance and Transparency Rules. 

 

For further information please contact:

 

 

Sophie Calderwood

Trainee Company Secretary

+44 (0)20 3882 2715

This information is provided by RNS, the news service of the London Stock Exchange. RNS is approved by the Financial Conduct Authority to act as a Primary Information Provider in the United Kingdom. Terms and conditions relating to the use and distribution of this information may apply. For further information, please contact [rns@lseg.com](mailto:rns@lseg.com) or visit [www.rns.com](http://www.rns.com/).  
  
RNS may use your IP address to confirm compliance with the terms and conditions, to analyse how you engage with the information contained in this communication, and to share such analysis on an anonymised basis with others as part of our commercial services. For further information about how RNS and the London Stock Exchange use the personal data you provide us, please see our [Privacy Policy](https://www.lseg.com/privacy-and-cookie-policy).

END

TVREALPPALEKEFA",452010,"Personal Care, Drug and Grocery Stores "
17764770,2026-09-01 07:52:57,Holding(s) in Company,IG Design Group PLC,IGR,HOL,RNS,8826S,https://www.londonstockexchange.com/news-article/IGR/holdings-in-company/17764770,"/\*<![CDATA[\*/
/\*\*/
/\*\*/
/\*\*/
p{margin-right:0cm;margin-left:0cm;font-size:12.0pt;font-family:""Times New Roman"",""serif"";}
div.at{size:595.3pt 841.9pt;margin:72.0pt 72.0pt 72.0pt 72.0pt;margin-left:22.5pt;margin-right:22.5pt}p.aq{text-align:center}span.ar{font-size: 11.0pt;font-family:""Verdana"",""sans-serif""}div.an{margin-top:7.5pt;margin-bottom:7.5pt}p.au{margin:0cm;margin-bottom:.0001pt;font-size:12.0pt;font-family:""Times New Roman"",""serif"";background:#7C173A}span.ap{font-size:11.0pt;font-family:""Verdana"",""sans-serif""}div.al{margin-left:7.5pt}p.a,li.a,div.a{margin:0cm;margin-bottom:.0001pt;font-size:12.0pt;font-family:""Times New Roman"",""serif"";}span.am{font-size:11.0pt;font-family: ""Verdana"",""sans-serif""}div.ak{border:solid #666666 1.0pt;padding:0cm 0cm 0cm 0cm;margin-left: 9.75pt;margin-top:3.75pt;margin-bottom:7.5pt}
div.aj{margin-left:1.5pt}div.ai{border:solid #666666 1.0pt;padding:0cm 0cm 0cm 0cm;margin-left: 1.5pt;margin-top:3.75pt;margin-bottom:7.5pt}table.av{width:406.15pt;margin-left:-.75pt;border-collapse:collapse;border:none}td.ag{border-top:solid #666666 1.0pt;border-left:solid #666666 1.0pt; border-bottom:none;border-right:none;padding:.75pt .75pt .75pt .75pt}p.aw{margin:0cm;margin-bottom:.0001pt;font-size:12.0pt;font-family:""Times New Roman"",""serif"";text-align:center}span.ah{color:white}td.ae{border:solid #666666 1.0pt;padding:.75pt .75pt .75pt 6.0pt}span.af{font-size:7.5pt;font-family: ""Verdana"",""sans-serif""}td.ad{border:solid #666666 1.0pt;border-left:none; padding:.75pt .75pt .75pt 6.0pt}td.aa{border:solid #666666 1.0pt;padding:.75pt .75pt .75pt .75pt}
p.ax{margin:0cm;margin-bottom:.0001pt;font-size:12.0pt;font-family:""Times New Roman"",""serif"";margin-top:3.75pt;margin-right:0cm;margin-bottom: 7.5pt;margin-left:9.75pt}span.ac{font-size:11.0pt; font-family:""Verdana"",""sans-serif""}td.z{border-top:none;border-left:none;border-bottom:solid #666666 1.0pt; border-right:solid #666666 1.0pt;padding:.75pt .75pt .75pt .75pt}td.y{border:solid #666666 1.0pt;border-top:none;padding:.75pt .75pt .75pt .75pt}table.ay{width:406.15pt;margin-left:-1.5pt;border-collapse:collapse;border:none}td.w{width:20.0%;border:solid #666666 1.0pt;padding:.75pt .75pt .75pt 1.5pt}td.v{border:solid #666666 1.0pt;border-left:none; padding:.75pt .75pt .75pt 1.5pt}td.s{width:20.0%;border:solid #666666 1.0pt;border-top: none;padding:.75pt .75pt .75pt .75pt}p.az{margin:0cm;margin-bottom:.0001pt;font-size:12.0pt;font-family:""Times New Roman"",""serif"";margin-top:3.75pt;margin-right:0cm;margin-bottom: 7.5pt;margin-left:2.25pt}span.u{font-size:10.0pt; font-family:""Verdana"",""sans-serif""}
td.q{border:solid #666666 1.0pt;border-top:none; padding:.75pt .75pt .75pt 1.5pt}span.r{font-size:7.5pt;font-family:""Verdana"",""sans-serif""}td.p{border-top:none;border-left:none;border-bottom:solid #666666 1.0pt; border-right:solid #666666 1.0pt;padding:.75pt .75pt .75pt .75pt}span.n{font-size:10.0pt}p.ba{margin:0cm;margin-bottom:.0001pt;font-size:12.0pt;font-family:""Times New Roman"",""serif"";margin-top:3.75pt;margin-right:0cm; margin-bottom:7.5pt;margin-left:9.75pt;text-align:center}td.l{width:15.0%;border:solid #666666 1.0pt;padding:.75pt .75pt .75pt 1.5pt}td.k{width:20.0%;border:solid #666666 1.0pt;border-left: none;padding:.75pt .75pt .75pt 1.5pt}td.i{width:15.0%;border:solid #666666 1.0pt;border-top: none;padding:.75pt .75pt .75pt .75pt}p.bb{margin:0cm;margin-bottom:.0001pt;font-size:12.0pt;font-family:""Times New Roman"",""serif"";margin-top:3.75pt;margin-right:0cm;margin-bottom: 7.5pt;margin-left:3.75pt} .fr-view-element{font-family: sans-serif;font-size: 12pt;line-height: 140%;padding: 20px;box-sizing: border-box;overflow-x: auto;min-height: 60px;text-align: left;margin-bottom: 10px;width: 837px;} .fr-view-element img{padding: 0 1px;} .fr-view-element .WordSection1\_tidyNotWord-37{margin: 63.8pt 1.6cm 62.35pt 1.6cm;} .fr-view-element p{font-size: 10pt;}
/\*\*/
/\*\*/
/\*\*/
/\*]]>\*/

RNS Number : 8826S

IG Design Group PLC

01 September 2026

TR-1: Standard form for notification of major holdings

1. Issuer Details

ISIN

GB0004526900

Issuer Name

IG DESIGN GROUP PLC

UK or Non-UK Issuer

UK

2. Reason for Notification

An acquisition or disposal of voting rights; An acquisition or disposal of financial instruments

3. Details of person subject to the notification obligation

Name

FIL Limited

City of registered office (if applicable)

Hamilton

Country of registered office (if applicable)

Bermuda

4. Details of the shareholder

Full name of shareholder(s) if different from the person(s) subject to the notification obligation, above

City of registered office (if applicable)

Country of registered office (if applicable)

5. Date on which the threshold was crossed or reached

28-Aug-2026

6. Date on which Issuer notified

31-Aug-2026

7. Total positions of person(s) subject to the notification obligation

|  |  |  |  |  |
| --- | --- | --- | --- | --- |
|  | % of voting rights attached to shares (total of 8.A) | % of voting rights through financial instruments (total of 8.B 1 + 8.B 2) | Total of both in % (8.A + 8.B) | Total number of voting rights held in issuer |
| Resulting situation on the date on which threshold was crossed or reached | 9.966900 | 5.023100 | 14.990000 | 14104173 |
| Position of previous notification (if applicable) | 9.990700 | 5.035200 | 15.025900 |  |

8. Notified details of the resulting situation on the date on which the threshold was crossed or reached

8A. Voting rights attached to shares

|  |  |  |  |  |
| --- | --- | --- | --- | --- |
| Class/Type of shares ISIN code(if possible) | Number of direct voting rights (DTR5.1) | Number of indirect voting rights (DTR5.2.1) | % of direct voting rights (DTR5.1) | % of indirect voting rights (DTR5.2.1) |
| GB0004526900 |  | 9377891 |  | 9.966900 |
| Sub Total 8.A | 9377891 | | 9.966900% | |

8B1. Financial Instruments according to (DTR5.3.1R.(1) (a))

|  |  |  |  |  |
| --- | --- | --- | --- | --- |
| Type of financial instrument | Expiration date | Exercise/conversion period | Number of voting rights that may be acquired if the instrument is exercised/converted | % of voting rights |
|  |  |  |  |  |
| Sub Total 8.B1 |  | |  |  |

8B2. Financial Instruments with similar economic effect according to (DTR5.3.1R.(1) (b))

|  |  |  |  |  |  |
| --- | --- | --- | --- | --- | --- |
| Type of financial instrument | Expiration date | Exercise/conversion period | Physical or cash settlement | Number of voting rights | % of voting rights |
| CFD |  |  | Cash | 4726282 | 5.023100 |
| Sub Total 8.B2 |  | | | 4726282 | 5.023100% |

9. Information in relation to the person subject to the notification obligation

2. Full chain of controlled undertakings through which the voting rights and/or the financial instruments are effectively held starting with the ultimate controlling natural person or legal entities (please add additional rows as necessary)

|  |  |  |  |  |
| --- | --- | --- | --- | --- |
| Ultimate controlling person | Name of controlled undertaking | % of voting rights if it equals or is higher than the notifiable threshold | % of voting rights through financial instruments if it equals or is higher than the notifiable threshold | Total of both if it equals or is higher than the notifiable threshold |
| FIL Limited | FIL Limited | 9.966900 | 5.023100 | 14.990000% |
| FIL Limited | FIL Financial Services Holdings Limited | 9.966900 | 5.023100 | 14.990000% |
| FIL Limited | FIL Financial Services Holdings 2 Limited | 9.966900 | 5.023100 | 14.990000% |
| FIL Limited | FIL Holdings (UK) Limited | 9.966900 | 5.023100 | 14.990000% |
| FIL Limited | FIL Investments International | 9.966900 | 5.023100 | 14.990000% |

10. In case of proxy voting

Name of the proxy holder

The number and % of voting rights held

The date until which the voting rights will be held

If date does not apply, explain below

11. Additional Information

12. Date of Completion

31-Aug-2026

13. Place Of Completion

Dublin, Ireland

This information is provided by RNS, the news service of the London Stock Exchange. RNS is approved by the Financial Conduct Authority to act as a Primary Information Provider in the United Kingdom. Terms and conditions relating to the use and distribution of this information may apply. For further information, please contact [rns@lseg.com](mailto:rns@lseg.com) or visit [www.rns.com](http://www.rns.com/).  
  
RNS may use your IP address to confirm compliance with the terms and conditions, to analyse how you engage with the information contained in this communication, and to share such analysis on an anonymised basis with others as part of our commercial services. For further information about how RNS and the London Stock Exchange use the personal data you provide us, please see our [Privacy Policy](https://www.lseg.com/privacy-and-cookie-policy).

END

HOLLBMRTMTAMMTF",452010,"Personal Care, Drug and Grocery Stores "
17764526,2026-09-01 07:00:00,Total Voting Rights,Inchcape PLC,INCH,TVR,RNS,6913S,https://www.londonstockexchange.com/news-article/INCH/total-voting-rights/17764526,"/\*<![CDATA[\*/
/\*\*/
/\*\*/
.g{size:595.3pt 841.9pt;margin:72.0pt 89.85pt 72.0pt 89.85pt;}div.g{}p.l{margin:0cm;margin-bottom:.0001pt;font-size:12.0pt;font-family:""Arial"",""sans-serif"";text-align:center}span.j{font-size:11.0pt;font-family:""Century Gothic"",""sans-serif""}p.a,li.a,div.a{margin:0cm;margin-bottom:.0001pt;font-size:12.0pt;font-family:""Arial"",""sans-serif"";}p.m{margin:0cm;margin-bottom:.0001pt;font-size:12.0pt;font-family:""Arial"",""sans-serif"";text-align:justify} .fr-view-element{font-family: sans-serif;font-size: 12pt;line-height: 140%;padding: 20px;box-sizing: border-box;overflow-x: auto;min-height: 60px;text-align: left;margin-bottom: 10px;width: 837px;} .fr-view-element img{padding: 0 1px;} .fr-view-element .g{margin: 63.8pt 1.6cm 62.35pt 1.6cm;} .fr-view-element p{font-size: 10pt;}
/\*\*/
/\*\*/
/\*]]>\*/

RNS Number : 6913S

Inchcape PLC

01 September 2026

Inchcape plc

Total Voting Rights

 

 

 

In accordance with the Financial Conduct Authority's Disclosure Guidance and Transparency Rule 5.6.1, Inchcape plc announces that, as at 31 August 2026, its issued share capital stands at 346,142,094 ordinary shares of 10p each. All the shares carry voting rights of one vote per share. Inchcape plc does not hold any shares in treasury.

 

The above figure may be used by shareholders as the denominator for the calculations by which they determine if they are required to notify their interests in, or a change to their interest in, Inchcape plc under the Disclosure Guidance and Transparency Rules.

This information is provided by RNS, the news service of the London Stock Exchange. RNS is approved by the Financial Conduct Authority to act as a Primary Information Provider in the United Kingdom. Terms and conditions relating to the use and distribution of this information may apply. For further information, please contact [rns@lseg.com](mailto:rns@lseg.com) or visit [www.rns.com](http://www.rns.com/).  
  
RNS may use your IP address to confirm compliance with the terms and conditions, to analyse how you engage with the information contained in this communication, and to share such analysis on an anonymised basis with others as part of our commercial services. For further information about how RNS and the London Stock Exchange use the personal data you provide us, please see our [Privacy Policy](https://www.lseg.com/privacy-and-cookie-policy).

END

TVRUWVVRNVUWUAR",404010,Retailers 
17763166,2026-09-01 06:00:15,Holding(s) in Company,Pets At Home Group Plc,PETS,HOL,RNS,7659S,https://www.londonstockexchange.com/news-article/PETS/holdings-in-company/17763166,"/\*<![CDATA[\*/
/\*\*/
/\*\*/
/\*\*/
p{margin-right:0cm;margin-left:0cm;font-size:12.0pt;font-family:""Times New Roman"",""serif"";}
div.ao{size:612.0pt 792.0pt;margin:72.0pt 72.0pt 72.0pt 72.0pt;margin-left:22.5pt;margin-right:22.5pt}p.al{text-align:center}span.am{font-size:11.0pt; font-family:""Verdana"",""sans-serif""}div.aj{margin-top:7.5pt;margin-bottom:7.5pt}p.ap{margin:0cm;margin-bottom:.0001pt;font-size:12.0pt;font-family:""Times New Roman"",""serif"";background:#7C173A}div.ah{margin-left:7.5pt}p.a,li.a,div.a{margin:0cm;margin-bottom:.0001pt;font-size:12.0pt;font-family:""Times New Roman"",""serif"";}span.ai{font-size:11.0pt;font-family:""Verdana"",""sans-serif""}div.ag{border:solid #666666 1.0pt;padding:0cm 0cm 0cm 0cm;margin-left: 9.75pt;margin-top:3.75pt;margin-bottom:7.5pt}div.af{margin-left:1.5pt}
div.ae{border:solid #666666 1.0pt;padding:0cm 0cm 0cm 0cm;margin-left: 1.5pt;margin-top:3.75pt;margin-bottom:7.5pt}table.aq{width:421.2pt;margin-left:-.75pt;border-collapse:collapse;border:none}td.ac{border-top:solid #666666 1.0pt;border-left:solid #666666 1.0pt; border-bottom:none;border-right:none;padding:.75pt .75pt .75pt .75pt}p.ar{margin:0cm;margin-bottom:.0001pt;font-size:12.0pt;font-family:""Times New Roman"",""serif"";text-align:center}span.ad{color:white}td.aa{border:solid #666666 1.0pt;padding:.75pt .75pt .75pt 6.0pt}span.ab{font-size:7.5pt;font-family:""Verdana"",""sans-serif""}td.z{border:solid #666666 1.0pt;border-left:none; padding:.75pt .75pt .75pt 6.0pt}td.x{border:solid #666666 1.0pt;padding:.75pt .75pt .75pt .75pt}p.as{margin:0cm;margin-bottom:.0001pt;font-size:12.0pt;font-family:""Times New Roman"",""serif"";margin-top:3.75pt;margin-right:0cm;margin-bottom: 7.5pt;margin-left:9.75pt}
td.w{border-top:none;border-left:none;border-bottom:solid #666666 1.0pt; border-right:solid #666666 1.0pt;padding:.75pt .75pt .75pt .75pt}td.v{border:solid #666666 1.0pt;border-top:none;padding:.75pt .75pt .75pt .75pt}table.at{width:421.2pt;margin-left:-1.5pt;border-collapse:collapse;border:none}td.t{width:20.0%;border:solid #666666 1.0pt;padding:.75pt .75pt .75pt 1.5pt}td.s{border:solid #666666 1.0pt;border-left:none; padding:.75pt .75pt .75pt 1.5pt}td.p{width:20.0%;border:solid #666666 1.0pt;border-top: none;padding:.75pt .75pt .75pt .75pt}p.au{margin:0cm;margin-bottom:.0001pt;font-size:12.0pt;font-family:""Times New Roman"",""serif"";margin-top:3.75pt;margin-right:0cm;margin-bottom: 7.5pt;margin-left:2.25pt}span.r{font-size:10.0pt;font-family:""Verdana"",""sans-serif""}td.o{border:solid #666666 1.0pt;border-top:none; padding:.75pt .75pt .75pt 1.5pt}td.n{border-top:none;border-left:none;border-bottom:solid #666666 1.0pt; border-right:solid #666666 1.0pt;padding:.75pt .75pt .75pt .75pt}
span.l{font-size:10.0pt}p.av{margin:0cm;margin-bottom:.0001pt;font-size:12.0pt;font-family:""Times New Roman"",""serif"";margin-top:3.75pt;margin-right:0cm; margin-bottom:7.5pt;margin-left:9.75pt;text-align:center}td.j{width:15.0%;border:solid #666666 1.0pt;padding:.75pt .75pt .75pt 1.5pt}td.i{width:15.0%;border:solid #666666 1.0pt;border-top: none;padding:.75pt .75pt .75pt .75pt} .fr-view-element{font-family: sans-serif;font-size: 12pt;line-height: 140%;padding: 20px;box-sizing: border-box;overflow-x: auto;min-height: 60px;text-align: left;margin-bottom: 10px;width: 837px;} .fr-view-element img{padding: 0 1px;} .fr-view-element .WordSection1\_tidyNotWord-32{margin: 63.8pt 1.6cm 62.35pt 1.6cm;} .fr-view-element p{font-size: 10pt;}
/\*\*/
/\*\*/
/\*\*/
/\*]]>\*/

RNS Number : 7659S

Pets At Home Group Plc

01 September 2026

TR-1: Standard form for notification of major holdings

1. Issuer Details

ISIN

GB00BJ62K685

Issuer Name

PETS AT HOME GROUP PLC

UK or Non-UK Issuer

UK

2. Reason for Notification

An acquisition or disposal of voting rights

3. Details of person subject to the notification obligation

Name

Tweedy, Browne Company LLC

City of registered office (if applicable)

Stamford, CT 06902

Country of registered office (if applicable)

United States

4. Details of the shareholder

Full name of shareholder(s) if different from the person(s) subject to the notification obligation, above

City of registered office (if applicable)

Country of registered office (if applicable)

5. Date on which the threshold was crossed or reached

28-Aug-2026

6. Date on which Issuer notified

31-Aug-2026

7. Total positions of person(s) subject to the notification obligation

|  |  |  |  |  |
| --- | --- | --- | --- | --- |
|  | % of voting rights attached to shares (total of 8.A) | % of voting rights through financial instruments (total of 8.B 1 + 8.B 2) | Total of both in % (8.A + 8.B) | Total number of voting rights held in issuer |
| Resulting situation on the date on which threshold was crossed or reached | 4.780000 | 0.000000 | 4.780000 | 21127647 |
| Position of previous notification (if applicable) | 5.020000 | 0.000000 | 5.020000 |  |

8. Notified details of the resulting situation on the date on which the threshold was crossed or reached

8A. Voting rights attached to shares

|  |  |  |  |  |
| --- | --- | --- | --- | --- |
| Class/Type of shares ISIN code(if possible) | Number of direct voting rights (DTR5.1) | Number of indirect voting rights (DTR5.2.1) | % of direct voting rights (DTR5.1) | % of indirect voting rights (DTR5.2.1) |
| GB00BJ62K685 | 21127647 | 0 | 4.780000 | 0.000000 |
| Sub Total 8.A | 21127647 | | 4.780000% | |

8B1. Financial Instruments according to (DTR5.3.1R.(1) (a))

|  |  |  |  |  |
| --- | --- | --- | --- | --- |
| Type of financial instrument | Expiration date | Exercise/conversion period | Number of voting rights that may be acquired if the instrument is exercised/converted | % of voting rights |
|  |  |  |  |  |
| Sub Total 8.B1 |  | |  |  |

8B2. Financial Instruments with similar economic effect according to (DTR5.3.1R.(1) (b))

|  |  |  |  |  |  |
| --- | --- | --- | --- | --- | --- |
| Type of financial instrument | Expiration date | Exercise/conversion period | Physical or cash settlement | Number of voting rights | % of voting rights |
|  |  |  |  |  |  |
| Sub Total 8.B2 |  | | |  |  |

9. Information in relation to the person subject to the notification obligation

1. Person subject to the notification obligation is not controlled by any natural person or legal entity and does not control any other undertaking(s) holding directly or indirectly an interest in the (underlying) issuer.

|  |  |  |  |  |
| --- | --- | --- | --- | --- |
| Ultimate controlling person | Name of controlled undertaking | % of voting rights if it equals or is higher than the notifiable threshold | % of voting rights through financial instruments if it equals or is higher than the notifiable threshold | Total of both if it equals or is higher than the notifiable threshold |
|  |  |  |  |  |

10. In case of proxy voting

Name of the proxy holder

The number and % of voting rights held

The date until which the voting rights will be held

If date does not apply, explain below

11. Additional Information

12. Date of Completion

31-Aug-2026

13. Place Of Completion

Stamford, CT 06902

This information is provided by RNS, the news service of the London Stock Exchange. RNS is approved by the Financial Conduct Authority to act as a Primary Information Provider in the United Kingdom. Terms and conditions relating to the use and distribution of this information may apply. For further information, please contact [rns@lseg.com](mailto:rns@lseg.com) or visit [www.rns.com](http://www.rns.com/).  
  
RNS may use your IP address to confirm compliance with the terms and conditions, to analyse how you engage with the information contained in this communication, and to share such analysis on an anonymised basis with others as part of our commercial services. For further information about how RNS and the London Stock Exchange use the personal data you provide us, please see our [Privacy Policy](https://www.lseg.com/privacy-and-cookie-policy).

END

HOLDZGFRRMKGVZM",404010,Retailers 
17763151,2026-09-01 06:00:15,Change of Chief Financial Officer ,Wellnex Life Limited,WNX,BOA,RNS,7195S,https://www.londonstockexchange.com/news-article/WNX/change-of-chief-financial-officer/17763151,"/\*<![CDATA[\*/
/\*\*/
/\*\*/
/\*\*/
h1{margin-top:18.0pt;margin-right:0cm;margin-bottom:4.0pt;margin-left:0cm;line-height:107%;font-size:20.0pt;font-family:Play;color:#0F4761;font-weight:normal;}h2{margin-top:8.0pt;margin-right:0cm;margin-bottom:4.0pt;margin-left:0cm;line-height:107%;font-size:16.0pt;font-family:Play;color:#0F4761;font-weight:normal;}h3{margin-top:8.0pt;margin-right:0cm;margin-bottom:4.0pt;margin-left:0cm;line-height:107%;font-size:14.0pt;font-family:""Aptos"",""sans-serif"";color:#0F4761;font-weight:normal;}h4{margin-top:4.0pt;margin-right:0cm;margin-bottom:2.0pt;margin-left:0cm;line-height:107%;font-size:11.0pt;font-family:""Aptos"",""sans-serif"";color:#0F4761;font-weight:normal;font-style:italic;}h5{margin-top:4.0pt;margin-right:0cm;margin-bottom:2.0pt;margin-left:0cm;line-height:107%;font-size:11.0pt;font-family:""Aptos"",""sans-serif"";color:#0F4761;font-weight:normal;}h6{margin-top:2.0pt;margin-right:0cm;margin-bottom:0cm;margin-left:0cm;margin-bottom:.0001pt;line-height:107%;font-size:11.0pt;font-family:""Aptos"",""sans-serif"";color:#595959;font-weight:normal;font-style:italic;}p{margin-top:0cm;margin-right:0cm;margin-bottom:8.0pt;margin-left:0cm;line-height:107%;font-size:12.0pt;font-family:""Times New Roman"",""serif"";}ol{margin-bottom:0cm;}ul{margin-bottom:0cm;}link{ color: blue }
visited{ color: purple }
.z{size:595.3pt 841.9pt;margin:72.0pt 72.0pt 2.0cm 72.0pt;}div.z{}p.av{margin-top:0cm;margin-right:0cm;margin-bottom:8.0pt;margin-left:0cm;line-height:107%;font-size:11.0pt;font-family:""Aptos"",""sans-serif"";text-align:justify}span.at{font-size:10.0pt; line-height:107%;font-family:""Arial"",""sans-serif""}p.aw{margin-top:0cm;margin-right:0cm;margin-bottom:8.0pt;margin-left:0cm;line-height:107%;font-size:11.0pt;font-family:""Aptos"",""sans-serif"";text-align:center}span.ar{font-size:10.0pt;line-height:107%;font-family:""Arial"",""sans-serif""; color:red}span.aq{font-size:10.0pt;line-height:107%;font-family:""Arial"",""sans-serif""}span.ap{font-size:10.5pt;line-height:107%;font-family:""Arial"",""sans-serif""}p.ax{margin-top:0cm;margin-right:0cm;margin-bottom:8.0pt;margin-left:0cm;line-height:107%;font-size:11.0pt;font-family:""Aptos"",""sans-serif"";margin-top:12.0pt;margin-right:0cm; margin-bottom:6.0pt;margin-left:0cm;text-align:center;line-height:150%}span.an{font-size:10.5pt;line-height:150%;font-family:""Arial"",""sans-serif""}
p.ay{margin-top:0cm;margin-right:0cm;margin-bottom:8.0pt;margin-left:0cm;line-height:107%;font-size:11.0pt;font-family:""Aptos"",""sans-serif"";margin-top:12.0pt;margin-right:0cm;margin-bottom: 6.0pt;margin-left:0cm;text-align:justify;line-height:150%}span.al{font-size:10.5pt; line-height:150%;font-family:""Arial"",""sans-serif""}p.az{margin-top:0cm;margin-right:0cm;margin-bottom:8.0pt;margin-left:0cm;line-height:107%;font-size:11.0pt;font-family:""Aptos"",""sans-serif"";margin-top:12.0pt;margin-right:0cm;margin-bottom: 10.0pt;margin-left:0cm;text-align:justify;line-height:115%}span.aj{font-size:10.5pt;line-height:115%;font-family:""Arial"",""sans-serif""}p.ba{margin-top:0cm;margin-right:0cm;margin-bottom:8.0pt;margin-left:0cm;line-height:107%;font-size:11.0pt;font-family:""Aptos"",""sans-serif"";margin-bottom:10.0pt;text-align:center; line-height:150%}span.ah{font-size:10.5pt;line-height:150%; font-family:""Arial"",""sans-serif""}p.bb{margin-top:0cm;margin-right:0cm;margin-bottom:8.0pt;margin-left:0cm;line-height:107%;font-size:11.0pt;font-family:""Aptos"",""sans-serif"";margin-bottom:6.0pt}span.ae{font-size:9.0pt;line-height:107%;font-family:""Arial"",""sans-serif""}span.ad{font-size: 9.0pt;line-height:107%;font-family:""Arial"",""sans-serif""}span.ac{font-family: ""Arial"",""sans-serif""; font-size: 9.0pt; line-height: 107%; text-decoration: underline}
span.ab{font-size:9.0pt; line-height:107%;font-family:""Arial"",""sans-serif"";color:#1155CC}span.aa{color: #1155CC; text-decoration: underline} .fr-view-element{font-family: sans-serif;font-size: 12pt;line-height: 140%;padding: 20px;box-sizing: border-box;overflow-x: auto;min-height: 60px;text-align: left;margin-bottom: 10px;width: 837px;} .fr-view-element img{padding: 0 1px;} .fr-view-element .z{margin: 63.8pt 1.6cm 62.35pt 1.6cm;} .fr-view-element p{font-size: 10pt;}
/\*\*/
/\*\*/
/\*\*/
/\*]]>\*/

RNS Number : 7195S

Wellnex Life Limited

01 September 2026

ASX/AIM Announcement        

                                                                                                                        1 September 2026

Change of Chief Financial Officer

Wellnex Life Limited (ASX/AIM: WNX) (""Wellnex Life"" or the ""Company"") advises that Ms Vivienne Zhang will step down from her role as Chief Financial Officer (""CFO""), with Mr Joe Rinarelli appointed as the Company's new Chief Financial Officer.

Mr Rinarelli is an experienced Chartered Accountant with more than 15 years of accounting and finance experience.

Mr Rinarelli will commence in the role on 1 September 2026 on a part-time basis.

To support an orderly and seamless handover, Ms Zhang will remain engaged by the Company as a consultant for a transitional period, working closely with Mr Rinarelli and the management team to facilitate the transfer of responsibilities and corporate knowledge.

Commenting on the transition, Wellnex Life Interim Executive Chair Eric Jiang, said:

""On behalf of the Board and everyone at Wellnex, I would like to thank Vivienne for her dedication, commitment and strong work ethic during her tenure as Chief Financial Officer. Vivienne has played an important role in the Company's recent transformation, particularly in supporting the Company's corporate strategy and the execution of the recent divestment of Pain Away. We are pleased that Vivienne will continue to support the Company as a consultant during the transition period, ensuring an orderly handover to Joe. The Board and management team wish Vivienne every success in her future endeavours.

We are also pleased to welcome Joe to Wellnex. His extensive accounting and finance experience, including his experience with ASX-listed companies, will be valuable as Wellnex enters its next phase. His appointment on a part-time basis also reflects the Company's ongoing focus on maintaining an efficient corporate cost base as we execute our go-forward strategy.""

This ASX/AIM announcement has been authorised by the Board of Wellnex Life Limited (ASX/AIM:WNX).

--- END ---

For further information, please contact:

Wellnex Life Limited (ASX/AIM:WNX)                            

Eric Jiang                                                                             

Interim Executive Chairman                                                            

E: [eric.j@wellnexlife.com.au](mailto:eric.j@wellnexlife.com.au)    

 

UK Investors

Strand Hanson (Financial & Nominated Advisor)

James Harris / Richard Johnson                                      Tel: +44 (0) 20 7409 3494

 

Orana Corporate LLP (Joint Broker)                                 [swykeham@oranacorp.com](mailto:swykeham@oranacorp.com)

Sebastian Wykeham    

 

S.P. Angel Corporate Finance LLP (Joint Broker)        Tel: +44 (0)20 3470 0470

David Hignell / Vadim Alexandre

 

To learn more, please visit: <https://wellnexlife.com.au/>

This information is provided by RNS, the news service of the London Stock Exchange. RNS is approved by the Financial Conduct Authority to act as a Primary Information Provider in the United Kingdom. Terms and conditions relating to the use and distribution of this information may apply. For further information, please contact [rns@lseg.com](mailto:rns@lseg.com) or visit [www.rns.com](http://www.rns.com/).  
  
RNS may use your IP address to confirm compliance with the terms and conditions, to analyse how you engage with the information contained in this communication, and to share such analysis on an anonymised basis with others as part of our commercial services. For further information about how RNS and the London Stock Exchange use the personal data you provide us, please see our [Privacy Policy](https://www.lseg.com/privacy-and-cookie-policy).

END

BOAFLFFFTLILVIR",404010,Retailers 
17763083,2026-09-01 06:00:14,Update on investment in HUGO BOSS,Frasers Group PLC,FRAS,OUP,RNS,7341S,https://www.londonstockexchange.com/news-article/FRAS/update-on-investment-in-hugo-boss/17763083,"/\*<![CDATA[\*/
/\*\*/
/\*\*/
/\*\*/
h1{margin-top:0cm;margin-right:0cm;margin-bottom:12.0pt;margin-left:35.45pt;text-align:justify;text-indent:-35.45pt;font-size:11.0pt;font-family:""Arial"",""sans-serif"";font-weight:normal;}h2{margin-top:0cm;margin-right:0cm;margin-bottom:12.0pt;margin-left:35.45pt;text-align:justify;text-indent:-35.45pt;font-size:11.0pt;font-family:""Arial"",""sans-serif"";font-weight:normal;}h3{margin-top:0cm;margin-right:0cm;margin-bottom:12.0pt;margin-left:70.9pt;text-align:justify;text-indent:-35.45pt;font-size:11.0pt;font-family:""Arial"",""sans-serif"";font-weight:normal;}h4{margin-top:0cm;margin-right:0cm;margin-bottom:12.0pt;margin-left:106.3pt;text-align:justify;text-indent:-35.4pt;font-size:11.0pt;font-family:""Arial"",""sans-serif"";font-weight:normal;}h5{margin-top:0cm;margin-right:0cm;margin-bottom:12.0pt;margin-left:5.0cm;text-align:justify;text-indent:-35.45pt;font-size:11.0pt;font-family:""Arial"",""sans-serif"";font-weight:normal;}h6{margin-top:0cm;margin-right:0cm;margin-bottom:12.0pt;margin-left:177.2pt;text-align:justify;text-indent:-35.45pt;font-size:11.0pt;font-family:""Arial"",""sans-serif"";font-weight:normal;}p{margin:0cm;margin-bottom:.0001pt;font-size:12.0pt;font-family:""Times New Roman"",""serif"";}address{margin:0cm;margin-bottom:.0001pt;font-size:11.0pt;font-family:""Arial"",""sans-serif"";font-style:italic;}code{font-family:""Courier New"";}samp{font-family:""Courier New"";}
tt{font-family:""Courier New"";}ol{margin-bottom:0cm;}ul{margin-bottom:0cm;}link{ color: #E6007E }visited{ color: purple }
.dd{size:21.0cm 842.0pt;margin:70.9pt 2.0cm 70.9pt 2.0cm;}div.dd{}p.dx{margin:0cm;margin-bottom:.0001pt;font-size:11.0pt;font-family:""Times New Roman"",""serif"";margin-top:6.0pt;margin-right:0cm;margin-bottom:6.0pt; margin-left:0cm;text-align:justify;vertical-align:baseline}span.dv{font-family:""Arial"",""sans-serif""}p.dy{margin:0cm;margin-bottom:.0001pt;font-size:11.0pt;font-family:""Times New Roman"",""serif"";margin-top:6.0pt;margin-right:0cm;margin-bottom:6.0pt; margin-left:0cm;text-align:justify;line-height:150%;vertical-align:baseline}p.dz{margin:0cm;margin-bottom:.0001pt;font-size:11.0pt;font-family:""Times New Roman"",""serif"";margin-top:6.0pt;margin-right:0cm; margin-bottom:6.0pt;margin-left:0cm;text-align:center;line-height:150%; vertical-align:baseline}p.ea{margin:0cm;margin-bottom:.0001pt;font-size:11.0pt;font-family:""Times New Roman"",""serif"";margin-top:6.0pt;margin-right:7.1pt;margin-bottom: 6.0pt;margin-left:0cm;text-align:justify;line-height:150%;vertical-align:baseline}p.eb{margin:0cm;margin-bottom:.0001pt;font-size:11.0pt;font-family:""Times New Roman"",""serif"";margin-top:6.0pt;margin-right:7.1pt;margin-bottom: 6.0pt;margin-left:0cm;text-align:justify;line-height:150%;page-break-after: avoid;vertical-align:baseline}table.ec{width:465.05pt;margin-left:-10.8pt;border-collapse:collapse}tr.dl{height:58.7pt}
td.do{width:242.7pt;padding:0cm 5.4pt 0cm 5.4pt; height:58.7pt}p.ed{margin:0cm;margin-bottom:.0001pt;font-size:11.0pt;font-family:""Times New Roman"",""serif"";margin-bottom:6.0pt;line-height:150%}td.dm{width:200.75pt;padding:0cm 5.4pt 0cm 5.4pt; height:58.7pt}span.dn{font-family: ""Arial"",""sans-serif""}tr.di{height:49.5pt}td.dk{width:242.7pt;padding:0cm 5.4pt 0cm 5.4pt; height:49.5pt}td.dj{width:200.75pt;padding:0cm 5.4pt 0cm 5.4pt; height:49.5pt}tr.df{height:64.35pt}td.dh{width:242.7pt;padding:0cm 5.4pt 0cm 5.4pt; height:64.35pt}td.dg{width:200.75pt;padding:0cm 5.4pt 0cm 5.4pt; height:64.35pt}
p.a,li.a,div.a{margin:0cm;margin-bottom:.0001pt;font-size:11.0pt;font-family:""Times New Roman"",""serif"";} .fr-view-element{font-family: sans-serif;font-size: 12pt;line-height: 140%;padding: 20px;box-sizing: border-box;overflow-x: auto;min-height: 60px;text-align: left;margin-bottom: 10px;width: 837px;} .fr-view-element img{padding: 0 1px;} .fr-view-element .dd{margin: 63.8pt 1.6cm 62.35pt 1.6cm;} .fr-view-element p{font-size: 10pt;}
/\*\*/
/\*\*/
/\*\*/
/\*]]>\*/

RNS Number : 7341S

Frasers Group PLC

01 September 2026

THIS ANNOUNCEMENT CONTAINS INSIDE INFORMATION FOR THE PURPOSES OF ARTICLE 7 OF THE MARKET ABUSE REGULATION (EU) 596/2014 AS IT FORMS PART OF UK DOMESTIC LAW BY VIRTUE OF THE EUROPEAN UNION (WITHDRAWAL) ACT 2018 (""MAR""), AND IS DISCLOSED IN ACCORDANCE WITH THE COMPANY'S OBLIGATIONS UNDER ARTICLE 17 OF MAR.

 

1 September 2026

FRASERS GROUP PLC

Update on investment in HUGO BOSS

On 18 August 2026, Frasers Group plc (Frasers) announced that, following the expiry of the acceptance period for its voluntary public takeover offer to acquire all of the ordinary no-par value registered shares (HUGO BOSS Shares) in HUGO BOSS AG (HUGO BOSS) not directly held by Frasers (the Offer), Frasers' direct shareholding in HUGO BOSS had increased to 33,054,959 HUGO BOSS Shares, corresponding to 47.89% of the share capital and voting rights of HUGO BOSS.

Frasers' current intention is to further increase its interest in HUGO BOSS, including through the potential acquisition of additional HUGO BOSS shares, with the objective of taking an interest in excess of 50.00% of the share capital and voting rights of HUGO BOSS.

There can be no certainty as to whether, when, or at what price any such acquisitions will be made, or that this objective will be achieved. Frasers may also continue to acquire or dispose of investments in HUGO BOSS, including but not limited to shares, options, derivatives or other financial instruments the price of which is referenced to, or provides economic exposure to, HUGO BOSS Shares.

Related to its investment in HUGO BOSS and in response to recent market speculation, Frasers is currently reviewing whether it continues to support Mr. Stephan Sturm in his position as the Chairman of the Supervisory Board of HUGO BOSS. If Frasers were to cease to support Mr. Sturm, it would publish an intention statement in accordance with Section 43 para. 1 sentence 1 WpHG (the German Securities Trading Act).

Frasers will comply with the applicable regulatory requirements relating to any further investment in HUGO BOSS, including any voting rights notifications or other disclosure requirements, as and when appropriate.

Enquiries

 

|  |  |
| --- | --- |
| Frasers Group plc  Christopher Wootton, Chief Financial Officer | T. +44 344 245 9200  E. [financial@frasers.group](mailto:financial@frasers.group) |
| KBA PR  Keith Bishop | T. +44 207 734 9995  E. [frasers@keithbishop.com](mailto:frasers@keithbishop.com) |
| Emma Reid, Company Secretary  LEI: 213800JEGHHEAXIJDX34 | T. +44 344 245 9200  E. [company.secretary@frasers.group](mailto:company.secretary@frasers.group) |

This information is provided by RNS, the news service of the London Stock Exchange. RNS is approved by the Financial Conduct Authority to act as a Primary Information Provider in the United Kingdom. Terms and conditions relating to the use and distribution of this information may apply. For further information, please contact [rns@lseg.com](mailto:rns@lseg.com) or visit [www.rns.com](http://www.rns.com/).  
  
RNS may use your IP address to confirm compliance with the terms and conditions, to analyse how you engage with the information contained in this communication, and to share such analysis on an anonymised basis with others as part of our commercial services. For further information about how RNS and the London Stock Exchange use the personal data you provide us, please see our [Privacy Policy](https://www.lseg.com/privacy-and-cookie-policy).

END

OUPPBMRTMTJJBRF",404010,Retailers 
17763079,2026-09-01 06:00:14,Transaction in Own Shares and Total Voting Rights,Sosandar PLC,SOS,POS,RNS,7311S,https://www.londonstockexchange.com/news-article/SOS/transaction-in-own-shares-and-total-voting-rights/17763079,"/\*<![CDATA[\*/
/\*\*/
/\*\*/
/\*\*/
h1{margin-top:18.0pt;margin-right:0cm;margin-bottom:4.0pt;margin-left:0cm;line-height:115%;font-size:20.0pt;font-family:""Aptos Display"",""sans-serif"";color:#0F4761;font-weight:normal;}h2{margin-top:8.0pt;margin-right:0cm;margin-bottom:4.0pt;margin-left:0cm;line-height:115%;font-size:16.0pt;font-family:""Aptos Display"",""sans-serif"";color:#0F4761;font-weight:normal;}h3{margin-top:8.0pt;margin-right:0cm;margin-bottom:4.0pt;margin-left:0cm;line-height:115%;font-size:14.0pt;font-family:""Aptos"",""sans-serif"";color:#0F4761;font-weight:normal;}h4{margin-top:4.0pt;margin-right:0cm;margin-bottom:2.0pt;margin-left:0cm;line-height:115%;font-size:12.0pt;font-family:""Aptos"",""sans-serif"";color:#0F4761;font-weight:normal;font-style:italic;}h5{margin-top:4.0pt;margin-right:0cm;margin-bottom:2.0pt;margin-left:0cm;line-height:115%;font-size:12.0pt;font-family:""Aptos"",""sans-serif"";color:#0F4761;font-weight:normal;}h6{margin-top:2.0pt;margin-right:0cm;margin-bottom:0cm;margin-left:0cm;margin-bottom:.0001pt;line-height:115%;font-size:12.0pt;font-family:""Aptos"",""sans-serif"";color:#595959;font-weight:normal;font-style:italic;}link{ color: #467886 }visited{ color: #96607D }
.am{size:595.3pt 841.9pt;margin:72.0pt 72.0pt 72.0pt 72.0pt;}div.am{}p.ba{margin-top:0cm;margin-right:0cm;margin-bottom:8.0pt;margin-left:0cm;line-height:115%;font-size:12.0pt;font-family:""Aptos"",""sans-serif"";text-align:justify}span.ay{font-family:""Calibri"",""sans-serif""}p.bb{margin-top:0cm;margin-right:0cm;margin-bottom:8.0pt;margin-left:0cm;line-height:115%;font-size:12.0pt;font-family:""Aptos"",""sans-serif"";margin-bottom:0cm;margin-bottom:.0001pt; text-align:center}p.bc{margin-top:0cm;margin-right:0cm;margin-bottom:8.0pt;margin-left:0cm;line-height:115%;font-size:12.0pt;font-family:""Aptos"",""sans-serif"";text-align:center}table.bd{width:446.5pt;margin-left:6.85pt;border-collapse:collapse}tr.ar{height:24.95pt}td.at{width:256.85pt;padding:0cm 5.4pt 0cm 0cm; height:24.95pt}p.be{margin-top:0cm;margin-right:0cm;margin-bottom:8.0pt;margin-left:0cm;line-height:115%;font-size:12.0pt;font-family:""Aptos"",""sans-serif"";margin-bottom:0cm;margin-bottom:.0001pt;text-align: justify}
td.as{width:178.85pt;padding:0cm 5.4pt 0cm 0cm; height:24.95pt}tr.ao{height:25.0pt}td.aq{width:256.85pt;padding:0cm 5.4pt 0cm 0cm; height:25.0pt}td.ap{width:178.85pt;padding:0cm 5.4pt 0cm 0cm; height:25.0pt}p.a,li.a,div.a{margin-top:0cm;margin-right:0cm;margin-bottom:8.0pt;margin-left:0cm;line-height:115%;font-size:12.0pt;font-family:""Aptos"",""sans-serif"";} .fr-view-element{font-family: sans-serif;font-size: 12pt;line-height: 140%;padding: 20px;box-sizing: border-box;overflow-x: auto;min-height: 60px;text-align: left;margin-bottom: 10px;width: 837px;} .fr-view-element img{padding: 0 1px;} .fr-view-element .am{margin: 63.8pt 1.6cm 62.35pt 1.6cm;} .fr-view-element p{font-size: 10pt;}
/\*\*/
/\*\*/
/\*\*/
/\*]]>\*/

RNS Number : 7311S

Sosandar PLC

01 September 2026

1 September 2026

Sosandar plc

('Sosandar' or the 'Company')

Transaction in Own Shares and Total Voting Rights

Sosandar plc (AIM: SOS), the women's fashion brand, creating quality, trend-led products for women of all ages, announces that under the general authority granted by the Company's shareholders at the Company's General Meeting on 1 April 2026 to purchase up to 22,403,651 Sosandar ordinary shares of 0.1p each (""Ordinary Shares""), the Company announces that on 28 August 2026 it purchased 310,909 Ordinary Shares at a price of 13.11p per share, representing approximately 0.1% of the Company's issued share capital. The Ordinary Shares purchased will be held in treasury.

Total voting rights

The Company's total issued share capital consists of 248,226,513 Ordinary Shares, of which 32,385,811 Ordinary Shares are held in treasury, therefore, the total number of Ordinary Shares carrying voting rights is 215,840,702. This figure may be used by shareholders as the denominator for the calculations by which they will determine if they are required to notify their interest in, or a change to their interest in, the Company under the FCA's Disclosure Guidance and Transparency Rules.

  

 Enquiries

|  |  |
| --- | --- |
| Sosandar plc | [www.sosandar.com](http://www.sosandar.com/) |
| Julie Lavington / Ali Hall, Joint CEOs  Steve Dilks, CFO | c/o Alma PR |
| Strand Hanson Limited (Nominated Adviser) | +44 (0)20 7409 3494 |
| Christopher Raggett / Imogen Ellis |  |
| Zeus Capital Limited (Broker) | +44 (0)161 831 1512 |
| Jordan Warburton / James Edis / Simon Johnson |  |
| Alma Strategic Communications | +44 (0) 20 3405 0205 |
| Sam Modlin / Rebecca Sanders-Hewett | [sosandar@almastrategic.com](mailto:sosandar@almastrategic.com) |

 

About Sosandar plc

Sosandar is a women's fashion brand in the UK targeting style conscious women who have graduated from lower quality, price-led alternatives. The Company offers this underserved audience fashion-forward, affordable, quality clothing to make them feel sexy, feminine, and chic. The business sells predominantly own-label exclusive product designed and tested in-house.

Sosandar's product range is diverse, providing its customers with an array of choice for all occasions across all women's fashion categories. The company sells through Sosandar.com and its own stores, and has a number of high value brand partnerships including with NEXT, M&S and John Lewis.

Sosandar's success has been built on an exceptional product range, seamless customer experience and impactful, lifestyle marketing, all of which is underpinned by combining innovation with data analysis. Our growth strategy is focused on continuing to grow brand awareness and expand our addressable market and routes to market, reaching customers wherever they wish to shop. This is achieved both through direct to consumer channels and through chosen third-party partners. 

Sosandar was founded in 2016 and listed on AIM in 2017. More information is available at www.sosandar-ir.com

This information is provided by RNS, the news service of the London Stock Exchange. RNS is approved by the Financial Conduct Authority to act as a Primary Information Provider in the United Kingdom. Terms and conditions relating to the use and distribution of this information may apply. For further information, please contact [rns@lseg.com](mailto:rns@lseg.com) or visit [www.rns.com](http://www.rns.com/).  
  
RNS may use your IP address to confirm compliance with the terms and conditions, to analyse how you engage with the information contained in this communication, and to share such analysis on an anonymised basis with others as part of our commercial services. For further information about how RNS and the London Stock Exchange use the personal data you provide us, please see our [Privacy Policy](https://www.lseg.com/privacy-and-cookie-policy).

END

POSUARNRNAUWOAR",404010,Retailers 
17763058,2026-09-01 06:00:13,Transaction in Own Shares,IG Design Group PLC,IGR,POS,RNS,7161S,https://www.londonstockexchange.com/news-article/IGR/transaction-in-own-shares/17763058,"/\*<![CDATA[\*/
/\*\*/
/\*\*/
/\*\*/
h1{margin-top:18.0pt;margin-right:0cm;margin-bottom:4.0pt;margin-left:0cm;line-height:115%;font-size:20.0pt;font-family:""Aptos Display"",""sans-serif"";color:#0F4761;font-weight:normal;}h2{margin-top:8.0pt;margin-right:0cm;margin-bottom:4.0pt;margin-left:0cm;line-height:115%;font-size:16.0pt;font-family:""Aptos Display"",""sans-serif"";color:#0F4761;font-weight:normal;}h3{margin-top:8.0pt;margin-right:0cm;margin-bottom:4.0pt;margin-left:0cm;line-height:115%;font-size:14.0pt;font-family:""Aptos"",""sans-serif"";color:#0F4761;font-weight:normal;}h4{margin-top:4.0pt;margin-right:0cm;margin-bottom:2.0pt;margin-left:0cm;line-height:115%;font-size:12.0pt;font-family:""Aptos"",""sans-serif"";color:#0F4761;font-weight:normal;font-style:italic;}h5{margin-top:4.0pt;margin-right:0cm;margin-bottom:2.0pt;margin-left:0cm;line-height:115%;font-size:12.0pt;font-family:""Aptos"",""sans-serif"";color:#0F4761;font-weight:normal;}h6{margin-top:2.0pt;margin-right:0cm;margin-bottom:0cm;margin-left:0cm;margin-bottom:.0001pt;line-height:115%;font-size:12.0pt;font-family:""Aptos"",""sans-serif"";color:#595959;font-weight:normal;font-style:italic;}
.ap{size:595.3pt 841.9pt;margin:72.0pt 72.0pt 72.0pt 72.0pt;}div.ap{}p.du{margin-top:0cm;margin-right:0cm;margin-bottom:8.0pt;margin-left:0cm;line-height:115%;font-size:12.0pt;font-family:""Aptos"",""sans-serif"";margin-bottom:0cm;margin-bottom:.0001pt;text-align: justify;line-height:normal;background:white}span.ds{font-size: 10.0pt;font-family:""Arial"",""sans-serif"";color:black}span.dq{font-size:10.0pt;font-family:""Arial"",""sans-serif"";color:black}p.dv{margin-top:0cm;margin-right:0cm;margin-bottom:8.0pt;margin-left:0cm;line-height:115%;font-size:12.0pt;font-family:""Aptos"",""sans-serif"";margin-bottom:12.0pt;text-align:center; line-height:normal;background:white}span.dp{font-size:10.0pt; font-family:""Arial"",""sans-serif"";color:black}p.dw{margin-top:0cm;margin-right:0cm;margin-bottom:8.0pt;margin-left:0cm;line-height:115%;font-size:12.0pt;font-family:""Aptos"",""sans-serif"";margin-bottom:0cm;margin-bottom:.0001pt; text-align:center;background:white}span.dn{font-size:10.0pt; line-height:115%;font-family:""Arial"",""sans-serif""}p.dx{margin-top:0cm;margin-right:0cm;margin-bottom:8.0pt;margin-left:0cm;line-height:115%;font-size:12.0pt;font-family:""Aptos"",""sans-serif"";margin-bottom:0cm;margin-bottom:.0001pt;background: white}
span.dl{font-size:10.0pt;line-height:115%;font-family: ""Arial"",""sans-serif"";color:black}p.dy{margin-top:6.0pt;margin-right:0cm;margin-bottom:6.0pt;margin-left:0cm;text-align:justify;line-height:15.0pt;font-size:11.0pt;font-family:""Times New Roman"",""serif"";color:black;margin-bottom:0cm;margin-bottom:.0001pt}span.dj{font-size:10.0pt;font-family:""Arial"",""sans-serif"";color:windowtext}span.di{font-size:10.0pt; font-family:""Arial"",""sans-serif"";color:windowtext}span.dh{font-size:10.0pt;font-family:""Arial"",""sans-serif""; color:windowtext}span.dg{font-size: 10.0pt;font-family:""Arial"",""sans-serif"";color:windowtext}p.dz{margin-top:6.0pt;margin-right:0cm;margin-bottom:6.0pt;margin-left:0cm;text-align:justify;line-height:15.0pt;font-size:11.0pt;font-family:""Times New Roman"",""serif"";color:black;margin:0cm;margin-bottom:.0001pt}table.ea{width:441.0pt;margin-left:-5.4pt;border-collapse:collapse}tr.cy{height:57.0pt}td.db{width:77.2pt;border:solid black 1.0pt; padding:0cm 5.4pt 0cm 5.4pt;height:57.0pt}
p.eb{margin-top:0cm;margin-right:0cm;margin-bottom:8.0pt;margin-left:0cm;line-height:115%;font-size:12.0pt;font-family:""Aptos"",""sans-serif"";margin-bottom:0cm;margin-bottom:.0001pt; text-align:center}span.dd{font-size:10.0pt;line-height: 115%;font-family:""Arial"",""sans-serif"";color:black}td.da{width:77.2pt;border:solid black 1.0pt;border-left:none; padding:0cm 5.4pt 0cm 5.4pt;height:57.0pt}td.cz{width:78.2pt;border:solid black 1.0pt;border-left:none; padding:0cm 5.4pt 0cm 5.4pt;height:57.0pt}tr.ct{height:15.0pt}td.cw{width:77.2pt;border:solid black 1.0pt; border-top:none;padding:0cm 5.4pt 0cm 5.4pt;height:15.0pt}span.cx{font-size:10.0pt;line-height:115%; font-family:""Arial"",""sans-serif"";color:#101820}td.cv{width:77.2pt;border-top:none;border-left: none;border-bottom:solid black 1.0pt;border-right:solid black 1.0pt; padding:0cm 5.4pt 0cm 5.4pt;height:15.0pt}td.cu{width:78.2pt;border-top:none;border-left: none;border-bottom:solid black 1.0pt;border-right:solid black 1.0pt; padding:0cm 5.4pt 0cm 5.4pt;height:15.0pt}td.cs{width:77.2pt;border-top:none;border-left: solid black 1.0pt;border-bottom:solid windowtext 1.0pt;border-right:solid black 1.0pt; padding:0cm 5.4pt 0cm 5.4pt;height:15.0pt}
td.cr{width:77.2pt;border-top:none;border-left: none;border-bottom:solid windowtext 1.0pt;border-right:solid black 1.0pt; padding:0cm 5.4pt 0cm 5.4pt;height:15.0pt}td.cq{width:78.2pt;border-top:none;border-left: none;border-bottom:solid windowtext 1.0pt;border-right:solid black 1.0pt; padding:0cm 5.4pt 0cm 5.4pt;height:15.0pt}td.cp{width:77.2pt;border:solid windowtext 1.0pt; border-top:none;padding:0cm 5.4pt 0cm 5.4pt;height:15.0pt}td.co{width:77.2pt;border-top:none;border-left: none;border-bottom:solid windowtext 1.0pt;border-right:solid windowtext 1.0pt; padding:0cm 5.4pt 0cm 5.4pt;height:15.0pt}td.cn{width:78.2pt;border-top:none;border-left: none;border-bottom:solid windowtext 1.0pt;border-right:solid windowtext 1.0pt; padding:0cm 5.4pt 0cm 5.4pt;height:15.0pt}p.ec{margin-top:6.0pt;margin-right:0cm;margin-bottom:6.0pt;margin-left:0cm;text-align:justify;line-height:15.0pt;font-size:11.0pt;font-family:""Times New Roman"",""serif"";color:black;margin-top:0cm}span.cl{font-size:10.0pt;font-family:""Arial"",""sans-serif""}p.l,li.l,div.l{margin-top:6.0pt;margin-right:0cm;margin-bottom:6.0pt;margin-left:0cm;text-align:justify;line-height:15.0pt;font-size:11.0pt;font-family:""Times New Roman"",""serif"";color:black;}span.cj{font-size:10.0pt;font-family: ""Arial"",""sans-serif""}p.ed{margin-top:0cm;margin-right:0cm;margin-bottom:8.0pt;margin-left:0cm;line-height:115%;font-size:12.0pt;font-family:""Aptos"",""sans-serif"";background:white}
span.ci{font-size:10.0pt;line-height:115%;font-family:""Arial"",""sans-serif""; color:black}table.ee{width:453.85pt;margin-left:-5.9pt;border-collapse:collapse;border:none}td.cg{width:129.9pt;border:solid windowtext 1.0pt;padding:0cm 5.4pt 0cm 5.4pt}td.cf{width:140.2pt;border:solid windowtext 1.0pt;border-left: none;padding:0cm 5.4pt 0cm 5.4pt}td.ce{width:151.35pt;border:solid windowtext 1.0pt;border-left: none;padding:0cm 5.4pt 0cm 5.4pt}tr.bz{height:1.0pt}td.cc{width:129.9pt;border:solid windowtext 1.0pt;border-top: none;padding:0cm 5.4pt 0cm 5.4pt;height:1.0pt}p.ef{margin-top:6.0pt;margin-right:0cm;margin-bottom:6.0pt;margin-left:0cm;text-align:justify;line-height:15.0pt;font-size:11.0pt;font-family:""Times New Roman"",""serif"";color:black;margin:0cm;margin-bottom:.0001pt; text-align:center}td.cb{width:140.2pt;border-top:none;border-left:none; border-bottom:solid windowtext 1.0pt;border-right:solid windowtext 1.0pt; padding:0cm 5.4pt 0cm 5.4pt;height:1.0pt}td.ca{width:151.35pt;border-top:none;border-left:none; border-bottom:solid windowtext 1.0pt;border-right:solid windowtext 1.0pt; padding:0cm 5.4pt 0cm 5.4pt;height:1.0pt}
p.eg{margin-top:0cm;margin-right:0cm;margin-bottom:8.0pt;margin-left:0cm;line-height:115%;font-size:12.0pt;font-family:""Aptos"",""sans-serif"";text-align:justify}span.bw{font-size:10.0pt; line-height:115%;font-family:""Arial"",""sans-serif"";color:black}table.eh{margin-left:auto;margin-right:auto;border-collapse:collapse;border:none}tr.bp{height:65.3pt}td.bu{width:59.35pt;border:solid windowtext 1.0pt;padding:0cm 5.4pt 0cm 5.4pt; height:65.3pt}p.ei{margin-top:6.0pt;margin-right:0cm;margin-bottom:6.0pt;margin-left:0cm;text-align:justify;line-height:15.0pt;font-size:11.0pt;font-family:""Times New Roman"",""serif"";color:black;text-align:center}td.bt{width:67.15pt;border:solid windowtext 1.0pt; border-left:none;padding:0cm 5.4pt 0cm 5.4pt;height:65.3pt}td.bs{width:53.0pt;border:solid windowtext 1.0pt; border-left:none;padding:0cm 5.4pt 0cm 5.4pt;height:65.3pt}td.br{width:45.9pt;border:solid windowtext 1.0pt; border-left:none;padding:0cm 5.4pt 0cm 5.4pt;height:65.3pt}td.bq{width:93.45pt;border:solid windowtext 1.0pt; border-left:none;padding:0cm 5.4pt 0cm 5.4pt;height:65.3pt}
tr.bi{height:2.85pt}td.bn{width:59.35pt;border:solid windowtext 1.0pt;border-top: none;padding:0cm 5.4pt 0cm 5.4pt;height:2.85pt}span.bo{font-size:10.0pt;font-family:""Arial"",""sans-serif""; color:#101820}td.bm{width:67.15pt;border-top:none;border-left:none; border-bottom:solid windowtext 1.0pt;border-right:solid windowtext 1.0pt; padding:0cm 5.4pt 0cm 5.4pt;height:2.85pt}td.bl{width:53.0pt;border-top:none;border-left:none; border-bottom:solid windowtext 1.0pt;border-right:solid windowtext 1.0pt; padding:0cm 5.4pt 0cm 5.4pt;height:2.85pt}td.bk{width:45.9pt;border-top:none;border-left:none; border-bottom:solid windowtext 1.0pt;border-right:solid windowtext 1.0pt; padding:0cm 5.4pt 0cm 5.4pt;height:2.85pt}td.bj{width:93.45pt;border-top:none;border-left:none; border-bottom:solid windowtext 1.0pt;border-right:solid windowtext 1.0pt; padding:0cm 5.4pt 0cm 5.4pt;height:2.85pt}p.ej{margin-top:0cm;margin-right:0cm;margin-bottom:8.0pt;margin-left:0cm;line-height:115%;font-size:12.0pt;font-family:""Aptos"",""sans-serif"";margin-bottom:12.0pt;text-align:justify;line-height: normal;background:white}span.bg{font-size:10.0pt;font-family: ""Arial"",""sans-serif"";color:black}table.ek{width:466.35pt;margin-left:-10.8pt;border-collapse:collapse}
td.bd{width:230.55pt;padding:0cm 5.4pt 0cm 5.4pt}p.el{margin-top:0cm;margin-right:0cm;margin-bottom:8.0pt;margin-left:0cm;line-height:115%;font-size:12.0pt;font-family:""Aptos"",""sans-serif"";margin-bottom:0cm;margin-bottom:.0001pt;text-align: justify;line-height:normal}td.bc{width:214.2pt;padding:0cm 5.4pt 0cm 5.4pt}p.em{margin-top:0cm;margin-right:0cm;margin-bottom:8.0pt;margin-left:0cm;line-height:115%;font-size:12.0pt;font-family:""Aptos"",""sans-serif"";margin-bottom:0cm;margin-bottom:.0001pt;line-height: normal}span.bb{font-size:10.0pt;font-family:""Arial"",""sans-serif""; color:black}tr.ax{height:4.1pt}td.az{width:230.55pt;padding:0cm 5.4pt 0cm 5.4pt; height:4.1pt}td.ay{width:214.2pt;padding:0cm 5.4pt 0cm 5.4pt; height:4.1pt}td.av{padding:0cm 0cm 0cm 0cm}span.aw{font-size:10.0pt;font-family:""Times New Roman"",""serif""}
p.a,li.a,div.a{margin-top:0cm;margin-right:0cm;margin-bottom:8.0pt;margin-left:0cm;line-height:115%;font-size:12.0pt;font-family:""Aptos"",""sans-serif"";}span.at{font-size:10.0pt;line-height:115%; font-family:""Arial"",""sans-serif"";color:black}p.en{margin-top:0cm;margin-right:0cm;margin-bottom:8.0pt;margin-left:0cm;line-height:115%;font-size:12.0pt;font-family:""Aptos"",""sans-serif"";margin-top:12.0pt;margin-right:0cm;margin-bottom: 12.0pt;margin-left:0cm;text-align:justify}span.as{font-size: 10.0pt;line-height:115%;font-family:""Arial"",""sans-serif"";color:black}span.aq{font-size:10.0pt;line-height:115%;font-family:""Cambria Math"",""serif""; color:black} .fr-view-element{font-family: sans-serif;font-size: 12pt;line-height: 140%;padding: 20px;box-sizing: border-box;overflow-x: auto;min-height: 60px;text-align: left;margin-bottom: 10px;width: 837px;} .fr-view-element img{padding: 0 1px;} .fr-view-element .ap{margin: 63.8pt 1.6cm 62.35pt 1.6cm;} .fr-view-element p{font-size: 10pt;}
/\*\*/
/\*\*/
/\*\*/
/\*]]>\*/

RNS Number : 7161S

IG Design Group PLC

01 September 2026

1 September 2026

 

 

IG Design Group plc

(the ""Company"", the ""Group"" or ""Design Group"")

Transaction in own shares

 

IG Design Group plc, a leading designer, innovator and manufacturer across various celebration and creative categories), announces that, in accordance with the terms of its share buyback programme (the ""Share Buyback Programme"") announced on 16 June 2026, it has purchased the following number of its ordinary shares of 5 pence each (""Ordinary Shares"") through Canaccord Genuity Limited for the period from 24 - 28 August 2026.

 

|  |  |  |  |  |
| --- | --- | --- | --- | --- |
| Date of transaction | Number of Shares repurchased | Highest price paid per Share (pence) | Lowest price paid per Share (pence) | Volume weighted average price paid (pence) |
| 24-Aug-26 | 100,000 | 101.00 | 101.00 | 101.00 |
| 25-Aug-26 | 85,000 | 101.00 | 101.00 | 101.00 |
| 26-Aug-26 | 84,000 | 98.50 | 96.00 | 97.19 |
| 27-Aug-26 | 75,000 | 98.00 | 97.00 | 97.28 |
| 28-Aug-26 | 33,000 | 97.50 | 97.50 | 97.50 |

 

The Company intends to cancel the purchased Ordinary Shares. Following cancellation, the Company will have 93,713,556 Ordinary Shares in issue.

Following cancellation, the total number of voting rights in the Company will be 93,713,556. This figure may be used by shareholders (and others with notification obligations) as the denominator for the calculations by which they will determine if they are required to notify their interest in, or a change to their interest in, the Company under the FCA's Disclosure Guidance and Transparency Rules.

In accordance with Article 5(1)(b) of Regulation (EU) No 596/2014 as it is applied in the UK (the Market Abuse Regulation), a breakdown of trades made by Canaccord Genuity Limited on the above mentioned date on behalf of the Company as part of the Programme on both an aggregate and individual trade basis is set out below:

 

Aggregate information: 

|  |  |  |
| --- | --- | --- |
| Venue | Volume Weighted Average Price  (pence per Ordinary Share) | Aggregated Volume |
| AIMX | 99.10 | 377,000 |

 

 

 Individual transactions:

|  |  |  |  |  |  |
| --- | --- | --- | --- | --- | --- |
| Date of Transaction | Transaction Time | Volume | Price per Ordinary Share (pence) | Trading Venue | Transaction Reference Number |
| 24-Aug-26 | 11:07:13 | 12,000 | 101 | AIMX | 00112187748TRLO1 |
| 24-Aug-26 | 11:10:29 | 88,000 | 101 | AIMX | 00112187827TRLO1 |
| 25-Aug-26 | 10:32:16 | 85,000 | 101 | AIMX | 00112226988TRLO1 |
| 26-Aug-26 | 08:51:50 | 40,000 | 98.5 | AIMX | 00112258849TRLO1 |
| 26-Aug-26 | 09:42:39 | 44,000 | 96 | AIMX | 00112260242TRLO1 |
| 27-Aug-26 | 10:31:21 | 21,000 | 98 | AIMX | 00112301146TRLO1 |
| 27-Aug-26 | 14:56:20 | 30,000 | 97 | AIMX | 00112313833TRLO1 |
| 27-Aug-26 | 15:16:40 | 24,000 | 97 | AIMX | 00112316342TRLO1 |
| 28-Aug-26 | 12:44:06 | 22,000 | 97.5 | AIMX | 00112342349TRLO1 |
| 28-Aug-26 | 13:02:49 | 11,000 | 97.5 | AIMX | 00112342671TRLO1 |

 

|  |  |
| --- | --- |
| ​For further information, please contact: |  |
| IG Design Group plc | Tel: +44 (0)1525 887310 |
| Gerald Kuehr, Chief Executive Officer |  |
| Rohan Cummings, Chief Financial Officer |  |
| Canaccord Genuity Limited (Nomad and Broker) | Tel: +44 (0)20 7523 8000 |
| Bobbie Hilliam |  |
| Elizabeth Halley-Stott |  |
| Alma Strategic Communications | Tel: +44 (0)20 3405 0205 |
| Rebecca Sanders-Hewett | designgroup@almastrategic.com |
| Sam Modlin |  |
| Will Merison |  |

 

Notes to Editors:

IG Design Group plc is one of the world's leading designers, innovators and manufacturers of gift packaging, greeting cards, stationery, creative play products and related items. The Group designs, sources and manufactures a broad portfolio of products across multiple categories and occasions, encompassing every day, seasonal and celebration ranges.

The Group operates across key international markets, with a strong presence in the United Kingdom, Europe and Australia. Its products are sold to a diverse customer base including major retailers and supermarkets such as Tesco, Costco and Aldi, as well as discounters, online platforms and independent stores. The Group's heritage brand, Tom Smith, holds a Royal Warrant for the supply of Christmas crackers and Christmas wrapping paper to the Royal Family, a distinction it has held continuously since 1906.

Across IG Design Group's global teams, it manages a portfolio of more than 22,000 SKUs, supplying over 550 million units annually to customers in approximately 70 countries. The Group operates a vertically integrated model, combining in‑house design expertise with global sourcing, manufacturing, distribution and fulfilment capabilities. Its manufacturing footprint includes three facilities located in Wales, the Netherlands and Poland. This integrated platform enables the Group to deliver innovative, responsibly sourced products at scale, while maintaining cost efficiency, speed to market and flexibility.

IG Design Group plc is listed on the AIM market of the London Stock Exchange.

This information is provided by RNS, the news service of the London Stock Exchange. RNS is approved by the Financial Conduct Authority to act as a Primary Information Provider in the United Kingdom. Terms and conditions relating to the use and distribution of this information may apply. For further information, please contact [rns@lseg.com](mailto:rns@lseg.com) or visit [www.rns.com](http://www.rns.com/).  
  
RNS may use your IP address to confirm compliance with the terms and conditions, to analyse how you engage with the information contained in this communication, and to share such analysis on an anonymised basis with others as part of our commercial services. For further information about how RNS and the London Stock Exchange use the personal data you provide us, please see our [Privacy Policy](https://www.lseg.com/privacy-and-cookie-policy).

END

POSFLFILTIILVIR",452010,"Personal Care, Drug and Grocery Stores "
17763060,2026-09-01 06:00:13,Annual Report for Year Ended 30 June 2026,Wellnex Life Limited,WNX,FR,RNS,7190S,https://www.londonstockexchange.com/news-article/WNX/annual-report-for-year-ended-30-june-2026/17763060,"/\*<![CDATA[\*/
/\*\*/
/\*\*/
/\*\*/
sup{font-size:80%}ol{margin-bottom:0cm;}ul{margin-bottom:0cm;}link{ color: blue }visited{ color: purple }
.aq{size:595.3pt 841.9pt;margin:42.5pt 17.0pt 1.0cm 1.0cm;}div.aq{}p.if{margin:0cm;margin-bottom:.0001pt;font-size:10.0pt;font-family:""Arial"",""sans-serif"";color:black;font-weight:bold;}p.ig{margin:0cm;margin-bottom:.0001pt;font-size:10.0pt;font-family:""Arial"",""sans-serif"";margin-bottom:8.0pt;text-align:justify;text-indent: 36.0pt;line-height:106%}span.ic{line-height:106%}p.ih{margin:0cm;margin-bottom:.0001pt;font-size:10.0pt;font-family:""Arial"",""sans-serif"";margin-bottom:8.0pt;text-align:justify;line-height: 106%}span.ia{font-size:11.0pt;line-height:106%; font-family:""Calibri"",""sans-serif""}p.ii{margin:0cm;margin-bottom:.0001pt;font-size:10.0pt;font-family:""Arial"",""sans-serif"";margin-top:0cm;margin-right:39.65pt;margin-bottom: 5.0pt;margin-left:1.0cm;text-align:justify}span.hy{font-size:10.5pt}span.hw{font-size:11.0pt;font-family:""Calibri"",""sans-serif"";color:black}
div.ht{border:none;border-bottom:solid black 1.0pt;padding:0cm 0cm 1.0pt 0cm; margin-left:1.0cm;margin-right:39.65pt}p.ij{margin:0cm;margin-bottom:.0001pt;font-size:10.0pt;font-family:""Arial"",""sans-serif"";text-align:justify;border:none;padding:0cm}span.hv{font-size:11.0pt;font-family:""Calibri"",""sans-serif""; color:black}p.ik{margin:0cm;margin-bottom:.0001pt;font-size:10.0pt;font-family:""Arial"",""sans-serif"";margin-top:5.0pt;margin-right:39.65pt;margin-bottom: 0cm;margin-left:1.0cm;margin-bottom:.0001pt;text-align:justify}p.il{margin-top:0cm;margin-right:0cm;margin-bottom:0cm;margin-left:36.0pt;margin-bottom:.0001pt;font-size:10.0pt;font-family:""Arial"",""sans-serif"";margin-top:0cm;margin-right:39.65pt; margin-bottom:8.0pt;margin-left:64.35pt;text-align:justify;text-indent:-18.0pt; line-height:106%}span.hr{font-size:11.0pt;line-height:106%; font-family:Symbol}span.hq{font-size:11.0pt; line-height:106%;font-family:""Calibri"",""sans-serif""}span.hp{font-size:11.0pt;line-height: 106%;font-family:""Calibri"",""sans-serif""}p.im{margin-top:0cm;margin-right:0cm;margin-bottom:0cm;margin-left:36.0pt;margin-bottom:.0001pt;font-size:10.0pt;font-family:""Arial"",""sans-serif"";margin-top:0cm;margin-right:39.65pt; margin-bottom:8.0pt;margin-left:64.35pt;text-align:justify;text-indent:-18.0pt; line-height:106%}p.in{margin-top:0cm;margin-right:0cm;margin-bottom:0cm;margin-left:36.0pt;margin-bottom:.0001pt;font-size:10.0pt;font-family:""Arial"",""sans-serif"";margin-top:0cm;margin-right:39.65pt; margin-bottom:8.0pt;margin-left:64.35pt;text-align:justify;text-indent:-18.0pt; line-height:106%}
p.io{margin:0cm;margin-bottom:.0001pt;font-size:10.0pt;font-family:""Arial"",""sans-serif"";margin-top:0cm;margin-right:39.65pt;margin-bottom: 8.0pt;margin-left:1.0cm;text-align:justify;line-height:115%}span.hn{font-size:11.0pt;line-height:115%;font-family:""Calibri"",""sans-serif""}p.ip{margin:0cm;margin-bottom:.0001pt;font-size:10.0pt;font-family:""Arial"",""sans-serif"";margin-top:12.0pt;margin-right:39.65pt;margin-bottom: 10.0pt;margin-left:1.0cm;text-align:justify;line-height:115%}span.hl{font-size:11.0pt;line-height:115%;font-family:""Calibri"",""sans-serif""; color:black}p.iq{margin:0cm;margin-bottom:.0001pt;font-size:10.0pt;font-family:""Arial"",""sans-serif"";margin-top:0cm;margin-right:39.65pt; margin-bottom:10.0pt;margin-left:1.0cm;text-align:center;line-height:150%}span.hj{font-size:10.5pt;line-height:150%}p.ir{margin:0cm;margin-bottom:.0001pt;font-size:10.0pt;font-family:""Arial"",""sans-serif"";margin-top:0cm;margin-right:39.65pt;margin-bottom: 6.0pt;margin-left:1.0cm;text-align:justify;line-height:106%}span.hh{line-height:106%;font-family:""Calibri"",""sans-serif""}span.hf{font-size:11.0pt;line-height:106%;font-family:""Calibri"",""sans-serif""}span.he{font-family: ""Calibri"",""sans-serif""; font-size: 11.0pt; line-height: 106%; text-decoration: underline}
span.hd{font-size:11.0pt; line-height:106%;font-family:""Calibri"",""sans-serif"";color:#1155CC}span.hc{font-size:11.0pt;line-height:106%;font-family:""Calibri"",""sans-serif""; color:#1155CC}p.a,li.a,div.a{margin:0cm;margin-bottom:.0001pt;font-size:10.0pt;font-family:""Arial"",""sans-serif"";}p.is{margin:0cm;margin-bottom:.0001pt;font-size:10.0pt;font-family:""Arial"",""sans-serif"";}span.hb{font-family: ""Times New Roman"",""serif""}table.it{border-collapse:collapse}td.gz{width:162.9pt;padding:0cm 0cm 0cm 0cm}p.iu{margin:0cm;margin-bottom:.0001pt;text-align:justify;font-size:10.0pt;font-family:""Arial"",""sans-serif"";color:black;text-align:left;page-break-after: avoid}td.gy{width:3.0pt;padding:0cm 0cm 0cm 0cm}td.gx{width:384.05pt;padding:0cm 0cm 0cm 0cm}
span.gv{font-family:""Times New Roman"",""serif""}table.iv{width:549.95pt;margin-left:-5.4pt;border-collapse:collapse}td.gu{width:539.15pt;border:none;border-top:solid black 1.0pt; padding:0cm 5.4pt 0cm 5.4pt}span.gr{font-size:0pt;font-family:""Arial"",""sans-serif""}br.gs{page-break-before:auto}.ar{size:595.3pt 841.9pt;margin:42.5pt 17.0pt 1.0cm 1.0cm;}div.ar{}tr.gm{page-break-inside:avoid}td.gq{width:328.75pt;padding:0cm 0cm 0cm 0cm}p.iw{margin:0cm;margin-bottom:.0001pt;text-align:center;font-size:10.0pt;font-family:""Arial"",""sans-serif"";color:black;font-weight:bold;text-align:left;page-break-after: avoid}
td.gp{width:52.3pt;padding:0cm 0cm 0cm 0cm}p.ix{margin:0cm;margin-bottom:.0001pt;text-align:center;font-size:10.0pt;font-family:""Arial"",""sans-serif"";color:black;font-weight:bold;}td.go{width:24.65pt;padding:0cm 0cm 0cm 0cm}td.gn{width:79.95pt;padding:0cm 0cm 0cm 0cm}p.iy{margin:0cm;margin-bottom:.0001pt;text-align:justify;font-size:10.0pt;font-family:""Arial"",""sans-serif"";color:black;}td.gl{width:49.3pt;padding:0cm 3.0pt 0cm 0cm}p.iz{margin:0cm;margin-bottom:.0001pt;text-align:right;font-size:10.0pt;font-family:""Arial"",""sans-serif"";color:black;}td.gk{width:76.95pt;padding:0cm 3.0pt 0cm 0cm}td.gj{width:40.3pt;padding:0cm 12.0pt 0cm 0cm}p.ja{margin:0cm;margin-bottom:.0001pt;font-size:10.0pt;font-family:""Arial"",""sans-serif"";color:black;font-style:italic;}
p.jb{margin:0cm;margin-bottom:.0001pt;text-align:justify;font-size:10.0pt;font-family:""Arial"",""sans-serif"";color:black;}p.jc{margin:0cm;margin-bottom:.0001pt;text-align:justify;font-size:10.0pt;font-family:""Arial"",""sans-serif"";color:black;background:white}.as{size:595.3pt 841.9pt;margin:42.5pt 17.0pt 1.0cm 1.0cm;}div.as{}td.gh{width:415.05pt;padding:0cm 0cm 0cm 0cm}td.gg{width:64.45pt;padding:0cm 0cm 0cm 0cm}td.gf{width:61.45pt;border:none;border-bottom: double black 2.25pt;padding:0cm 3.0pt 0cm 0cm}td.ge{width:64.45pt;border:none;border-bottom: double black 2.25pt;padding:0cm 0cm 0cm 0cm}.at{size:595.3pt 841.9pt;margin:42.5pt 17.0pt 1.0cm 1.0cm;}div.at{}
.au{size:595.3pt 841.9pt;margin:42.5pt 17.0pt 1.0cm 1.0cm;}div.au{}.av{size:595.3pt 841.9pt;margin:42.5pt 17.0pt 1.0cm 1.0cm;}div.av{}.aw{size:595.3pt 841.9pt;margin:42.5pt 17.0pt 1.0cm 1.0cm;}div.aw{}.ax{size:595.3pt 841.9pt;margin:42.5pt 17.0pt 1.0cm 1.0cm;}div.ax{}td.gd{width:347.55pt;padding:0cm 0cm 0cm 0cm}td.gc{width:134.9pt;padding:0cm 0cm 0cm 0cm}
td.gb{width:52.45pt;padding:0cm 12.0pt 0cm 0cm}td.ga{width:61.45pt;padding:0cm 3.0pt 0cm 0cm}p.jd{margin:0cm;margin-bottom:.0001pt;font-size:10.0pt;font-family:""Arial"",""sans-serif"";color:black;font-style:italic;}.ay{size:595.3pt 841.9pt;margin:42.5pt 17.0pt 1.0cm 1.0cm;}div.ay{}.az{size:595.3pt 841.9pt;margin:42.5pt 17.0pt 1.0cm 1.0cm;}div.az{}.ba{size:595.3pt 841.9pt;margin:42.5pt 17.0pt 1.0cm 1.0cm;}div.ba{}.bb{size:595.3pt 841.9pt;margin:42.5pt 17.0pt 1.0cm 1.0cm;}
div.bb{}span.fy{font-size:10.0pt;font-family:""Arial"",""sans-serif""}br.fz{page-break-before:always}.bc{size:595.3pt 841.9pt;margin:42.5pt 17.0pt 1.0cm 1.0cm;}div.bc{}p.je{margin:0cm;margin-bottom:.0001pt;font-size:18.0pt;font-family:""Arial"",""sans-serif"";color:black;font-weight:bold;}span.fx{font-size:20.0pt}p.jf{margin:0cm;margin-bottom:.0001pt;font-size:14.0pt;font-family:""Arial"",""sans-serif"";color:black;font-weight:bold;}.bd{size:595.3pt 841.9pt;margin:42.5pt 17.0pt 1.0cm 1.0cm;}div.bd{}
p.b,li.b,div.b{margin-top:0cm;margin-right:1.0cm;margin-bottom:0cm;margin-left:0cm;margin-bottom:.0001pt;font-size:10.0pt;font-family:""Arial"",""sans-serif"";color:black;}.be{size:595.3pt 841.9pt;margin:42.5pt 17.0pt 1.0cm 1.0cm;}div.be{}.bf{size:595.3pt 841.9pt;margin:42.5pt 17.0pt 1.0cm 1.0cm;}div.bf{}p.q,li.q,div.q{margin:0cm;margin-bottom:.0001pt;font-size:10.0pt;font-family:""Arial"",""sans-serif"";color:black;font-weight:bold;}.bg{size:595.3pt 841.9pt;margin:42.5pt 17.0pt 1.0cm 1.0cm;}div.bg{}td.fw{width:273.45pt;padding:0cm 0cm 0cm 0cm}.bh{size:595.3pt 841.9pt;margin:42.5pt 17.0pt 1.0cm 1.0cm;}
div.bh{}td.fv{width:19.1pt;padding:0cm 0cm 0cm 0cm}td.fu{width:527.85pt;padding:0cm 0cm 0cm 0cm}.bi{size:595.3pt 841.9pt;margin:42.5pt 17.0pt 1.0cm 1.0cm;}div.bi{}.bj{size:595.3pt 841.9pt;margin:42.5pt 17.0pt 1.0cm 1.0cm;}div.bj{}p.jg{margin:0cm;margin-bottom:.0001pt;font-size:10.0pt;font-family:""Arial"",""sans-serif"";text-align:justify}.bk{size:595.3pt 841.9pt;margin:42.5pt 17.0pt 1.0cm 1.0cm;}div.bk{}
.bl{size:595.3pt 841.9pt;margin:42.5pt 17.0pt 1.0cm 1.0cm;}div.bl{}td.fs{width:549.95pt;padding:0cm 0cm 0cm 0cm}.bm{size:595.3pt 841.9pt;margin:42.5pt 17.0pt 1.0cm 1.0cm;}div.bm{}.bn{size:595.3pt 841.9pt;margin:42.5pt 17.0pt 1.0cm 1.0cm;}div.bn{}.bo{size:595.3pt 841.9pt;margin:42.5pt 17.0pt 1.0cm 1.0cm;}div.bo{}.bp{size:595.3pt 841.9pt;margin:42.5pt 17.0pt 1.0cm 1.0cm;}
div.bp{}.bq{size:595.3pt 841.9pt;margin:42.5pt 17.0pt 1.0cm 1.0cm;}div.bq{}.br{size:595.3pt 841.9pt;margin:42.5pt 17.0pt 1.0cm 1.0cm;}div.br{}td.fr{width:145.2pt;padding:0cm 0cm 0cm 0cm}p.jh{margin:0cm;margin-bottom:.0001pt;text-align:center;font-size:10.0pt;font-family:""Arial"",""sans-serif"";color:black;text-align:left;page-break-after: avoid}p.ji{margin:0cm;margin-bottom:.0001pt;text-align:center;font-size:10.0pt;font-family:""Arial"",""sans-serif"";color:black;}td.fq{width:131.9pt;padding:0cm 0cm 0cm 0cm}.bs{size:595.3pt 841.9pt;margin:42.5pt 17.0pt 1.0cm 1.0cm;}
div.bs{}.bt{size:595.3pt 841.9pt;margin:42.5pt 17.0pt 1.0cm 1.0cm;}div.bt{}p.jj{margin:0cm;margin-bottom:.0001pt;font-size:10.0pt;font-family:""Arial"",""sans-serif"";color:black;font-weight:bold;font-style:italic;}p.jk{margin:0cm;margin-bottom:.0001pt;font-size:10.0pt;font-family:""Arial"",""sans-serif"";color:black;font-style:italic;background:white}.bu{size:595.3pt 841.9pt;margin:42.5pt 17.0pt 1.0cm 1.0cm;}div.bu{}td.fp{width:107.6pt;padding:0cm 0cm 0cm 0cm}td.fo{width:61.45pt;border-top:solid black 1.0pt; border-left:none;border-bottom:solid black 1.0pt;border-right:none; padding:0cm 3.0pt 0cm 0cm}td.fn{width:64.45pt;border-top:solid black 1.0pt; border-left:none;border-bottom:solid black 1.0pt;border-right:none; padding:0cm 0cm 0cm 0cm}
.bv{size:595.3pt 841.9pt;margin:42.5pt 17.0pt 1.0cm 1.0cm;}div.bv{}tr.fj{height:3.3pt}td.fm{width:162.9pt;padding:0cm 0cm 0cm 0cm; height:3.3pt}td.fl{width:3.0pt;padding:0cm 0cm 0cm 0cm;height: 3.3pt}td.fk{width:384.05pt;padding:0cm 0cm 0cm 0cm; height:3.3pt}.bw{size:595.3pt 841.9pt;margin:42.5pt 17.0pt 1.0cm 1.0cm;}div.bw{}.bx{size:595.3pt 841.9pt;margin:42.5pt 17.0pt 1.0cm 1.0cm;}div.bx{}
td.fi{width:212.65pt;padding:0cm 0cm 0cm 0cm}.by{size:595.3pt 841.9pt;margin:42.5pt 17.0pt 1.0cm 1.0cm;}div.by{}td.fh{width:280.1pt;padding:0cm 0cm 0cm 0cm}td.fg{width:522.3pt;padding:0cm 0cm 0cm 0cm}td.ff{width:482.5pt;padding:0cm 0cm 0cm 0cm}td.fe{width:61.45pt;border:none;border-top:solid black 1.0pt; padding:0cm 3.0pt 0cm 0cm}.bz{size:595.3pt 841.9pt;margin:42.5pt 17.0pt 1.0cm 1.0cm;}div.bz{}.ca{size:595.3pt 841.9pt;margin:42.5pt 17.0pt 1.0cm 1.0cm;}
div.ca{}td.fd{width:206.0pt;padding:0cm 0cm 0cm 0cm}.cb{size:595.3pt 841.9pt;margin:42.5pt 17.0pt 1.0cm 1.0cm;}div.cb{}.cc{size:595.3pt 841.9pt;margin:42.5pt 17.0pt 1.0cm 1.0cm;}div.cc{}.cd{size:595.3pt 841.9pt;margin:42.5pt 17.0pt 1.0cm 1.0cm;}div.cd{}.ce{size:595.3pt 841.9pt;margin:42.5pt 17.0pt 1.0cm 1.0cm;}div.ce{}
.cf{size:595.3pt 841.9pt;margin:42.5pt 17.0pt 1.0cm 1.0cm;}div.cf{}.cg{size:595.3pt 841.9pt;margin:42.5pt 17.0pt 1.0cm 1.0cm;}div.cg{}.ch{size:595.3pt 841.9pt;margin:42.5pt 17.0pt 1.0cm 1.0cm;}div.ch{}.ci{size:595.3pt 841.9pt;margin:42.5pt 17.0pt 1.0cm 1.0cm;}div.ci{}.cj{size:595.3pt 841.9pt;margin:42.5pt 17.0pt 1.0cm 1.0cm;}div.cj{}
.ck{size:595.3pt 841.9pt;margin:42.5pt 17.0pt 1.0cm 1.0cm;}div.ck{}.cl{size:595.3pt 841.9pt;margin:42.5pt 17.0pt 1.0cm 1.0cm;}div.cl{}.cm{size:595.3pt 841.9pt;margin:42.5pt 17.0pt 1.0cm 1.0cm;}div.cm{}td.fc{width:379.1pt;padding:0cm 0cm 0cm 0cm}td.fb{width:32.95pt;padding:0cm 0cm 0cm 0cm}p.jl{margin:0cm;margin-bottom:.0001pt;text-align:center;font-size:10.0pt;font-family:""Arial"",""sans-serif"";color:black;}td.fa{width:13.4pt;padding:0cm 0cm 0cm 0cm}
td.ez{width:51.05pt;padding:0cm 3.0pt 0cm 0cm}p.jm{margin:0cm;margin-bottom:.0001pt;font-size:10.0pt;font-family:""Arial"",""sans-serif"";text-align:center}td.ew{width:128.9pt;padding:0cm 3.0pt 0cm 0cm}p.jn{margin:0cm;margin-bottom:.0001pt;text-align:right;font-size:10.0pt;font-family:""Arial"",""sans-serif"";color:black;text-align:center; }p.jo{margin:0cm;margin-bottom:.0001pt;font-size:10.0pt;font-family:""Arial"",""sans-serif"";text-align:right}span.eu{color:black;text-decoration: none}td.et{width:54.05pt;padding:0cm 0cm 0cm 0cm}p.jp{margin:0cm;margin-bottom:.0001pt;font-size:10.0pt;font-family:""Arial"",""sans-serif"";color:black;font-weight:bold;}td.es{width:51.05pt;border:none;border-top:solid black 1.0pt; padding:0cm 3.0pt 0cm 0cm}td.er{width:61.45pt;border:none;border-bottom: solid black 1.0pt;padding:0cm 3.0pt 0cm 0cm}
td.eq{width:51.05pt;border:none;border-bottom: solid black 1.0pt;padding:0cm 3.0pt 0cm 0cm}td.ep{width:61.45pt;border:none;padding:0cm 3.0pt 0cm 0cm}td.eo{width:51.05pt;border:none;padding:0cm 3.0pt 0cm 0cm}td.en{width:54.05pt;border:none;border-bottom: double black 2.25pt;padding:0cm 0cm 0cm 0cm}.cn{size:595.3pt 841.9pt;margin:42.5pt 17.0pt 1.0cm 1.0cm;}div.cn{}p.ad,li.ad,div.ad{margin:0cm;margin-bottom:.0001pt;text-align:center;font-size:10.0pt;font-family:""Arial"",""sans-serif"";color:black;font-style:italic;}.co{size:595.3pt 841.9pt;margin:42.5pt 17.0pt 1.0cm 1.0cm;}div.co{}span.em{color:white}
.cp{size:595.3pt 841.9pt;margin:42.5pt 17.0pt 1.0cm 1.0cm;}div.cp{}.cq{size:595.3pt 841.9pt;margin:42.5pt 17.0pt 1.0cm 1.0cm;}div.cq{}td.el{width:64.45pt;border:none;border-bottom: solid black 1.0pt;padding:0cm 0cm 0cm 0cm}.cr{size:595.3pt 841.9pt;margin:42.5pt 17.0pt 1.0cm 1.0cm;}div.cr{}.cs{size:595.3pt 841.9pt;margin:42.5pt 17.0pt 1.0cm 1.0cm;}div.cs{}.ct{size:595.3pt 841.9pt;margin:42.5pt 17.0pt 1.0cm 1.0cm;}
div.ct{}.cu{size:595.3pt 841.9pt;margin:42.5pt 17.0pt 1.0cm 1.0cm;}div.cu{}span.ek{font-style:normal}span.ej{font-size:10.0pt;font-family:""Arial"",""sans-serif"";color:black}.cv{size:595.3pt 841.9pt;margin:42.5pt 17.0pt 1.0cm 1.0cm;}div.cv{}.cw{size:595.3pt 841.9pt;margin:42.5pt 17.0pt 1.0cm 1.0cm;}div.cw{}span.ei{font-weight:normal}
.cx{size:595.3pt 841.9pt;margin:42.5pt 17.0pt 1.0cm 1.0cm;}div.cx{}.cy{size:595.3pt 841.9pt;margin:42.5pt 17.0pt 1.0cm 1.0cm;}div.cy{}.cz{size:595.3pt 841.9pt;margin:42.5pt 17.0pt 1.0cm 1.0cm;}div.cz{}span.eh{font-size:9.0pt}.da{size:595.3pt 841.9pt;margin:42.5pt 17.0pt 1.0cm 1.0cm;}div.da{}span.eg{font-size:7.0pt;font-family:""Times New Roman"",""serif""}
.db{size:595.3pt 841.9pt;margin:42.5pt 17.0pt 1.0cm 1.0cm;}div.db{}.dc{size:595.3pt 841.9pt;margin:42.5pt 17.0pt 1.0cm 1.0cm;}div.dc{}.dd{size:595.3pt 841.9pt;margin:42.5pt 17.0pt 1.0cm 1.0cm;}div.dd{}td.ef{width:266.8pt;padding:0cm 0cm 0cm 0cm}td.ee{width:240.3pt;padding:0cm 0cm 0cm 0cm}td.ed{width:63.35pt;padding:0cm 0cm 0cm 0cm}td.ec{width:60.35pt;padding:0cm 3.0pt 0cm 0cm}
td.eb{width:60.35pt;border:none;border-top:solid black 1.0pt; padding:0cm 3.0pt 0cm 0cm}td.ea{width:60.35pt;border:none;border-bottom: double black 2.25pt;padding:0cm 3.0pt 0cm 0cm}.de{size:595.3pt 841.9pt;margin:42.5pt 17.0pt 1.0cm 1.0cm;}div.de{}.df{size:595.3pt 841.9pt;margin:42.5pt 17.0pt 1.0cm 1.0cm;}div.df{}.dg{size:595.3pt 841.9pt;margin:42.5pt 17.0pt 1.0cm 1.0cm;}div.dg{}.dh{size:595.3pt 841.9pt;margin:42.5pt 17.0pt 1.0cm 1.0cm;}div.dh{}
.di{size:595.3pt 841.9pt;margin:42.5pt 17.0pt 1.0cm 1.0cm;}div.di{}.dj{size:595.3pt 841.9pt;margin:42.5pt 17.0pt 1.0cm 1.0cm;}div.dj{}td.dz{width:400.05pt;padding:0cm 0cm 0cm 15.0pt}.dk{size:595.3pt 841.9pt;margin:42.5pt 17.0pt 1.0cm 1.0cm;}div.dk{}td.dy{width:165.1pt;padding:0cm 0cm 0cm 0cm}td.dx{width:136.35pt;padding:0cm 0cm 0cm 0cm}.dl{size:595.3pt 841.9pt;margin:42.5pt 17.0pt 1.0cm 1.0cm;}
div.dl{}.dm{size:595.3pt 841.9pt;margin:42.5pt 17.0pt 1.0cm 1.0cm;}div.dm{}.dn{size:595.3pt 841.9pt;margin:42.5pt 17.0pt 1.0cm 1.0cm;}div.dn{}.do{size:595.3pt 841.9pt;margin:42.5pt 17.0pt 1.0cm 1.0cm;}div.do{}td.dw{width:118.35pt;padding:0cm 0cm 0cm 0cm}td.dv{width:11.7pt;padding:0cm 0cm 0cm 0cm}td.du{width:109.65pt;padding:0cm 0cm 0cm 0cm}
td.dt{width:549.85pt;padding:0cm 0cm 0cm 0cm}.dp{size:595.3pt 841.9pt;margin:42.5pt 17.0pt 1.0cm 1.0cm;}div.dp{}.dq{size:595.3pt 841.9pt;margin:42.5pt 17.0pt 1.0cm 1.0cm;}div.dq{}.dr{size:595.3pt 841.9pt;margin:42.5pt 17.0pt 1.0cm 1.0cm;}div.dr{}td.ds{width:61.45pt;border:none;border-top:double black 2.25pt; padding:0cm 3.0pt 0cm 0cm} .fr-view-element{font-family: sans-serif;font-size: 12pt;line-height: 140%;padding: 20px;box-sizing: border-box;overflow-x: auto;min-height: 60px;text-align: left;margin-bottom: 10px;width: 837px;} .fr-view-element img{padding: 0 1px;} .fr-view-element .aq{margin: 63.8pt 1.6cm 62.35pt 1.6cm;} .fr-view-element p{font-size: 10pt;}
/\*\*/
/\*\*/
/\*\*/
/\*]]>\*/

RNS Number : 7190S

Wellnex Life Limited

01 September 2026

ASX/AIM Announcement         

                                                                                                                                                 1 September 2026

Audited FY26 Annual Report - Significant Improvement in Financial Performance

 

HIGHLIGHTS

 

·    Revenue increased 5.1% to A$24.8 million, compared with A$23.6 million in FY25.

·    Gross margin increased to 30.2%, (FY25: 29%) reflecting continued improvement in the underlying performance of the Group's operations.

·    Net loss reduced by 70.8% to A$4.5 million, compared with a net loss of A$15.6 million in FY25.

·    The Company commenced a strategic turnaround program during FY26 focused on a leaner operating model, stronger cost discipline and enhanced capital management, targeting more than A$1 million in annualised operating savings.

·    Subsequent to year end, Wellnex entered into a binding agreement to divest the Pain Away business for upfront consideration of A$19.8 million plus earn-out consideration of up to A$1.5 million. The transaction is subject to shareholder approval at an EGM on 8 September 2026.

·    Completion of the Pain Away transaction is expected to enable the Company to repay debt, strengthen its balance sheet and reposition Wellnex for its next phase of growth.

Wellnex Life Limited (ASX/AIM: WNX) (""Wellnex"" or ""the Company"") is pleased to report its  audited accounts for the year ended 30 June 2026 (""FY26"") with significant improvement in financial performance.

Commenting on the results, Eric Jiang, Interim Executive Chair of Wellnex Life, said:

""FY26 represents a significant period of progress and transformation for Wellnex Life.

The financial results demonstrate that the actions taken during the year to simplify the business, improve operating discipline and reduce the Company's cost base are beginning to deliver tangible results.

Revenue increased 5.1% to A$24.8 million, while the statutory loss was reduced by more than 70% to A$4.5 million. Importantly, the EBITDA loss reduced substantially from approximately A$12.1 million in FY25 to A$1.7 million in FY26. These results demonstrate the underlying improvement in the business and provide a substantially stronger platform from which to execute our strategy following the Pain Away divestment.

During the year, the Board and management commenced a comprehensive strategic turnaround program focused on creating a leaner and more agile operating structure, strengthening capital discipline and materially reducing corporate overheads.

The proposed divestment of Pain Away announced subsequent to year end, represents another defining step in this transformation. Subject to shareholder approval and completion, the transaction will generate A$19.8 million in upfront consideration, together with additional earn-out consideration of up to A$1.5 million.

The proceeds are expected to allow Wellnex to repay its debt obligations and strengthen its balance sheet, providing the Company with greater financial flexibility and the ability to focus its resources on its retained consumer healthcare and contract manufacturing operations, while continuing to assess opportunities capable of creating long-term shareholder value.

The Board's focus remains firmly on completing the transformation of Wellnex into a financially disciplined, appropriately capitalised and sustainable business. We believe the significant improvement achieved during FY26, together with the proposed Pain Away transaction, places the Company in a materially stronger position as we enter FY27.

On behalf of the Board, I would like to thank our shareholders, employees, customers and business partners for their continued support during what has been an important year of change for Wellnex Life.""

The annual report is also made available on the Company's website at www.wellnexlife.com.au

This ASX/AIM announcement has been authorised by the Board of Wellnex Life Limited (ASX/AIM:WNX).

The information contained within this announcement is deemed by the Company to constitute inside information pursuant to article 7 of EU Regulation 596/2014 as it forms part of UK domestic law by virtue of the European Union (Withdrawal) Act 2018 as amended.

--- END ---

 

For further information, please contact:

Wellnex Life Limited (ASX/AIM:WNX)                       

Eric Jiang                                                                                

Interim Executive Chairman                                                          

E: [eric.j@wellnexlife.com.au](mailto:eric.j@wellnexlife.com.au)    

 

UK Investors

Strand Hanson (Financial & Nominated Adviser)

James Harris / Richard Johnson                                                     Tel: +44 (0) 20 7409 3494

 

Orana Corporate LLP (Joint Broker)                                             [swykeham@oranacorp.com](mailto:swykeham@oranacorp.com)

Sebastian Wykeham    

 

S.P. Angel Corporate Finance LLP (Joint Broker)                    Tel: +44 (0)20 3470 0470

David Hignell / Vadim Alexandre

 

To learn more, please visit: <https://wellnexlife.com.au/>

 

 

 

 

 

 

 

 

1. Company details

 

|  |  |  |
| --- | --- | --- |
| Name of entity: |  | Wellnex Life Limited |
| ABN: |  | 77 150 759 363 |
| Reporting period: |  | For the year ended 30 June 2026 |
| Previous period: |  | For the year ended 30 June 2025 |

 

|  |
| --- |
|  |

2. Results for announcement to the market

 

|  |  |  |  |  |  |  |  |  |
| --- | --- | --- | --- | --- | --- | --- | --- | --- |
|  |  |  |  |  |  |  |  | $'000 |
|  |  |  |  |  |  |  |  |  |
| Revenues from ordinary activities |  | up |  | 5.1% |  | to |  | 24,838 |
|  |  |  |  |  |  |  |  |  |
| Loss from ordinary activities after tax attributable to the owners of Wellnex Life Limited |  | down |  | 70.8% |  | to |  | (4,549) |
|  |  |  |  |  |  |  |  |  |
| Loss for the year attributable to the owners of Wellnex Life Limited |  | down |  | 70.8% |  | to |  | (4,549) |

 

Dividends

There were no dividends paid, recommended or declared during the current financial period.

 

Comments

The loss for the consolidated entity after providing for income tax amounted to $4.5 million (30 June 2025: $15.6 million loss).

 

Revenue for the period was $24.8 million an increase of 5.1% on the prior corresponding period 30 June 2025: $23.6 million. The increase in revenue primarily came from Wellnex's owned brands.  
  
Wellnex Life's margins of 30.2% or $7.5 million, was slightly higher than the previous corresponding period (30 June 2025 29.1% or $6.9million).  
   
Loss for the full year of $4.5 million was down 70.8% on the prior corresponding period 30 June 2025: $15.6 million, reflecting the impact of cost saving initiatives implemented during the year.  
   
Financial Position

 

The total net assets of the entity at 30 June 2026 was $7.5 million (30 June 2025: $11.2 million), a decrease of 33.7%.  
  
Wellnex Life next step is to increase shareholder value by continuing to grow its brands that will see a continuation of the strengthening of the balance sheet that will allow it to accelerate the company's growth in both revenue, margins and operating profits. 

 

|  |
| --- |
|  |

3. Net tangible assets

 

|  |  |  |  |  |
| --- | --- | --- | --- | --- |
|  |  | Reporting period |  | Previous period |
|  |  | Cents |  | Cents |
|  |  |  |  |  |
| Net tangible assets per ordinary security |  | 10.158 |  | (12.505) |

 

|  |
| --- |
|  |

4. Control gained over entities and date control gained

 

Not applicable.

 

|  |
| --- |
|  |

5. Loss of control over entities

 

During the period the following entities were de-registered:  
Cann Comm Pty Ltd  
1LH Pty Ltd  
Wattle Health Australia Investments Pty Ltd

 

|  |
| --- |
|  |

6. Dividends

 

Current period

There were no dividends paid, recommended or declared during the current financial period.

 

Previous period

There were no dividends paid, recommended or declared during the previous financial period.

 

|  |
| --- |
|  |

7. Dividend reinvestment plans

 

Not applicable.

 

|  |
| --- |
|  |

8. Details of associates and joint venture entities

 

|  |  |  |  |  |  |  |
| --- | --- | --- | --- | --- | --- | --- |
|  |  | Reporting entity's percentage holding | | | | Contribution to profit/(loss) (where material) |
|  |  |  |  |  |  |  |
|  |  | Reporting period |  | Previous period |  | Reporting period |
| Name of associate / joint venture |  | % |  | % |  | $'000 |
|  |  |  |  |  |  |  |
| 1LH Pty Ltd |  | - |  | 50.00% |  | - |
| Cann Comm Pty Ltd |  | - |  | 50.00% |  | - |
|  |  |  |  |  |  |  |
| Group's aggregate share of associates and joint venture entities' profit/(loss) (where material) |  |  |  |  |  |  |
| Profit/(loss) from ordinary activities before income tax |  |  |  |  |  | - |

 

|  |
| --- |
|  |

9. Foreign entities

 

Not applicable.

 

|  |
| --- |
|  |

10. Audit qualification or review

 

Details of audit/review dispute or qualification (if any):

 

This report, and the accompanying final report, are based upon accounts which have been audited. The financial report includes a material uncertainty on going concern disclosure within the audit report.

 

|  |
| --- |
|  |

11. Attachments

 

The consolidated financial report for Wellnex Life Limited and its controlled entities for the year ended 30 June 2026 are attached.

 

|  |
| --- |
|  |

12. Signed

 

|  |  |  |
| --- | --- | --- |
|  |  |  |
|  |  |  |
|  |  |  |
| Signed \_\_\_\_\_\_\_\_\_\_\_\_\_\_\_\_\_\_\_\_\_\_\_\_\_\_\_ |  | Date: 31 August 2026 |
|  |  |  |
| Eric Jiang |  |  |
| Interim Executive Chair |  |  |
|  |  |  |

Wellnex Life Limited

 

ABN 77 150 759 363

 

 

Annual Report - 30 June 2026

Corporate directory                                                                                                                                                   2

Directors' report                                                                                                                                                        3

Auditor's independence declaration                                                                                                                          18

Statement of profit or loss and other comprehensive income                                                                                    19

Statement of financial position                                                                                                                                20

Statement of changes in equity                                                                                                                                21

Statement of cash flows                                                                                                                                          22

Notes to the financial statements                                                                                                                             23

Consolidated entity disclosure statement                                                                                                                 39

Directors' declaration                                                                                                                                              40

Independent auditor's report to the members of Wellnex Life Limited                                                                         41

Shareholder information                                                                                                                                          46

|  |  |  |
| --- | --- | --- |
| Directors |  | Eric Jiang (Interim Executive Chair) |
|  |  | Ash Vesali (Non-Executive Director) |
|  |  | Jeffrey Yeh (Non-Executive Director) |
|  |  | Hilton Wood (Non-Executive Director) |

 

|  |  |  |
| --- | --- | --- |
| Company secretary |  | Kobe Li |

 

|  |  |  |
| --- | --- | --- |
| Registered office |  | Building 2, Level 3, |
| and Principal place of business |  | Suite 72, 574 Plummer St |
|  |  | Port Melbourne VIC 3207 |
|  |  | Phone: +61 3 8399 9419 |

 

|  |  |  |
| --- | --- | --- |
| Share register |  | Computershare Investor Registry Services |
|  |  | Yarra Falls |
|  |  | 452 Johnston Street |
|  |  | Abbotsford, Victoria, 3067 |
|  |  | Phone: 1300 787 272 (within Australia) |
|  |  | Phone: +61 3 9415 5000 (overseas callers) |

 

|  |  |  |
| --- | --- | --- |
| Auditor |  | William Buck |
|  |  | Level 20, 181 William Street |
|  |  | Melbourne VIC 3000 |

 

|  |  |  |
| --- | --- | --- |
| Stock exchange listing |  | Wellnex Life Limited securities are listed on the Australian Securities Exchange (ASX code: WNX) ) and the AIM Market of the London Stock Exchange. |

 

|  |  |  |
| --- | --- | --- |
| Website |  | https://www.wellnexlife.com.au |

Wellnex Life Limited  
Directors' report  
30 June 2026

The directors present their report, together with the financial statements, on the consolidated entity (referred to hereafter as the 'consolidated entity') consisting of Wellnex Life Limited (referred to hereafter as the 'company' or 'parent entity') and the entities it controlled at the end of, or during, the year ended 30 June 2026.

Directors

|  |  |  |
| --- | --- | --- |
| Eric Jiang (Interim Executive Chair) - |  | Non-Executive Director; appointed Interim Executive Chair on 10 March 2026 |
| Ash Vesali (Non-Executive Director) - ﻿ |  | appointed Interim Non-Executive Chair on 18 September 2025; transitioned to Non-Executive Director on 10 March 2026 |
| Jeffrey Yeh (Non-Executive Director) |  |  |
| George Karafotias (Executive Director and joint Chief Executive Officer/Managing Director) - |  | resigned 14 August 2025 |
| Andrew Vidler (Non-Executive Director) - |  | resigned 15 September 2025 |
| Zack Bozinovski (Executive Director and joint Chief Executive Officer/Managing Director) - |  | resigned 21 October 2025 |
| Vivienne Zhang (Executive Director) - |  | resigned 26 November 2025 |
| Ruari McGirr (Non-Executive Director) - |  | resigned 27 November 2025 |
| Hilton Wood (Non-Executive Director) - |  | appointed 12 June 2026 |

Principal activities

During the financial year the principal continuing activities of the consolidated entity consisted of:

|  |  |  |
| --- | --- | --- |
| ● |  | Marketing and selling a portfolio of premium branded products for the health and wellness market. |

Dividends

There were no dividends paid, recommended or declared during the current or previous financial year.

Review of operations

The loss for the consolidated entity after providing for income tax amounted to $4.548 million (30 June 2025: $15.604 million).

 

Financial performance  
  
FY26 represented a year of significant operational and strategic transition for Wellnex Life, with the Company focused on improving operating efficiency, strengthening cash generation and positioning the business on a more sustainable financial footing.  
  
Revenue for the year increased 5.1% to $24.838 million compared with $23.625 million in FY 25. Gross margin for the year was 30.24%, broadly in line with the prior year.  
  
More significantly, the Company's financial performance improved materially during the period. The statutory net loss reduced by 70.8% to $4.549 million compared with a net loss of $15.604 million in FY25.  
  
During FY26, the Company implemented a strategic turnaround program focused on simplifying its operating structure, improving cost discipline, prioritising higher return activities and strengthening working capital management. These initiatives resulted in material reductions across the Company's operating cost base and improved cash conversion during the second half of the financial year.  
  
The benefits of this program became increasingly evident during 2HFY26. The Company achieved positive operating cash flow in each of Q3 and Q4 FY26, with operating cash flow for 2HFY26 of approximately $0.5 million positive compared with an outflow of approximately $3.1 million in 1HFY26, representing an improvement of approximately $3.6 million half-on-half year.  
  
The Board considers the improvement in operating cash flow and the significant reduction in losses to be important indicators of the progress achieved during FY26. The Company's focus remains on maintaining cost discipline and ensuring capital is allocated to those activities capable of generating sustainable returns for shareholders.

Business operations  
  
Pain Away  
  
Pain Away continued to represent a significant component of Wellnex Life's consumer healthcare operations during FY26 and maintained a strong position in Australia's topical pain relief category.  
  
For FY26, Pain Away generated approximately $13.0 million in sales and delivered improved gross margins compared with the prior corresponding period. The brand also continued to demonstrate positive consumer and distribution momentum. Distribution was expanded during the period, including additional product ranging through Priceline and the Company's major pharmacy wholesale partners.  
  
As part of the Board's broader strategic review, the Company subsequently commenced a process to explore the divestment of Pain Away. Subsequent to year end, on 6 August 2026, the Company entered into a binding agreement with Mentholatum Australasia Pty Ltd for the sale of the Pain Away business and associated inventory for upfront consideration of $19.8 million and additional earn-out consideration of up to $1.5 million, subject to the achievement of specified targets and shareholder approval. The transaction is subject to shareholder approval at an EGM on 8 September 2026.  
  
The proposed transaction represents a significant step in the Company's strategic transformation and, subject to completion, is expected to enable Wellnex Life to repay debt, strengthen its balance sheet and provide greater financial flexibility to pursue opportunities across its retained operations and future growth initiatives.  
   
IP licensing and contract manufacturing  
  
The Company's IP licensing and contract manufacturing operations continued to represent an important component of Wellnex Life's business during FY26.  
  
The Company's international licensing activities continued to expand, including sales into the United Kingdom and UAE. During the year, the Company continued its relationship with Haleon in relation to liquid softgel paracetamol products. On 2 April 2026, Wellnex Life announced an extension of its existing licensing and supply agreement with Haleon UK Trading Services Limited through to 16 March 2027.  
  
The extension reflects the continuing commercial relationship between the parties and supports the Company's strategy of developing scalable licensing and contract manufacturing revenue streams in domestic and international markets.  
   
Wagner Liquigesic  
  
Wellnex Life continued its participation in the Wagner Liquigesic range through its partnership with Chemist Warehouse.  
The range includes liquid softgel analgesic products incorporating paracetamol and ibuprofen and provides the Company with exposure to the Australian over-the-counter analgesics market.  
   
Portfolio rationalisation  
  
A key component of the FY26 strategic review was a more disciplined assessment of the Company's brand portfolio and the capital allocated to individual brands.  
  
The Board determined that the Company should concentrate its financial and management resources on businesses, brands and partnerships capable of delivering sustainable commercial returns, while reducing or discontinuing investment in non-core and underperforming activities.  
  
Consistent with this strategy, during FY26 the Company progressed the rationalisation of a number of non-core brands and operations.  
  
The Company ceased investment in Mr Bright and commenced a process to divest the associated intellectual property.  
The Company also entered into an agreement for the disposal of the Wakey Wakey and Nighty Night brands and associated inventory for cash consideration of $50,000.  
  
The rationalisation of these activities reflects the Board's broader objective of simplifying the Company's operating structure, reducing unnecessary working capital requirements and ensuring that management resources and capital are directed towards activities with the greatest potential to generate sustainable shareholder returns.

Significant changes in the state of affairs

During the period, Wellnex Life initiated a strategic turnaround agenda, including a Board restructure reducing the number of directors from 7 to 4. The Company also formally accepted the resignation of its CEOs, Mr Zack Bozinovskiand Mr George Karafotias. Mr Ash Vesali was appointed Interim Executive Chair, overseeing both the Board and management during the transition period.  On 10 March 2026 Mr Eric Jiang was appointed Interim Executive Chari, transitioning from Mr Ash Vesali.  
Upon appointment of suitable Chief Executive Officer and completion of the handover process Mr Jiang will transition to the role of Non-Executive Chairman.  
  
On 2 October 2025 the Company issued 1,505,048 shares at $0.22 in lieu of corporate advisory and capital raising services.  
  
On 2 October 2025 the Company issued 678,900 shares at $0.22 to settle the legacy convertible note liabilities.  
  
On 2 April 2026 the Company issued 3,071,336 shares at $0.074 ($227,278) in lieu of corporate advisory and capital raising services  
  
On 2 April 2026 the Company announced the extension of an existing licence and supply agreement for the supply of Haleon UK soft gel liquid paracetamol products until 16 March 2027.  
  
On 23 April 2026 the Company executed a deed of extension extending the repayment date of Director loans to 21 August 2026.

Matters subsequent to the end of the financial year

|  |
| --- |
| On 6 August 2026 the Company announced it has entered into a formal binding agreement to sell its Pain Away brand assets and associated inventory to Mentholatum Australasia Pty Ltd for an upfront cash consideration of $19.8 million and additional earn-out consideration of up to $1.5 million, subject to the achievement of specified targets. The transaction is subject to shareholder approval, regulatory approval and customary conditions precedent. This marks a defining step in the Company's transformation by converting a flagship asset into capital which will be redeployed to repay debt, strengthen the Company's balance sheet, and support the Company's focus on its retained consumer healthcare and contract manufacturing operations as well as future growth opportunities. |
| The Company entered into separate agreements with its former Directors, Zack Bozinovski and George Karafotias, to extend the repayment dates of the related party loans until completion of the sale of the Pain Away assets. The extensions were obtained on 29 July 2026 and 10 August 2026, respectively. |

Likely developments and expected results of operations

The Company will continue to take advantage of the opportunities of the growing health and pharmaceutical market with its unique and innovative brands and products and look to continue to grow its distribution, revenue and margins.  
  
The Company will ensure its operational expenses are reduced and in line with a business of its size and activity to minimise or eliminate the need for third party funding.

Business risk management

The Company is committed to the effective management of risk to reduce uncertainty in the Company's business outcomes and to protect and enhance shareholder value. There are various risks that could have a material impact on the achievement of the Company's strategic objectives and future prospects. 

 

Key risks and mitigation activities associated with the Company's objectives are set out below: 

 

Risk as a relatively new entrant in the health and pharmaceutical market  
  
Wellnex Life is a relatively new entrant in the health and pharmaceutical industry and, as an early stage growth company, Wellnex Life is involved in product development, profile / brand building and market penetration for its products and services (in both local and overseas markets).  
These risks will in part turn upon the Company's ability to:  
  
        (a) continue to build on customer acceptance on current products in the health and wellness product group;  
        (b) maintain and source high quality manufacturers to produce the current and proposed products;  
        (c) maintain and expand distribution channels and continue to develop within Australian domestic and export  
             markets; and  
        (d) have the required capital to maintain and expand operations including investing in marketing.  
  
The Company aims to reduce this risk by ensuring continuous monitoring of all aspects of its business operations to ensure it maximises the return on its investments.

 

Sufficiency of funding   
  
As is typical for a company at Wellnex Life's stage of development and growth, Wellnex Life has limited financial resources and will need to raise additional funds from time to time to finance the complete development and growth of its current portfolio. In the future it may require additional capital (debt or equity) to continue its operations and, if that occurs by way of an equity issue, there is no guarantee of the issue price at which such additional equity capital is raised and potential for dilution for existing shareholders.  
   
The Company's ability to raise additional funds and the price at which any funds are raised, will be subject to, among other things, factors beyond the control of Wellnex Life and its Directors, including cyclical factors affecting the economy company performance and stock markets generally, in particular in Australia and the UK. The Directors can give no assurance that future funds can be raised by Wellnex Life on favourable terms, if at all.  
   
Wellnex Life prepares forecasts to ensure it has sufficient funding sources as and when required into the future. 

 

Manufacturing/production risks  
  
Wellnex Life is reliant on third parties to manufacture its current products. The Company will have various contractual rights in the event of non-compliance by any contracting party.  
   
However, no assurance can be given that all contracts will be fully performed by all contracting parties or in the case of a breach that the Company will be successful in securing compliance with the terms of each contract by the relevant counterparties to its contracts. There is also no assurance as to the financial strength of the parties to complete their obligations under the various contracts when such financial obligations fall due or the ability to secure other alternative manufacturing parties to produce the required products.  
   
The Company seeks to mitigate its manufacturing and production risks by reviewing the ability of its third party manufacturers to meet the Company's requirements on an ongoing basis. 

 

Logistics risk  
  
Wellnex Life is reliant on out-sourced logistics. Accordingly, if an adverse event occurs such as a strike, poor logistics technology, increases in the price of energy, changes in transport services and the physical destruction of infrastructure (e.g. roads and railways), Wellnex Life (or its third party providers) may not be able to efficiently supply and deliver the Company's products. This may have an adverse impact on the Company's financial performance.  
  
The Company seeks to have back up third party providers in the event that its current logistics providers are not available. 

 

Geopolitical and global economic risks  
  
Ongoing geopolitical tensions, global conflicts and increasing trade restrictions, tariffs and other protectionist measures continue to contribute to uncertainty in global economic and financial markets. These developments may result in supply chain disruptions, increased input and transportation costs, changes in international trade flows and broader market volatility.  
  
The nature, extent and duration of these factors, and their potential impact on the Company's operations, financial performance and share price, remain uncertain.  
  
The Directors continue to monitor geopolitical and global trade developments and their potential impact on the Company. Where appropriate, the Company seeks to mitigate these risks through ongoing monitoring and diversification of its supply chain and supplier base, together with active management of inventory, pricing and working capital.

Environmental regulation

The consolidated entity is not subject to any significant environmental regulation under Australian Commonwealth or State law.

Information on directors

|  |  |  |
| --- | --- | --- |
| Name: |  | Arash (""Ash"") Vesali |
| Title: |  | Non-Executive Director |
| Qualifications: |  | Bachelor of Engineering and MBA |
| Experience and expertise: |  | Mr Vesali brings over 20 years of global experience across high volume manufacturing and top-tier consulting, supporting ASX executives and boards on strategy, governance, performance improvement and business resiliency. He has delivered operational excellence through governance reform and cost restructuring and led turnarounds with disciplined capital allocation. Additionally, he has driven growth through IP monetisation, international expansion, and global strategic partnerships. |
| Other current directorships: |  | None |
| Former directorships (last 3 years): |  | None |
| Interests in shares: |  | Nil |
| Interests in options: |  | Nil |
| Interests in rights: |  | Nil |

 

|  |  |  |
| --- | --- | --- |
| Name: |  | Eric Jiang |
| Title: |  | Interim Executive Chair |
| Qualifications: |  | Bachelor of Commerce (Honours) & Bachelor of Arts |
| Experience and expertise: |  | With over 15 years' experience, Eric Jiang is an adviser to companies involved in trade between Australia and China. Eric brings a distinctive understanding of the cultural, economic and strategic context in which Australian businesses engage with China. |
| Other current directorships: |  | None |
| Former directorships (last 3 years): |  | None |
| Interests in shares: |  | 42,552 fully paid ordinary shares. |
| Interests in rights: |  | Nil |

 

|  |  |  |
| --- | --- | --- |
| Name: |  | Jeffrey Yeh |
| Title: |  | Non-Executive Director |
| Qualifications: |  | Bachelor and Master of Science, Bachelor of Technology |
| Experience and expertise: |  | Mr Jeffrey Yeh is an experienced all-rounded entrepreneur, with over 21 years' experience in all aspects of pharmaceutical sales, marketing, production, quality assurance, operations, logistics, finance and management. |
| Other current directorships: |  | None |
| Former directorships (last 3 years): |  | None |
| Interests in shares: |  | 6,959,477 fully paid ordinary shares |
| Interests in options: |  | Nil |
| Interests in rights: |  | Nil |

 

|  |  |  |
| --- | --- | --- |
| Name: |  | Hilton Wood |
| Title: |  | Non-Executive Director - appointed 12 June 2026 |
| Experience and expertise: |  | Mr Hilton brings over 30 years banking and finance experience across institutional banking, corporate relations and international markets. After completing a Master of Management at Macquarie Graduate School of Management, Mr Hilton now consults to companies and sits on various private company boards. |
| Other current directorships: |  | Nil |
| Former directorships (last 3 years): |  | Nil |
| Interests in shares: |  | Nil |

 

|  |  |  |
| --- | --- | --- |
| Name: |  | George Karafotias |
| Title: |  | Executive Director and joint Chief Executive Officer/Managing Director - resigned 14 August 2025 |
| Qualifications: |  | Bachelor of Commerce |
| Experience and expertise: |  | Mr Karafotias is an accountant holding a Bachelor of Commerce degree from the University of Adelaide. He has held various roles in numerous public companies over the last 9 years and has previously provided corporate advisory services to listed and unlisted companies, focusing on restructuring and refinancing. |
| Other current directorships: |  | Nil |
| Former directorships (last 3 years): |  | Broo Limited (ASX: BEE) - resigned 6 February 2023 |
| Interests in shares: |  | N/A |
| Interests in rights: |  | Nil |

 

|  |  |  |
| --- | --- | --- |
| Name: |  | Zlatko (Zack) Bozinovski |
| Title: |  | Executive Director and joint Chief Executive Officer/Managing Director - resigned 21 October 2025 |
| Qualifications: |  | None |
| Experience and expertise: |  | Mr Bozinovski is a highly successful and seasoned executive in the Australian retail industry with over 35 years' experience within FMCG and Pharmaceuticals companies in Australia and internationally. Mr Bozinovski co-founded Voost and has previously held senior positions at Uncle Tobys/Goodman Fielder, Pepsi Co and Sigma Pharmaceuticals. |
| Other current directorships: |  | None |
| Former directorships (last 3 years): |  | None |
| Interests in shares: |  | N/A |
| Interests in options: |  | Nil |
| Interests in rights: |  | Nil |

 

|  |  |  |
| --- | --- | --- |
| Name: |  | Andrew Vidler |
| Title: |  | Non-Executive Director - resigned 15 September 2025 |
| Experience and expertise: |  | Mr Vidler has comprehensive experience across retail, consumer health products and retail pharmacy. Andrew in his over 30 years' experience includes nearly 20 years with the EBOS Group (formerly FH Faulding, Mayne Group and Symbion), where across many roles he led the Terry White and Chemmart pharmacy brands and the Endeavour consumer health products business. |
| Other current directorships: |  | None |
| Former directorships (last 3 years): |  | Pacific Smiles (ASX:PSQ) |
| Interests in shares: |  | 17,858 fully paid ordinary shares |
| Interests in options: |  | Nil |
| Interests in rights: |  | Nil |

 

|  |  |  |
| --- | --- | --- |
| Name: |  | Yuan (Vivienne) Zhang |
| Title: |  | Executive Director - resigned 26 November 2025 |
| Qualifications: |  | Masters in Commerce and Accounting & Bachelor of International Trade |
| Experience and expertise: |  | Vivienne is a CPA qualified accountant, with over 12 years' experience in senior financial management, primarily in fast moving consumer goods (""FMCG""). Vivienne's previous role was with SABCO Australia as financial controller, where she was responsible for overseeing the financial management of an AUD 100 million revenue Company. |
| Other current directorships: |  | None |
| Former directorships (last 3 years): |  | None |
| Special responsibilities: |  | Nil |
| Interests in shares: |  | Nil |
| Interests in options: |  | Nil |
| Interests in rights: |  | Nil |

 

|  |  |  |
| --- | --- | --- |
| Name: |  | John Ruari Mcgirr |
| Title: |  | Non-Executive Director - resigned 27 November 2025 |
| Qualifications: |  | None |
| Experience and expertise: |  | Ruari is a qualified chartered accountant and a former approved Qualified Executive under the AIM Rules for Nominated Advisers. He has been an adviser to both quoted companies on the London Financial markets and private companies for over 30 years, working at a number of financial advisory firms, including Arden Partners Plc and WH Ireland Limited's Capital Markets Division (both of which are now part of Zeus Capital). Ruari has also worked in industry in innovative businesses across the UK, Switzerland, and Singapore. |
| Other current directorships: |  | None |
| Former directorships (last 3 years): |  | None |
| Special responsibilities: |  | Nil |
| Interests in shares: |  | Nil |
| Interests in options: |  | Nil |
| Interests in rights: |  | Nil |

 

'Other current directorships' quoted above are current directorships for listed entities only and excludes directorships of all other types of entities, unless otherwise stated.

 

'Former directorships (last 3 years)' quoted above are directorships held in the last 3 years for listed entities only and excludes directorships of all other types of entities, unless otherwise stated.

Company secretary

Kobe Li  
  
Prior to his appointment as director in January 2019, Mr Li spent the previous 8 years with the Australian Securities Exchange (ASX) Listing Compliance team, as a Senior Advisor overseeing a portfolio of listed entities ensuring compliance with the ASX listing rules. During his tenure at the ASX he worked on many Initial Public Offerings (IPO's) and numerous complex corporate transactions. Kobe is a member of the Governance Institute of Australia.

Meetings of directors

The number of meetings of the Company's Board of Directors ('the Board') and of each Board committee held during the year ended 30 June 2026, and the number of meetings attended by each director were:

 

|  |  |  |  |  |  |  |  |  |  |  |  |  |
| --- | --- | --- | --- | --- | --- | --- | --- | --- | --- | --- | --- | --- |
|  |  | Full Board | | | | Remuneration & Nomination Committee | | | | Audit & Risk Committee | | |
|  |  | Attended |  | Held |  | Attended |  | Held |  | Attend |  | Held |
|  |  |  |  |  |  |  |  |  |  |  |  |  |
| Ash Vesali |  | 10 |  | 10 |  | - |  | - |  | - |  | - |
| Eric Jiang |  | 20 |  | 20 |  | 1 |  | 1 |  | 2 |  | 2 |
| Jeffrey Yeh |  | 20 |  | 20 |  | 2 |  | 2 |  | 2 |  | 2 |
| George Karafotias 1 |  | 5 |  | 5 |  | - |  | - |  | - |  | - |
| Andrew Vidler 2 |  | 10 |  | 10 |  | 1 |  | 1 |  | - |  | - |
| Zack Bozinovski 3 |  | 10 |  | 10 |  | - |  | - |  | - |  | - |
| Vivienne Zhang 4 |  | 11 |  | 11 |  | - |  | - |  | - |  | - |
| Ruari McGirr 5 |  | 11 |  | 11 |  | - |  | - |  | - |  | - |
| HIlton Wood﻿6 |  | 2 |  | 2 |  | - |  | - |  | - |  | - |

 

Held: represents the number of meetings held during the time the director held office or was a member of the relevant committee.

 

|  |  |  |
| --- | --- | --- |
| (1) |  | resigned 14 August 2025 |
| (2) |  | resigned 15 September 2025 |
| (3) |  | resigned 21 October 2025 |
| (4) |  | resigned 26 November 2025 |
| (5) |  | resigned 27 November 2025 |
| (6) |  | appointed 12 June 2026 |

Remuneration report (audited)

The remuneration report details the key management personnel remuneration arrangements for the consolidated entity, in accordance with the requirements of the Corporations Act 2001 and its Regulations.

 

Key management personnel are those persons having authority and responsibility for planning, directing and controlling the activities of the entity, directly or indirectly, including all directors.

 

The remuneration report is set out under the following main headings:

|  |  |  |
| --- | --- | --- |
| ● |  | Principles used to determine the nature and amount of remuneration |
| ● |  | Details of remuneration |
| ● |  | Service agreements |
| ● |  | Share-based compensation |
| ● |  | Additional information |
| ● |  | Additional disclosures relating to key management personnel |

Principles used to determine the nature and amount of remuneration

The objective of the consolidated entity's executive reward framework is to ensure reward for performance is competitive and appropriate for the results delivered. The framework aligns executive reward with the achievement of strategic objectives and the creation of value for shareholders, and it is considered to conform to the market best practice for the delivery of reward. The Board of Directors ('the Board') ensures that executive reward satisfies the following key criteria for good reward governance practices:

|  |  |  |
| --- | --- | --- |
| ● |  | competitiveness and reasonableness |
| ● |  | acceptability to shareholders |
| ● |  | performance linkage / alignment of executive compensation |
| ● |  | transparency |

 

The Board is responsible for determining and reviewing remuneration arrangements for its directors and executives. The performance of the consolidated entity depends on the quality of its directors and executives. The remuneration philosophy is to attract, motivate and retain high performance and high quality personnel.

 

The reward framework is designed to align executive reward to shareholders' interests. The Board have considered that it should seek to enhance shareholders' interests by:

|  |  |  |
| --- | --- | --- |
| ● |  | having economic profit as a core component of plan design |
| ● |  | focusing on sustained growth in shareholder wealth, consisting of dividends and growth in share price, and delivering constant or increasing return on assets as well as focusing the executive on key non-financial drivers of value |
| ● |  | attracting and retaining high calibre executives |

 

Additionally, the reward framework should seek to enhance executives' interests by:

|  |  |  |
| --- | --- | --- |
| ● |  | rewarding capability and experience |
| ● |  | reflecting competitive reward for contribution to growth in shareholder wealth |
| ● |  | providing a clear structure for earning rewards |

 

In accordance with best practice corporate governance, the structure of non-executive director and executive director remuneration is separate.

 

Non-executive directors' remuneration

Fees and payments to non-executive directors reflect the demands and responsibilities of their role. Non-executive directors' fees and payments are reviewed annually by the Board. The Board may, from time to time, receive advice from independent remuneration consultants to ensure non-executive directors' fees and payments are appropriate and in line with the market.

 

Non-Executive Directors may be issued with equity instruments as LTIs (long term incentives) in a manner that aligns this element of remuneration with the creation of shareholder wealth, as Directors are able to influence the generation of shareholder wealth.

 

ASX listing rules require the aggregate non-executive directors' remuneration be determined periodically by a general meeting. The most recent determination was at the Annual General Meeting held on 9 January 2025, where the shareholders approved a maximum annual aggregate remuneration of $450,000.

 

Executive remuneration

The consolidated entity aims to reward executives based on their position and responsibility, with a level and mix of remuneration which has both fixed and variable components.

 

The executive remuneration and reward framework has the following components:

|  |  |  |
| --- | --- | --- |
| ● |  | base pay and non-monetary benefits |
| ● |  | long-term incentives |

 

The combination of these comprises the executive's total remuneration.

 

Fixed remuneration, consisting of base salary, superannuation and non-monetary benefits, are reviewed annually by the Board based on individual and business unit performance, the overall performance of the consolidated entity and comparable market remunerations.

 

Executives may receive their fixed remuneration in the form of cash or other fringe benefits (for example motor vehicle benefits) where it does not create any additional costs to the consolidated entity and provides additional value to the executive.

 

The long-term incentives ('LTI') include long service leave and share-based payments.

 

Consolidated entity performance and link to remuneration

The Board is of the opinion that improved results can be further improved by the adoption of performance based compensation.

 

The consolidated entity did not use a remuneration consultant during the year.

 

Voting and comments made at the Company's Annual General Meeting ('AGM') held on 28 October 2025

At the AGM held on 28 October 2025, 98.54% of the votes received supported the adoption of the remuneration report for the year ended 30 June 2025. The Company did not receive any specific feedback at the AGM regarding its remuneration practices.

Details of remuneration

Amounts of remuneration

Details of the remuneration of key management personnel of the consolidated entity are set out in the following tables.

 

|  |  |  |  |  |
| --- | --- | --- | --- | --- |
| Zack Bozinovski |  | Executive Director and joint Chief Executive/Managing Director |  | resigned as Executive Director on 21 October 2025, ceased as Chief Executive Officer on 20 April 2026 and continued to be engaged on a contract basis in a key management personnel capacity until 30 June 2026. |
| George Karafotias |  | Executive Director and joint Chief Executive/Managing Director |  | resigned as an Executive Director on 14 August 2025 and ceased as Joint Chief Executive Officer on 11 November 2025. |
| Vivienne Zhang |  | Executive Director |  | resigned as Executive Director on 26 November 2025 and continued as Chief Financial Officer and a member of key management personnel. |
| Jeffrey Yeh |  | Non-Executive Director |  |  |
| Eric Jiang |  | Interim Executive Chair |  | Non-Executive Director; appointed Interim Executive Chair on 12 March 2026. |
| Andrew Vidler |  | Non-Executive Director |  | resigned 15 September 2025. |
| Ruari McGirr |  | Non-Executive Director |  | resigned 27 November 2025. |
| Ash Vesali |  | Non-Executive Director |  | appointed Non-Executive Chair on 18 September 2025; transitioned to Non-Executive Director on 12 March 2026. |
| Hilton Wood |  | Non-Executive Director |  | appointed 12 June 2026. |
| Kobe Li |  | Company Secretary |  |  |

 

|  |  |  |  |  |  |  |  |  |  |  |  |  |
| --- | --- | --- | --- | --- | --- | --- | --- | --- | --- | --- | --- | --- |
|  |  | Short-term benefits | | | | Post-employment benefits |  |  |  | Share-based payments |  |  |
|  |  |  |  |  |  |  |  |  |  |  |  |  |
|  |  | Cash salary |  | Annual |  | Super- |  | Long service |  | Equity- |  |  |
|  |  | and fees |  | leave |  | annuation |  | leave |  | settled |  | Total |
| 2026 |  | $ |  | $ |  | $ |  | $ |  | $ |  | $ |
|  |  |  |  |  |  |  |  |  |  |  |  |  |
| Non-Executive Directors: |  |  |  |  |  |  |  |  |  |  |  |  |
| Jeffrey Yeh |  | 50,001 |  | - |  | - |  | - |  | - |  | 50,001 |
| Ruari McGirr |  | 20,835 |  | - |  | - |  | - |  | - |  | 20,835 |
| Andrew Vidler |  | 14,423 |  | - |  | - |  | - |  | - |  | 14,423 |
| Ash Vesali |  | 219,620 |  | - |  | - |  | - |  | - |  | 219,620 |
| Hilton Wood |  | 2,083 |  | - |  | - |  | - |  | - |  | 2,083 |
|  |  |  |  |  |  |  |  |  |  |  |  |  |
| Executive Directors: |  |  |  |  |  |  |  |  |  |  |  |  |
| Zack Bozinovski |  | 306,146 |  | (68,157) |  | 24,858 |  | (27,126) |  | - |  | 235,721 |
| George Karafotias |  | 334,826 |  | (202,740) |  | 11,278 |  | (59,286) |  | - |  | 84,078 |
| Eric Jiang |  | 189,643 |  | - |  | - |  | - |  | - |  | 189,643 |
| Vivienne Zhang |  | 220,000 |  | 6,626 |  | 26,400 |  | 4,143 |  | - |  | 257,169 |
|  |  |  |  |  |  |  |  |  |  |  |  |  |
| Other Key Management Personnel: |  |  |  |  |  |  |  |  |  |  |  |  |
| Kobe Li |  | 194,575 |  | - |  | - |  | - |  | - |  | 194,575 |
|  |  | 1,552,152 |  | (264,271) |  | 62,536 |  | (82,269) |  | - |  | 1,268,148 |

 

Refer above key management personnel table for changes in key management personnel throughout the year.

 

|  |  |  |  |  |  |  |  |  |  |  |  |  |
| --- | --- | --- | --- | --- | --- | --- | --- | --- | --- | --- | --- | --- |
|  |  | Short-term benefits | | | | Post-employment benefits |  |  |  | Share-based payments |  |  |
|  |  |  |  |  |  |  |  |  |  |  |  |  |
|  |  | Cash salary |  | Annual |  | Super- |  | Long service |  | Equity- |  |  |
|  |  | and fees |  | leave |  | annuation |  | leave |  | settled |  | Total |
| 30 June 2025 |  | $ |  | $ |  | $ |  | $ |  | $ |  | $ |
|  |  |  |  |  |  |  |  |  |  |  |  |  |
| Non-Executive Directors: |  |  |  |  |  |  |  |  |  |  |  |  |
| Eric Jiang |  | 46,746 |  | - |  | - |  | - |  | - |  | 46,746 |
| George Tambassis \*\* |  | 40,000 |  | - |  | - |  | - |  | - |  | 40,000 |
| Andrew Vidler \*\*\* |  | 50,000 |  | - |  | - |  | - |  | - |  | 50,000 |
| Jeffrey Yeh\*\*\*\* |  | 82,500 |  | - |  | - |  | - |  | - |  | 82,500 |
| Ruari McGirr |  | 16,010 |  | - |  | - |  | - |  | - |  | 16,010 |
|  |  |  |  |  |  |  |  |  |  |  |  |  |
| Executive Directors: |  |  |  |  |  |  |  |  |  |  |  |  |
| Zack Bozinovski |  | 365,000 |  | (9,014) |  | 29,072 |  | 7,258 |  | - |  | 392,316 |
| George Karafotias \*\*\*\* |  | 365,000 |  | 32,059 |  | 29,072 |  | 7,418 |  | - |  | 433,549 |
| Vivienne Zhang \* |  | 63,288 |  | (4,969) |  | 7,278 |  | 1,384 |  | - |  | 66,981 |
|  |  |  |  |  |  |  |  |  |  |  |  |  |
| Other Key Management Personnel: |  |  |  |  |  |  |  |  |  |  |  |  |
| Kobe Li |  | 150,475 |  | - |  | - |  | - |  | - |  | 150,475 |
|  |  | 1,179,019 |  | 18,076 |  | 65,422 |  | 16,060 |  | - |  | 1,278,577 |

 

|  |  |  |
| --- | --- | --- |
| \* |  | appointed 17 March 2025 |
| \*\* |  | appointed 9 September 2024 and resigned 6 May 2025 |
| \*\*\* |  | resigned 15 September 2025 |

\*\*\* resigned 15 August 2025

\*\*\*\* This amount includes $33,500 for FY2024 and $50,000 for FY2025.

Service agreements

Remuneration and other terms of employment for key management personnel are formalised in service agreements. Details of these agreements are as follows:

 

|  |  |  |
| --- | --- | --- |
| Name: |  | Kobe Li |
| Title: |  | Company Secretary |
| Term of agreement: |  | No fixed term |
| Details: |  | Monthly fee of $5,000 per month for 15 hours per month ($350 per hour for additional hours) |

 

|  |  |  |
| --- | --- | --- |
| Name: |  | Ash Vesali |
| Title: |  | Non-Executive Director |
| Term of agreement: |  | No fixed term |
| Details: |  | Annual remuneration of $50,000 |

 

|  |  |  |
| --- | --- | --- |
| Name: |  | George Karafotias |
| Title: |  | Executive Director and joint Chief Executive Officer/Managing Director |
| Term of agreement: |  | No fixed term. |
| Details: |  | Annual remuneration of $365,000 plus statutory superannuation, 3 month notice period with no specific termination payment provided for. |

 

|  |  |  |
| --- | --- | --- |
| Name: |  | Zack Bozinovski |
| Title: |  | Executive Director and joint Chief Executive Officer/Managing Director |
| Term of agreement: |  | No fixed term |
| Details: |  | Annual remuneration of $365,000 plus superannuation, 6 month notice period with no specific termination payment provided for.  Consulting services have been renewed following end of financial year to $10,000 per month plus GST. |

 

|  |  |  |
| --- | --- | --- |
| Name: |  | Eric Jiang |
| Title: |  | Executive Chair |
| Term of agreement: |  | No fixed term |
| Details: |  | Annual remuneration of $80,000 - Interim Executive Chair  Annual remuneration $392,000 plus GST - Chief Executive Officer |

 

|  |  |  |
| --- | --- | --- |
| Name: |  | Vivienne Zhang |
| Title: |  | Executive Director |
| Term of agreement: |  | No fixed term |
| Details: |  | Annual remuneration of $220,000 plus statutory superannuation, 3 month notice period with no specific termination payment provided for. |

 

|  |  |  |
| --- | --- | --- |
| Name: |  | Jeffrey Yeh |
| Title: |  | Non-Executive Director |
| Term of agreement: |  | No fixed term |
| Details: |  | Annual remuneration of $50,000. |

 

|  |  |  |
| --- | --- | --- |
| Name: |  | Ruari McGirr |
| Title: |  | Non-Executive Director |
| Term of agreement: |  | No fixed term |
| Details: |  | Annual remuneration of $50,000. |

 

|  |  |  |
| --- | --- | --- |
| Name: |  | Hilton Wood |
| Title: |  | Non-Executive Director |
| Term of agreement: |  | No fixed term |
| Details: |  | Annual remuneration of $50,000 |

 

|  |  |  |
| --- | --- | --- |
| Name: |  | Andrew Vidler |
| Title: |  | Non-Executive Director |
| Term of agreement: |  | No fixed term |
| Details: |  | Annual remuneration of $50,000 |

 

Key management personnel have no entitlement to termination payments in the event of removal for misconduct.

Share-based compensation

Issue of shares

There were no shares issued to directors and other key management personnel as part of compensation during the year ended 30 June 2026.

 

Options and Performance rights  
  
There were no options or performance rights over ordinary shares issued to directors and other key management personnel as part of compensation that were outstanding as at 30 June 2026.  
  
There were no options or performance rights over ordinary shares granted to or vested by directors and other key management personnel as part of compensation during the year ended 30 June 2026.

Additional information

The earnings of the consolidated entity for the five years to 30 June 2026 are summarised below:

 

|  |  |  |  |  |  |  |  |  |  |  |
| --- | --- | --- | --- | --- | --- | --- | --- | --- | --- | --- |
|  |  | 2026 |  | 2025 |  | 2024 |  | 2023 |  | 2022 |
|  |  | $'000 |  | $'000 |  | $'000 |  | $'000 |  | $'000 |
|  |  |  |  |  |  |  |  |  |  |  |
| Revenue and other income |  | 24,838 |  | 23,625 |  | 16,828 |  | 27,892 |  | 18,793 |
| Net loss |  | (4,549) |  | (15,604) |  | (13,739) |  | (13,846) |  | (7,449) |

 

The factors that are considered to affect total shareholders return ('TSR') are summarised below:

 

|  |  |  |  |  |  |  |  |  |  |  |
| --- | --- | --- | --- | --- | --- | --- | --- | --- | --- | --- |
|  |  | 2026 |  | 2025 |  | 2024 |  | 2023 |  | 2022 |
|  |  |  |  |  |  |  |  |  |  |  |
| Share price at financial year end ($) \*\* |  | 0.05 |  | 0.26 |  | 0.02 |  | 0.05 |  | 0.06 |

 

|  |  |  |
| --- | --- | --- |
| \* |  | The Company's shares were placed into ASX suspension on 2 October 2019 and remained in suspension on 30 June 2020 and 30 June 2021.  The shares were reinstated to ASX official quotation on 14 July 2021.  The Company's share price was 12 cents at the end of the first day of trading after the shares were reinstated to quotation. |
| \*\* |  | The Company's securities were consolidated during the financial year on the basis of 50 (fifty) Shares into 1 (one) Share. |

Additional disclosures relating to key management personnel

Shareholding

The number of shares in the Company held during the financial year by each director and other members of key management personnel of the consolidated entity, including their personally related parties, is set out below:

 

|  |  |  |  |  |  |  |  |  |
| --- | --- | --- | --- | --- | --- | --- | --- | --- |
|  |  | Balance at |  |  |  |  |  | Balance at |
|  |  | the start of |  |  |  |  |  | the end of |
|  |  | the year |  | Additions |  | Other changes \* |  | the year |
| Ordinary shares |  |  |  |  |  |  |  |  |
| Ash Vesali |  | - |  | - |  | - |  | - |
| Ruari McGirr |  | - |  | - |  | - |  | - |
| Eric Jiang |  | 42,552 |  | - |  | - |  | 42,552 |
| Kobe Li |  | 20,000 |  | - |  | - |  | 20,000 |
| George Karafotias |  | 149,825 |  | - |  | (149,825) |  | - |
| Zlatko Bozinovski |  | 741,285 |  | - |  | (741,285) |  | - |
| Andrew Vidler |  | 17,858 |  | - |  | (17,858) |  | - |
| Jeffrey Yeh |  | 6,959,487 |  | - |  | - |  | 6,959,487 |
|  |  | 7,931,007 |  | - |  | (908,968) |  | 7,022,039 |

 

|  |  |  |
| --- | --- | --- |
| \* |  | Other changes during the financial year represent the removal of shareholdings from the disclosure following the relevant individual's resignation or cessation as Director/key management personnel. |

 

Performance rights

There were no outstanding performance rights as at 30 June 2026 and 30 June 2025.

 

Other transactions with key management personnel and their related parties

During the previous financial year, the Company received loans from Director George Karafotias amounting to $738,000 and Director Zack Bozinovski amounting to $1,775,000. The loans have a coupon rate of 10% per annum. The loans and associated interest are immediately payable on the resignation or termination of the employment of the relevant party, the repayment was extended to 21 August 2026. Upon execution of the deed of extension the Company agreed to pay each individual a finance charge of $75,000 in consideration for the extension, which was capitalised into the principal balance of the respective loans.  
  
On 25 June 2026, as part of the Company's strategic review, the Company entered into an Asset Sale Agreement with a related party of Zack Bozinovski for the disposal of the Wakey Wakey and Nighty Night brand and associated inventory assets for cash consideration of $50,000. As at 30 June 2026, $10,000 was received in cash with the remainder recorded as a receivable due to the Company.  
  
Zack Bozinovski is a director and/or controlling shareholder of various entities from which the Company obtained the following services;  
- Consulting services $45,500  
- 3PL Logistics $4,169  
- Office lease $69,179  
  
The following balances are payable at the reporting date in relation to transactions with related parties;

 

|  |  |  |
| --- | --- | --- |
| Zack Bozinovski and their related parties |  | 29,945 |
| Eric Jiang |  | 129,800 |
| Ash Vesali |  | 39,440 |
| Jeffrey Yeh |  | 8,334 |
| Ruari McGirr |  | 4,167 |
| Hilton Wood |  | 2,083 |
|  |  |  |
|  |  | 213,769 |

 

|  |  |  |  |  |  |  |  |  |  |  |
| --- | --- | --- | --- | --- | --- | --- | --- | --- | --- | --- |
|  |  | Opening balance - 1 July 2025 |  | Interest accrued  during the year |  | Additional loans/(repayments) made during the year |  | Extension Fee |  | Closing Balance -30 June 2026 |
|  |  |  |  |  |  |  |  |  |  |  |
|  |  |  |  |  |  |  |  |  |  |  |
|  |  |  |  |  |  |  |  |  |  |  |
| Loan - George Karafotias |  | 760,108 |  | 106,949 |  | (25,544) |  | 75,000 |  | 916,513 |
| Loan - Zack Bozinovski |  | 2,096,239 |  | 214,456 |  | (240,000) |  | 75,000 |  | 2,145,695 |
|  |  |  |  |  |  |  |  |  |  |  |
|  |  | 2,856,347 |  | 321,405 |  | (265,544) |  | 150,000 |  | 3,062,208 |

 

Refer to note 17 for disclosure pertaining to related party transactions.

This concludes the remuneration report, which has been audited.

Shares under option

Unissued ordinary shares of Wellnex Life Limited under option at the date of this report are as follows:

 

|  |  |  |  |  |  |  |
| --- | --- | --- | --- | --- | --- | --- |
|  |  |  |  | Exercise |  | Number |
| Grant date |  | Expiry date |  | price |  | under option |
|  |  |  |  |  |  |  |
| 7 February 2025 |  | 7 February 2027 |  | $2.500 |  | 820,000 |
| 27 February 2026 |  | 27 February 2029 |  | $0.650 |  | 1,732,283 |
|  |  |  |  |  |  |  |
|  |  |  |  |  |  | 2,552,283 |

 

No person entitled to exercise the options had or has any right by virtue of the option to participate in any share issue of the Company or of any other body corporate.

Shares under performance rights

There were no unissued ordinary shares of Wellnex Life Limited under performance rights outstanding at the date of this report.

Shares issued on the exercise of options

There were no ordinary shares of Wellnex Life Limited issued on the exercise of options during the year ended 30 June 2026 and up to the date of this report.

Shares issued on the exercise of performance rights

There were no ordinary shares of Wellnex Life Limited issued on the exercise of performance rights during the year ended 30 June 2026 and up to the date of this report.

Indemnity and insurance of officers

The Company has indemnified the directors and executives of the Company for costs incurred, in their capacity as a director or executive, for which they may be held personally liable, except where there is a lack of good faith.

 

During the financial year, the Company paid a premium in respect of a contract to insure the directors and executives of the Company against a liability to the extent permitted by the Corporations Act 2001. The contract of insurance prohibits disclosure of the nature of the liability and the amount of the premium.

Indemnity and insurance of auditor

The Company has not, during or since the end of the financial year, indemnified or agreed to indemnify the auditor of the Company or any related entity against a liability incurred by the auditor.

 

During the financial year, the Company has not paid a premium in respect of a contract to insure the auditor of the Company or any related entity.

Proceedings on behalf of the Company

No person has applied to the Court under section 237 of the Corporations Act 2001 for leave to bring proceedings on behalf of the Company, or to intervene in any proceedings to which the Company is a party for the purpose of taking responsibility on behalf of the Company for all or part of those proceedings.

Non-audit services

The Board is responsible for the maintenance of audit independence. Specifically, the Risk Charter ensures the independence of the auditor is maintained by:

 

|  |  |  |
| --- | --- | --- |
| ● |  | limiting the scope and nature of non-audit services that may be provided; and |
| ● |  | requiring that permitted non-audit services must be pre-approved by the Board. |

 

During the year William Buck, the consolidated entity's auditor, has performed certain other services in addition to the audit and review of the financial statements. The Board has considered the non‑audit services provided during the year by the auditor and in accordance with the advice provided by the Board, is satisfied that the provision of those non‑audit services during the year by the auditor is compatible with, and did not compromise, the auditor independence requirements of the Corporations Act 2001 for the following reasons:

 

|  |  |  |
| --- | --- | --- |
| ● |  | All non‑audit services were subject to the corporate governance procedures adopted by the consolidated entity and have been reviewed by the Board to ensure they do not impact the integrity and objectivity of the auditor; and |
| ● |  | The non‑audit services provided do not undermine the general principles relating to auditor independence as set out in APES 110 Code of Ethics for Professional Accountants (including Independence Standards) as they did not involve reviewing or auditing the auditors own work, acting in a management or decision‑making capacity for the consolidated entity, acting as an advocate for the consolidated entity or jointly sharing risks and rewards. |

 

Details of the amounts paid to the auditor of the consolidated entity, William Buck, for audit and non‑audit services provided during the year are set out in note 15.

Rounding of amounts

The Company is of a kind referred to in Corporations Instrument 2026/183, issued by the Australian Securities and Investments Commission, relating to 'rounding-off'. Amounts in this report have been rounded off in accordance with that Corporations Instrument to the nearest thousand dollars, or in certain cases, the nearest dollar.

Auditor's independence declaration

A copy of the auditor's independence declaration as required under section 307C of the Corporations Act 2001 is set out immediately after this directors' report.

This report is made in accordance with a resolution of directors, pursuant to section 298(2)(a) of the Corporations Act 2001.

 

On behalf of the directors

 

|  |
| --- |
|  |
|  |
|  |
| \_\_\_\_\_\_\_\_\_\_\_\_\_\_\_\_\_\_\_\_\_\_\_\_\_\_\_ |
| Eric Jiang |
| Interim Executive Chair |
|  |
| 31 August 2026 |
| Melbourne |

Wellnex Life Limited  
Auditor's independence declaration

A link to the Auditor's independence declaration can be found here:

<http://www.rns-pdf.londonstockexchange.com/rns/7190S_1-2026-8-31.pdf>

|  |  |  |  |  |  |  |
| --- | --- | --- | --- | --- | --- | --- |
| Wellnex Life Limited  Statement of profit or loss and other comprehensive income  For the year ended 30 June 2026 |  |  |  |  |  |  |
|  |  |  |  | Consolidated | | |
|  |  | Note |  | 30 June 2026 |  | 30 June 2025 |
|  |  |  |  | $'000 |  | $'000 |
|  |  |  |  |  |  |  |
| Revenue from sale of goods |  | [5](#_ArvNote_TOC) |  | 24,838 |  | 23,625 |
|  |  |  |  |  |  |  |
| Other income |  |  |  | 52 |  | 202 |
| Gain/(Loss) on extinguishment of convertible notes |  |  |  | 204 |  | (61) |
|  |  |  |  |  |  |  |
| Expenses |  |  |  |  |  |  |
| Raw materials and consumables used |  |  |  | (17,346) |  | (16,746) |
| Administrative and corporate expenses |  |  |  | (1,912) |  | (3,179) |
| Share based payments expense |  |  |  | (511) |  | (4,189) |
| Employee benefits expense |  |  |  | (2,580) |  | (4,009) |
| Selling, marketing and distribution expenses |  |  |  | (2,598) |  | (2,738) |
| Depreciation and amortisation expense |  |  |  | (1,617) |  | (1,379) |
| Impairment of inventory |  |  |  | (319) |  | (1,482) |
| Impairment Pain Away brand asset |  | [9](#_NaiNote_TOC) |  | (833) |  | - |
| Transaction costs of the Pain Away acquisition |  |  |  | - |  | (507) |
| Transaction and due diligence costs |  |  |  | (387) |  | (701) |
| Payment for restructuring Pain Away deferred consideration |  |  |  | - |  | (1,813) |
| Finance costs |  |  |  | (1,540) |  | (2,627) |
|  |  |  |  |  |  |  |
| Loss before income tax expense |  |  |  | (4,549) |  | (15,604) |
|  |  |  |  |  |  |  |
| Income tax expense |  |  |  | - |  | - |
|  |  |  |  |  |  |  |
| Loss after income tax expense for the year attributable to the owners of Wellnex Life Limited |  |  |  | (4,549) |  | (15,604) |
|  |  |  |  |  |  |  |
| Other comprehensive income for the year, net of tax |  |  |  | - |  | - |
|  |  |  |  |  |  |  |
| Total comprehensive loss for the year attributable to the owners of Wellnex Life Limited |  |  |  | (4,549) |  | (15,604) |
|  |  |  |  |  |  |  |

|  |  |  |  |  |  |  |
| --- | --- | --- | --- | --- | --- | --- |
|  |  |  |  | Cents |  | Cents |
|  |  |  |  |  |  |  |
| Basic loss per share |  | [22](#_OepNote_TOC) |  | (14.38) |  | (53.33) |
| Diluted loss per share |  | [22](#_OepNote_TOC) |  | (14.38) |  | (53.33) |

 

 

The above statement of profit or loss and other comprehensive income should be read in conjunction with the accompanying notes

|  |  |  |  |  |  |  |
| --- | --- | --- | --- | --- | --- | --- |
| Wellnex Life Limited  Statement of financial position  As at 30 June 2026 |  |  |  |  |  |  |
|  |  |  |  | Consolidated | | |
|  |  | Note |  | 30 June 2026 |  | 30 June 2025 |
|  |  |  |  | $'000 |  | $'000 |
|  |  |  |  |  |  |  |
| Assets |  |  |  |  |  |  |
|  |  |  |  |  |  |  |
| Current assets |  |  |  |  |  |  |
| Cash and cash equivalents |  |  |  | 862 |  | 497 |
| Trade and other receivables |  | [6](#_CarNote_TOC) |  | 2,479 |  | 2,593 |
| Inventories |  | [7](#_CasNote_TOC) |  | 367 |  | 4,043 |
| Prepayments and other current assets |  |  |  | 438 |  | 1,257 |
|  |  |  |  |  |  |  |
| Assets classified as held for sale |  | [8](#_CahNote_TOC) |  | 19,602 |  | - |
| Total current assets |  |  |  | 23,748 |  | 8,390 |
|  |  |  |  |  |  |  |
| Non-current assets |  |  |  |  |  |  |
| Property, plant and equipment |  |  |  | - |  | 10 |
| Intangibles |  | [9](#_NaiNote_TOC) |  | 35 |  | 19,724 |
| Total non-current assets |  |  |  | 35 |  | 19,734 |
|  |  |  |  |  |  |  |
| Total assets |  |  |  | 23,783 |  | 28,124 |
|  |  |  |  |  |  |  |
| Liabilities |  |  |  |  |  |  |
|  |  |  |  |  |  |  |
| Current liabilities |  |  |  |  |  |  |
| Trade and other payables |  | [10](#_ClpNote_TOC) |  | 6,192 |  | 10,228 |
| Contract liability |  |  |  | 209 |  | 370 |
| Borrowings |  | [11](#_CllNote_TOC) |  | 9,757 |  | 5,708 |
| Employee benefit provisions |  |  |  | 117 |  | 457 |
| Total current liabilities |  |  |  | 16,275 |  | 16,763 |
|  |  |  |  |  |  |  |
| Non-current liabilities |  |  |  |  |  |  |
| Employee benefit provisions |  |  |  | 55 |  | 112 |
| Total non-current liabilities |  |  |  | 55 |  | 112 |
|  |  |  |  |  |  |  |
| Total liabilities |  |  |  | 16,330 |  | 16,875 |
|  |  |  |  |  |  |  |
| Net assets |  |  |  | 7,453 |  | 11,249 |
|  |  |  |  |  |  |  |
| Equity |  |  |  |  |  |  |
| Issued capital |  | [12](#_EqcNote_TOC) |  | 152,109 |  | 151,447 |
| Reserves |  |  |  | 4 |  | 776 |
| Accumulated losses |  |  |  | (144,660) |  | (140,974) |
|  |  |  |  |  |  |  |
| Total equity |  |  |  | 7,453 |  | 11,249 |

 

The above statement of financial position should be read in conjunction with the accompanying notes

|  |  |  |  |  |  |  |  |  |  |  |
| --- | --- | --- | --- | --- | --- | --- | --- | --- | --- | --- |
|  |  |  |  |  |  |  |  |  |  | Total equity |
| Wellnex Life Limited  Statement of changes in equity  For the year ended 30 June 2026 |  |  |  |  |  |  |  |  |  |
|  |  | Issued capital |  | Share-based payment reserve |  | Convertible loan reserve |  | Accumulated losses |  |
| Consolidated |  | $'000 |  | $'000 |  | $'000 |  | $'000 |  | $'000 |
|  |  |  |  |  |  |  |  |  |  |  |
| Balance at 1 July 2024 |  | 130,557 |  | 1,977 |  | 108 |  | (126,582) |  | 6,060 |
|  |  |  |  |  |  |  |  |  |  |  |
| Loss after income tax expense for the year |  | - |  | - |  | - |  | (15,604) |  | (15,604) |
| Other comprehensive income for the year, net of tax |  | - |  | - |  | - |  | - |  | - |
|  |  |  |  |  |  |  |  |  |  |  |
| Total comprehensive loss for the year |  | - |  | - |  | - |  | (15,604) |  | (15,604) |
|  |  |  |  |  |  |  |  |  |  |  |
| Transactions with owners in their capacity as owners: |  |  |  |  |  |  |  |  |  |  |
| Contributions of equity, net of transaction costs (note 12) |  | 20,890 |  | - |  | - |  | - |  | 20,890 |
| Expiry of options |  | - |  | (1,201) |  | - |  | 1,104 |  | (97) |
| Derecognition of reserve upon extinguishment of convertible loans (refer to Note 10) |  | - |  | - |  | (108) |  | 108 |  | - |
|  |  |  |  |  |  |  |  |  |  |  |
| Balance at 30 June 2025 |  | 151,447 |  | 776 |  | - |  | (140,974) |  | 11,249 |

 

|  |  |  |  |  |  |  |  |  |  |  |
| --- | --- | --- | --- | --- | --- | --- | --- | --- | --- | --- |
|  |  |  |  |  |  |  |  |  |  | Total equity |
|  |  | Issued capital |  | Share-based payment reserve |  | Convertible loan reserve |  | Accumulated losses |  |
| Consolidated |  | $'000 |  | $'000 |  | $'000 |  | $'000 |  | $'000 |
|  |  |  |  |  |  |  |  |  |  |  |
| Balance at 1 July 2025 |  | 151,447 |  | 776 |  | - |  | (140,974) |  | 11,249 |
|  |  |  |  |  |  |  |  |  |  |  |
| Loss after income tax expense for the year |  | - |  | - |  | - |  | (4,549) |  | (4,549) |
| Other comprehensive income for the year, net of tax |  | - |  | - |  | - |  | - |  | - |
|  |  |  |  |  |  |  |  |  |  |  |
| Total comprehensive loss for the year |  | - |  | - |  | - |  | (4,549) |  | (4,549) |
|  |  |  |  |  |  |  |  |  |  |  |
| Transactions with owners in their capacity as owners: |  |  |  |  |  |  |  |  |  |  |
| Contributions of equity, net of transaction costs (note 12) |  | 662 |  | - |  | - |  | - |  | 662 |
| Vesting charge for share-based payments |  | - |  | 91 |  | - |  | - |  | 91 |
| Expiry of options |  | - |  | (863) |  | - |  | 863 |  | - |
|  |  |  |  |  |  |  |  |  |  |  |
| Balance at 30 June 2026 |  | 152,109 |  | 4 |  | - |  | (144,660) |  | 7,453 |

 

The above statement of changes in equity should be read in conjunction with the accompanying notes

|  |  |  |  |  |  |  |
| --- | --- | --- | --- | --- | --- | --- |
| Wellnex Life Limited  Statement of cash flows  For the year ended 30 June 2026 |  |  |  |  |  |  |
|  |  |  |  | Consolidated | | |
|  |  | Note |  | 30 June 2026 |  | 30 June 2025 |
|  |  |  |  | $'000 |  | $'000 |
|  |  |  |  |  |  |  |
| Cash flows from operating activities |  |  |  |  |  |  |
| Receipts from customers (inclusive of GST) |  |  |  | 22,173 |  | 22,185 |
| Payments to suppliers and employees (inclusive of GST) |  |  |  | (23,669) |  | (23,913) |
| Interest and other finance costs paid |  |  |  | (1,067) |  | (228) |
|  |  |  |  |  |  |  |
| Net cash used in operating activities |  | [21](#_OcfNote_TOC) |  | (2,563) |  | (1,956) |
|  |  |  |  |  |  |  |
| Cash flows from investing activities |  |  |  |  |  |  |
| Payments for Pain Away deferred consideration |  |  |  | - |  | (6,950) |
| Proceeds from divestment of brand asset and inventory to related party |  | [17](#_OrpNote_TOC) |  | 10 |  | - |
|  |  |  |  |  |  |  |
| Net cash from/(used in) investing activities |  |  |  | 10 |  | (6,950) |
|  |  |  |  |  |  |  |
| Cash flows from financing activities |  |  |  |  |  |  |
| Proceeds from issue of shares |  | [12](#_EqcNote_TOC) |  | - |  | 15,900 |
| Transaction costs for capital raising and issuance of shares \* |  |  |  | (1,140) |  | (3,679) |
| Proceeds from trade debtor finance facility |  |  |  | 13,073 |  | 16,791 |
| Repayment of trade debtor finance facility |  |  |  | (14,078) |  | (20,472) |
| Proceeds from external borrowings |  |  |  | 5,395 |  | - |
| Repayment of external borrowings |  |  |  | (24) |  | - |
| Proceeds from related party loans |  |  |  | - |  | 120 |
| Repayments of related party loans |  |  |  | - |  | (108) |
| Payments for transaction costs - external borrowings |  |  |  | (247) |  | - |
| Repayment of convertible note liability |  |  |  | (61) |  | - |
| Repayment of lease liabilities |  |  |  | - |  | (52) |
|  |  |  |  |  |  |  |
| Net cash from financing activities |  |  |  | 2,918 |  | 8,500 |
|  |  |  |  |  |  |  |
| Net increase/(decrease) in cash and cash equivalents |  |  |  | 365 |  | (406) |
| Cash and cash equivalents at the beginning of the financial year |  |  |  | 497 |  | 903 |
|  |  |  |  |  |  |  |
| Cash and cash equivalents at the end of the financial year |  |  |  | 862 |  | 497 |

\* Relates to cash outflows for transaction costs previously accrued in connection with the capital raising activities undertaken on the ASX and LSE AIM market in prior periods.

 

The above statement of cash flows should be read in conjunction with the accompanying notes

Wellnex Life Limited  
Notes to the financial statements  
30 June 2026

Note 1. General information

 

The Annual financial report cover Wellnex Life Limited as a consolidated entity consisting of Wellnex Life Limited and the entities it controlled at the end of, or during, the year. The Annual financial report is presented in Australian dollars, which is Wellnex Life Limited's functional and presentation currency.

 

Wellnex Life Limited is a listed public company limited by shares, incorporated and domiciled in Australia. Its registered office and principal place of business is:

 

|  |  |  |
| --- | --- | --- |
| Building 2, Level 3, Suite 72, |  |  |
| 574 Plummer Street |  |  |
| Port Melbourne VIC 3207 |  |  |

 

The Annual financial report were authorised for issue, in accordance with a resolution of directors, on 31 August 2026. The directors have the power to amend and reissue the Annual financial report.

Note 2. Material accounting policy information

 

Basis of preparation

These general purpose financial statements have been prepared in accordance with Australian Accounting Standards and Interpretations issued by the Australian Accounting Standards Board ('AASB') and the Corporations Act 2001, as appropriate for for-profit oriented entities. These financial statements also comply with IFRS Accounting Standards as issued by the International Accounting Standards Board ('IASB').

 

Historical cost convention

The financial statements have been prepared under the historical cost convention, unless otherwise noted.

 

Critical accounting estimates

The preparation of the financial statements requires the use of certain critical accounting estimates. It also requires management to exercise its judgement in the process of applying the consolidated entity's accounting policies. The areas involving a higher degree of judgement or complexity, or areas where assumptions and estimates are significant to the financial statements, are disclosed in note 3.

 

Parent entity information

In accordance with the Corporations Act 2001, these financial statements present the results of the consolidated entity only. Supplementary information about the parent entity is disclosed in note 18.

 

Principles of consolidation

The consolidated financial statements incorporate the assets and liabilities of all subsidiaries of Wellnex Life Limited ('Company' or 'parent entity') as at 30 June 2026 and the results of all subsidiaries for the year then ended. Wellnex Life Limited and its subsidiaries together are referred to in these financial statements as the 'consolidated entity'.

 

Subsidiaries are all those entities over which the consolidated entity has control. The consolidated entity controls an entity when the consolidated entity is exposed to, or has rights to, variable returns from its involvement with the entity and has the ability to affect those returns through its power to direct the activities of the entity. Subsidiaries are fully consolidated from the date on which control is transferred to the consolidated entity. They are de-consolidated from the date that control ceases.

 

Intercompany transactions, balances and unrealised gains on transactions between entities in the consolidated entity are eliminated. Unrealised losses are also eliminated unless the transaction provides evidence of the impairment of the asset transferred. Accounting policies of subsidiaries have been changed where necessary to ensure consistency with the policies adopted by the consolidated entity.

 

Revenue recognition

The consolidated entity recognises revenue as follows:

 

Sale of goods

Revenue from the sale of goods is recognised at the point in time when the customer obtains control of the goods, which is generally at the time of delivery and is net of any contracted rebates or discounts that are contracted with the retailer or wholesaler.  
  
Discretionary rebates or discounts that are not part of any contact are treated as marketing expense with the revenue recognised on the invoice issued to the respective retailer or wholesaler. Discounts, or rebates offered by customers directly linked to the sale of goods are represented net of revenues.

 

Non-current assets or disposal groups classified as held for sale

Non-current assets and assets of disposal groups are classified as held for sale if their carrying amount will be recovered principally through a sale transaction rather than through continued use. They are measured at the lower of their carrying amount and fair value less costs of disposal. For non-current assets or assets of disposal groups to be classified as held for sale, they must be available for immediate sale in their present condition and their sale must be highly probable.

 

An impairment loss is recognised for any initial or subsequent write down of the non-current assets and assets of disposal groups to fair value less costs of disposal. A gain is recognised for any subsequent increases in fair value less costs of disposal of non-current assets and assets of disposal groups, but not in excess of any cumulative impairment loss previously recognised.

 

Non-current assets are not depreciated or amortised while they are classified as held for sale. Interest and other expenses attributable to the liabilities of assets held for sale continue to be recognised.

 

Non-current assets classified as held for sale and the assets of disposal groups classified as held for sale are presented separately on the face of the statement of financial position, in current assets. The liabilities of disposal groups classified as held for sale are presented separately on the face of the statement of financial position, in current liabilities.

 

Intangible assets

 

Intangible assets acquired as part of a business combination, other than goodwill, are initially measured at their fair value at the date of the acquisition. Intangible assets acquired separately are initially recognised at cost. Indefinite life intangible assets are not amortised and are subsequently measured at cost less any impairment. Finite life intangible assets are subsequently measured at cost less amortisation and any impairment. The gains or losses recognised in profit or loss arising from the derecognition of intangible assets are measured as the difference between net disposal proceeds and the carrying amount of the intangible asset. The method and useful lives of finite life intangible assets are reviewed annually. Changes in the expected pattern of consumption or useful life are accounted for prospectively by changing the amortisation method or period.

 

Borrowings

Loans and borrowings are initially recognised at the fair value of the consideration received, net of transaction costs. They are subsequently measured at amortised cost using the effective interest method.

 

Where there is an unconditional right to defer settlement of the liability for at least 12 months after the reporting date, the loans or borrowings are classified as non-current.

 

The component of the convertible notes that exhibits characteristics of a liability is recognised as a liability in the statement of financial position, net of transaction costs.

 

On the issue of the convertible notes the fair value of the liability component is determined using a market rate for an equivalent non-convertible bond and this amount is carried as a non-current liability on the amortised cost basis until extinguished on conversion or redemption. The increase in the liability due to the passage of time is recognised as a finance cost. The remainder of the proceeds are allocated to the conversion option that is recognised and included in shareholders equity as a convertible note reserve, net of transaction costs. The carrying amount of the conversion option is not remeasured in the subsequent years. The corresponding interest on convertible notes is expensed to profit or loss.

 

The component of the convertible notes that exhibits characteristics of a liability is recognised as a liability in the statement of financial position, net of transaction costs.

Note 3. Critical accounting judgements, estimates and assumptions

 

The preparation of the financial statements requires management to make judgements, estimates and assumptions that affect the reported amounts in the financial statements. Management continually evaluates its judgements and estimates in relation to assets, liabilities, contingent liabilities, revenue and expenses. Management bases its judgements, estimates and assumptions on historical experience and on other various factors, including expectations of future events, management believes to be reasonable under the circumstances. The resulting accounting judgements and estimates will seldom equal the related actual results. The judgements, estimates and assumptions that have a significant risk of causing a material adjustment to the carrying amounts of assets and liabilities (refer to the respective notes) within the current or next financial year are discussed below.

 

Revenue from contracts with customers involving sale of goods

When recognising revenue in relation to the sale of goods to customers, the key performance obligation of the consolidated entity is considered to be the point of delivery of the goods to the customer, as this is deemed to be the time that the customer obtains control of the promised goods and therefore the benefits of unimpeded access.

 

Allowance for expected credit losses

The allowance for expected credit losses assessment requires a degree of estimation and judgement. It is based on the lifetime expected credit loss, grouped based on days overdue, and makes assumptions to allocate an overall expected credit loss rate for each group. These assumptions include recent sales experience and historical collection rates.

 

Provision for impairment of inventories

The provision for impairment of inventories assessment requires a degree of estimation and judgement. The level of the provision is assessed by taking into account the recent sales experience, the ageing of inventories and other factors that affect inventory obsolescence.

 

Impairment of non-financial assets other than goodwill and other indefinite life intangible assets

The consolidated entity assesses impairment of non-financial assets other than goodwill and other indefinite life intangible assets at each reporting date by evaluating conditions specific to the consolidated entity and to the particular asset that may lead to impairment. If an impairment trigger exists, the recoverable amount of the asset is determined. This involves fair value less costs of disposal or value-in-use calculations, which incorporate a number of key estimates and assumptions.

 

Divestment Pain Away brand asset

The Pain Away products were primarily sold by BSPS Pty Ltd within the Australian consumer and health products retail market. As the consolidated entity continues to sell products within this product group, the Directors consider that the Pain Away brand does not represent a separate major line of business for the purposes of AASB 5 Non-current Assets Held for Sale and Discontinued Operations. Accordingly, its divestment has not been classified as a discontinued operation. In forming this view, the Directors exercised judgement as aforementioned and also by considering the scale and contribution of the Pain Away brand to the consolidated entity's overall results.

 

With respect to the Pain Away brand divestments, at 30 June 2026 the consolidated entity determined that these assets met the criteria to be classified as held for sale in accordance with AASB5 Non-current Assets Held for Sale and Discontinued Operations, as the assets were available for immediate sale in their present condition, the sales were considered highly probable and completion was expected within 12 months of the reporting date.

 

Recovery of deferred tax assets

Deferred tax assets are recognised for deductible temporary differences and/or tax losses only if the consolidated entity considers it is probable that future taxable amounts will be available to utilise those temporary differences and losses. No deferred tax assets were recognised as at 30 June 2026.

 

Going concern

The financial report has been prepared on a going concern basis, which contemplates continuity of normal business activities and realisation of assets and liabilities in the ordinary course of business. The going concern of the consolidated entity is dependent upon it maintaining sufficient funds for its operations and commitments.  
   
The consolidated entity made a loss after tax of $ 4.549 million during the year ended 30 June 2026, incurred net operating cash outflows of $2.563 million.  
   
These factors indicate a material uncertainty which may cast significant doubt as to whether the consolidated entity will continue as a going concern and therefore whether it will realise its assets and extinguish its liabilities in the normal course of business and at the amounts stated in the financial report.  
  
Notwithstanding these results, the accounts have been prepared on the basis that the consolidated entity will continue its business activities (and that, therefore, the consolidated entity is a going concern) for the following reasons:

 

|  |  |  |
| --- | --- | --- |
| ● |  | As announced on 6 August 2026, the consolidated entity entered into a binding agreement with Mentholatum Australasia Pty Ltd for the sale of the Pain Away brand and associated inventory for upfront consideration of $19.8 million, together with earn-out consideration of up to $1.5 million, subject to the achievement of specified targets under the agreement. The transaction is subject to shareholder approval, regulatory approval and customary conditions precedent. Upon completion of the transaction, the proceeds are expected to be applied towards the repayment of all borrowings, including loans from former Directors of the consolidated entity, which would strengthen the consolidated entity's overall financial position. |
| ● |  | The Company entered into separate agreements with its former Directors, Zack Bozinovski and George Karafotias, to extend the repayment dates of the related party loans until completion of the sale of Pain Away assets. The extensions were obtained on 29 July and 10 August, respectively. |
| ● |  | The consolidated entity continues to actively pursue and expand its contract manufacturing operations, including its international customer base. This is supported by ongoing relationships with key customers and, as announced on 2 April 2026, the extension of the consolidated entity's wholly owned subsidiary of its existing licensing and supply agreement with Haleon UK Trading Services Ltd to 16 March 2027. |
| ● |  | The consolidated entity has commenced a targeted cost reduction programme aligned with its revised business strategy and operating structure, with the objective of reducing the consolidated entity's ongoing cost base and preserving liquidity. |
| ● |  | The consolidated entity maintains established relationships with existing financiers and considers that it has the ability to seek additional debt facilities, if required, subject to customary negotiations, credit approvals and agreement of commercial terms. |
| ● |  | The consolidated entity also maintains relationships with Australian and UK brokers through which it may seek to raise additional equity capital, if required, subject to prevailing market conditions and agreement of appropriate terms. |

 

In the event that the consolidated entity is unable to achieve the outcomes noted above and not be able to continue as a going concern, it may be required to realise its assets at amounts different to those currently recognised, settle liabilities other than in the ordinary course of business and make provisions for other costs which may arise as a result of cessation or curtailment of normal business operations.

Note 4. Operating segments

 

During the year, the consolidated entity continued to undertake its principal activities of marketing and selling a portfolio of premium branded products within the health and wellness market, primarily in the Oceania region. The consolidated entity's operations are managed as an integrated business, with resources allocated and financial performance monitored on a consolidated basis. The chief operating decision maker regularly reviews the consolidated entity's financial and operating results, rather than discrete financial information for individual brands, products or geographic markets, for the purposes of assessing performance and making resource allocation decisions.  
  
Accordingly, the consolidated entity has determined that it has a single operating segment.

Note 5. Revenue

 

|  |  |  |  |  |
| --- | --- | --- | --- | --- |
|  |  | Consolidated | | |
|  |  | 30 June 2026 |  | 30 June 2025 |
|  |  | $'000 |  | $'000 |
|  |  |  |  |  |
| Revenue from sale of goods - recognised at a point in time |  | 24,838 |  | 23,625 |

 

During the financial year, the consolidated entity generated more than 10% of its revenue from three individual customers, with total sales to these customers amounting to $13,910,000 (30 June 2025: $13,730,000). Apart from these, no other customer individually accounted for more than 10% of the consolidated entity's revenue.

 

|  |  |  |  |  |
| --- | --- | --- | --- | --- |
|  |  | Consolidated | | |
|  |  | 30 June 2026 |  | 30 June 2025 |
|  |  | $'000 |  | $'000 |
|  |  |  |  |  |
| Geographical regions |  |  |  |  |
| Australia |  | 21,839 |  | 21,877 |
| United Kingdom (export sales) |  | 1,629 |  | 1,473 |
| New Zealand |  | 101 |  | 275 |
| UAE (export sales) |  | 1,269 |  | - |
|  |  |  |  |  |
|  |  | 24,838 |  | 23,625 |

Note 6. Current assets - trade and other receivables

 

|  |  |  |  |  |
| --- | --- | --- | --- | --- |
|  |  | Consolidated | | |
|  |  | 30 June 2026 |  | 30 June 2025 |
|  |  | $'000 |  | $'000 |
|  |  |  |  |  |
| Current Asset |  |  |  |  |
| Trade receivables |  | 2,518 |  | 2,685 |
| Less provision |  | (39) |  | (92) |
|  |  | 2,479 |  | 2,593 |

 

Allowance for expected credit losses

The ageing of trade receivables and allowance for expected credit losses provided for above are as follows:

 

|  |  |  |  |  |  |  |  |  |  |  |  |  |
| --- | --- | --- | --- | --- | --- | --- | --- | --- | --- | --- | --- | --- |
|  |  | Expected credit loss rate | | | | Carrying amount | | | | Allowance for expected credit losses | | |
|  |  | 30 June 2026 |  | 30 June 2025 |  | 30 June 2026 |  | 30 June 2025 |  | 30 June 2026 |  | 30 June 2025 |
| Consolidated |  | % |  | % |  | $'000 |  | $'000 |  | $'000 |  | $'000 |
|  |  |  |  |  |  |  |  |  |  |  |  |  |
| Not overdue |  | - |  | - |  | 2,140 |  | 2,392 |  | - |  | - |
| 30 to 60 days overdue |  | - |  | - |  | 273 |  | 95 |  | - |  | - |
| 60 to 90 days overdue |  | - |  | - |  | 66 |  | 15 |  | - |  | - |
| 90 days overdue |  | 100% |  | 50% |  | 39 |  | 183 |  | 39 |  | 92 |
|  |  |  |  |  |  |  |  |  |  |  |  |  |
|  |  |  |  |  |  | 2,518 |  | 2,685 |  | 39 |  | 92 |

Note 7. Current assets - inventories

 

|  |  |  |  |  |
| --- | --- | --- | --- | --- |
|  |  | Consolidated | | |
|  |  | 30 June 2026 |  | 30 June 2025 |
|  |  | $'000 |  | $'000 |
|  |  |  |  |  |
| Finished goods - at cost |  | 829 |  | 6,039 |
| Less: Provision for obsolescence |  | (462) |  | (1,996) |
|  |  |  |  |  |
|  |  | 367 |  | 4,043 |

Note 8. Current assets - Assets classified as held for sale

 

During the financial year, the consolidated entity commenced a process to divest its Pain Away assets, following a strategic review of the consolidated entity's operations.  
    
Following this process, on 30 June 2026, the consolidated entity received a signed non-binding offer from Mentholatum Australasia Pty Ltd for the sale of the Pain Away brand assets and associated inventory. Subsequent to 30 June 2026, the consolidated entity finalised a binding agreement with Mentholatum Australasia Pty Ltd for the sale of these assets. Refer to note 20 for further details.  
   
As at 30 June 2026, the consolidated entity determined that these assets met the criteria to be classified as held for sale in accordance with AASB 5 Non-current Assets Held for Sale and Discontinued Operations, as the assets were available for immediate sale in their present condition, the sale was considered highly probable and completion was expected within 12 months of the reporting date.  
   
 Prior to classification as held for sale, the consolidated entity assessed the carrying amount of the Pain Away brand asset in accordance with AASB 136 Impairment of Assets. Based on this assessment, an impairment loss of $834,000 was recognised against the brand asset to reduce its carrying amount to its fair value less costs to sell - refer to note 9 for further details of the impairment charge recorded. Refer note 20 and note 9 for further details.

 

The carrying amounts of the assets classified as held for sale at 30 June 2026 are set out below:

 

|  |  |  |  |  |
| --- | --- | --- | --- | --- |
|  |  | Consolidated | | |
|  |  | 30 June 2026 |  | 30 June 2025 |
|  |  | $'000 |  | $'000 |
|  |  |  |  |  |
| Pain Away - brand asset |  | 17,799 |  | - |
| Inventory |  | 1,803 |  | - |
|  |  |  |  |  |
| Assets classified as held for sale |  | 19,602 |  | - |

Note 9. Non-current assets - intangibles

 

Reconciliations

Reconciliations of the written down values at the beginning and end of the current and previous financial year are set out below:

 

|  |  |  |  |  |  |  |
| --- | --- | --- | --- | --- | --- | --- |
|  |  | Patents & trademarks |  | Brands |  | Total |
| Consolidated |  | $'000 |  | $'000 |  | $'000 |
|  |  |  |  |  |  |  |
| Balance at 1 July 2024 |  | 46 |  | 20,789 |  | 20,835 |
| Amortisation expense |  | (43) |  | (1,068) |  | (1,111) |
|  |  |  |  |  |  |  |
| Balance at 30 June 2025 |  | 3 |  | 19,721 |  | 19,724 |
| Amortisation expense |  | (3) |  | (1,053) |  | (1,056) |
| Impairment of assets |  | - |  | (834) |  | (834) |
| Classified as held for sale (note 8) |  | - |  | (17,799) |  | (17,799) |
|  |  |  |  |  |  |  |
| Balance at 30 June 2026 |  | - |  | 35 |  | 35 |

 

In accordance with AASB 136 Impairment of Assets, the consolidated entity assesses at each reporting date whether there is any indication that an asset or cash-generating unit may be impaired. Following receipt of a non-binding final offer from Mentholatum Australasia Pty Ltd (""Mentholatum"") on 30 June 2026 for the acquisition of the Pain Away brand asset and related inventory (""offer""), the consolidated entity identified an indicator of impairment in respect of the Pain Away brand asset.  
   
Accordingly, the consolidated entity performed an impairment assessment based on fair value less costs of disposal (FVLCD), having regard to the following:  
·       the upfront consideration of $19,800,000 under the Mentholatum offer  
·     the carrying value of Pain Away inventory, net of provisions, of $1,803,000 as at 30 June 2026;  
·     estimated costs of disposal of 1%, based on transaction costs incurred in comparable transactions; and  
the pre-impairment net book value of the Pain Away brand asset of $18,633,000 as at 30 June 2026.  
   
This assessment resulted in the recognition of an impairment loss of $834,000 in respect of the Pain Away brand asset. The impairment loss was recognised prior to the classification of the Pain Away brand asset as held for sale. Further information regarding the carrying value and composition of assets classified as held for sale at 30 June 2026 is provided in note 8.

Note 10. Current liabilities - trade and other payables

 

|  |  |  |  |  |
| --- | --- | --- | --- | --- |
|  |  | Consolidated | | |
|  |  | 30 June 2026 |  | 30 June 2025 |
|  |  | $'000 |  | $'000 |
|  |  |  |  |  |
| Trade payables |  | 5,273 |  | 6,767 |
| Accruals |  | 277 |  | 968 |
| Payables to related parties (note 18) |  | 214 |  | 1,651 |
| Wages and superannuation payable |  | 214 |  | 463 |
| Amounts payable to Australian Taxation Office |  | 185 |  | 343 |
| Other payables |  | 29 |  | 36 |
|  |  |  |  |  |
|  |  | 6,192 |  | 10,228 |

Note 11. Current liabilities - borrowings

 

|  |  |  |  |  |
| --- | --- | --- | --- | --- |
|  |  | Consolidated | | |
|  |  | 30 June 2026 |  | 30 June 2025 |
|  |  | $'000 |  | $'000 |
|  |  |  |  |  |
| Trade and debtor financing |  | 1,345 |  | 2,350 |
| Loan other |  | 46 |  | - |
| Convertible notes payable (net of deferred borrowing costs) |  | - |  | 502 |
| Related party borrowings |  | 3,062 |  | 2,856 |
| Loans - Reach |  |  |  | - |
| Loan - Reach Facility |  | 5,325 |  | - |
| Prepaid borrowing costs |  | (95) |  | - |
| Accrued interest |  | 73 |  | - |
|  |  |  |  |  |
|  |  | 9,757 |  | 5,708 |

 

Loan Reach Facility  
  
During the year, the Company entered into Asset Based Loan Agreements for a total facility limit of $5,325,000 with an external financier. As at 30 June 2026, $5,325,000 was drawn down under these facilities. The loans are secured against the assets of the Company and are repayable 24 months following the first advance, bear interest payable of 14% on the funds advanced and a 3% loan establishment fee.  
  
Although there has been no breach of the loan or its covenants, the facility is secured against the consolidated entity's assets and will become repayable upon completion of the divestment of the Pain Away brand asset. Management intends to apply a portion of the divestment proceeds towards settlement of the facility. Accordingly, the outstanding balance of the facility has been classified as a current liability as at  30 June 2026 .  

 

Related party borrowings  
  
The loans are unsecured and carry interest at a rate of 10% per annum. During the financial year, the repayment date of the loans was extended to 21 August 2026. In consideration for the extension, the Company agreed to pay each individual a finance charge of $75,000, which was capitalised into the principal balance of the respective loans.  
  
The loans do not contain any equity conversion features and are on terms that the Directors consider to be no more favourable to the related parties than those available on an arm's-length basis.  
  
Trade and debtor financing

 

|  |  |  |
| --- | --- | --- |
| ● |  | total value of financing facility: $3,800,000 (reduced from $5,300,000 on 1 August 2025) |
| ● |  | amount drawn down as at 30 June 2026: $1,345,000 (30 June 2025 $2,350,000) |
| ● |  | interest rate: Bank Bill Swap Bid Rate (BBSY) plus 4% |
| ● |  | this financing facility is secured by general and specific security deeds over all of the Company's assets and has first ranking over the consolidated entity's inventory and receivables. |

Note 12. Equity - issued capital

 

|  |  |  |  |  |  |  |  |  |
| --- | --- | --- | --- | --- | --- | --- | --- | --- |
|  |  | Consolidated | | | | | | |
|  |  | 30 June 2026 |  | 30 June 2025 |  | 30 June 2026 |  | 30 June 2025 |
|  |  | Shares |  | Shares |  | $'000 |  | $'000 |
|  |  |  |  |  |  |  |  |  |
| Ordinary shares - fully paid |  | 73,026,812 |  | 67,771,528 |  | 152,109 |  | 151,447 |

 

Movements in ordinary share capital

 

|  |  |  |  |  |  |  |  |  |
| --- | --- | --- | --- | --- | --- | --- | --- | --- |
| Details |  | Date |  | Shares |  | Issue price |  | $'000 |
|  |  |  |  |  |  |  |  |  |
| Balance |  | 1 July 2024 |  | 1,289,554,351 |  |  |  | 130,557 |
| Issue of ordinary shares to settle employee agreements |  | 1 July 2024 |  | 435,438 |  | $0.025 |  | 11 |
| Issue of ordinary shares - Issued for corporate advisory services |  | 19 July 2024 |  | 12,500,000 |  | $0.028 |  | 350 |
| Issue of ordinary shares |  | 7 August 2024 |  | 99,392,863 |  | $0.028 |  | 2,783 |
| Consolidation of shares 50:1 |  |  |  | (1,373,843,902) |  | $0.000 |  | - |
| Issue of ordinary shares |  | 19 November 2024 |  | 357,142 |  | $1.400 |  | 500 |
| Issue of ordinary shares |  | 27 December 2024 |  | 321,429 |  | $1.400 |  | 450 |
| Issue of Ordinary Shares - Issued for Corporate Advisory Services |  | 19 November 2024 |  | 1,600,000 |  | $0.610 |  | 976 |
| Issue of shares for placement |  | 5 February 25 |  | 1,111,111 |  | $0.680 |  | 756 |
| Fees paid in shares |  | 5 February 25 |  | 100,000 |  | $0.650 |  | 65 |
| Reach fees |  | 7 February 25 |  | 1,500,000 |  | $0.800 |  | 1,200 |
| Settlement of liabilities |  | 7 February 25 |  | 871,429 |  | $0.800 |  | 697 |
| Rights issue |  | 5 March 25 |  | 3,371,073 |  | $0.650 |  | 2,191 |
| Pain Away deferred consideration |  | 14 March 25 |  | 480,770 |  | $0.650 |  | 313 |
| Issue of ordinary shares |  | 30 December 2024 |  | 200,000 |  | $1.400 |  | 280 |
| Shortfall rights issue |  | 21 March 25 |  | 16,429,627 |  | $0.650 |  | 10,679 |
| Convertible notes conversion |  | 21 March 25 |  | 3,369,231 |  | $0.650 |  | 2,190 |
| Shares to corporate advisors |  | 21 March 25 |  | 7,642,825 |  | $0.650 |  | 4,968 |
| Shares issued in lieu of interest charges on convertible notes |  | 21 March 25 |  | 840,546 |  | $0.650 |  | 546 |
| Pain Away Deferred Consideration |  | 25 March 25 |  | 403,226 |  | $0.650 |  | 262 |
| UK Shortall offer |  | 31 March 25 |  | 488,216 |  | $0.650 |  | 317 |
| Settlement of liabilities |  | 20 May 2025 |  | 646,153 |  | $0.650 |  | 420 |
| Capital raising costs |  |  |  | - |  | $0.000 |  | (9,037) |
|  |  |  |  |  |  |  |  |  |
| Balance |  | 30 June 2025 |  | 67,771,528 |  |  |  | 151,474 |
| Issue of ordinary shares - Issued for Corporate Advisory Services |  | 3 October 2025 |  | 1,505,048 |  | $0.220 |  | 331 |
| Issue of ordinary shares\* |  | 3 October 2025 |  | 678,900 |  | $0.220 |  | 149 |
| Issue of ordinary shares - Issued for Corporate Advisory Services |  | 2 April 2026 |  | 3,071,336 |  | $0.074 |  | 227 |
| Capital Raising costs\*\* |  |  |  | - |  | $0.000 |  | (45) |
|  |  |  |  |  |  |  |  |  |
| Balance |  | 30 June 2026 |  | 73,026,812 |  |  |  | 152,136 |

 

|  |  |  |
| --- | --- | --- |
| \* |  | Convertible note liabilities which were recorded in the 30 June 2025 financial statements were settled during the period through the issue of ordinary shares following renegotiated terms, The resulting difference between the carrying amount and the fair value of shares issued was recognised as a gain on extinguishment in profit and loss. |
| \*\* |  | Relates to costs incurred and capitalised in connection with capital raisings completed during FY2025. |

 

Ordinary shares

Ordinary shares entitle the holder to participate in dividends and the proceeds on the winding up of the Company in proportion to the number of and amounts paid on the shares held. The fully paid ordinary shares have no par value and the Company does not have a limited amount of authorised capital.

 

On a show of hands every member present at a meeting in person or by proxy shall have one vote and upon a poll each share shall have one vote.

Note 13. Financial instruments

 

Financial risk management objectives

The consolidated entity's activities expose it to a variety of financial risks: market risk (including price risk and interest rate risk), credit risk and liquidity risk. The consolidated entity's overall risk management program focuses on the unpredictability of financial markets and seeks to minimise potential adverse effects on the financial performance of the consolidated entity.

 

Risk management is carried out by senior finance executives ('finance') under policies approved by the Board of Directors ('the Board'). These policies include identification and analysis of the risk exposure of the consolidated entity and appropriate procedures, controls and risk limits.

 

Market risk

 

Price risk

The consolidated entity does not currently face material price risk as it does not trade in products, nor hold investments, which are expected to be exposed to material price fluctuations.

 

Interest rate risk

As at reporting date the Consolidated Entity has a trade finance facility which is subject to material interest rate risk arising from borrowings. If the interest rate of on the trade finance facility varied by 5% it would not have a material impact on the consolidated entity. The cash holding of the Consolidated Entity is highly liquid and short-term in nature and has no material fair value risk to changes in interest rates.

 

Credit risk

Credit risk refers to the risk that a counterparty will default on its contractual obligations resulting in financial loss to the consolidated entity. The consolidated entity has a strict code of credit, including obtaining agency credit information, confirming references and setting appropriate credit limits. The consolidated entity obtains guarantees where appropriate to mitigate credit risk. The maximum exposure to credit risk at the reporting date to recognised financial assets is the carrying amount, net of any provisions for impairment of those assets, as disclosed in the statement of financial position and notes to the financial statements. The consolidated entity does not hold any collateral.

 

The consolidated entity has adopted a lifetime expected loss allowance in estimating expected credit losses to trade receivables through the use of a provisions matrix using fixed rates of credit loss provisioning. These provisions are considered representative across all customers of the consolidated entity based on recent sales experience, historical collection rates and forward-looking information that is available.

 

The consolidated entity has a credit risk exposure with trade receivables, which as at 30 June 2026 owed the consolidated entity $2.5 million (30 June 2025: $2.6 million). This balance was within its terms of trade, an impairment of $39,000 was made in the current financial period. Management closely monitors the receivable balance on a monthly basis and is in regular contact with this customer to mitigate risk.

 

Generally, trade receivables are written off when there is no reasonable expectation of recovery. Indicators of this include the failure of a debtor to engage in a repayment plan, no active enforcement activity and a failure to make contractual payments for a period greater than 1 year.

 

Liquidity risk

Vigilant liquidity risk management requires the consolidated entity to maintain sufficient liquid assets (mainly cash and cash equivalents) and available borrowing facilities to be able to pay debts as and when they become due and payable.

 

The consolidated entity manages liquidity risk by maintaining adequate cash reserves and available borrowing facilities by continuously monitoring actual and forecast cash flows and matching the maturity profiles of financial assets and liabilities.

 

Remaining contractual maturities

The following tables detail the consolidated entity's remaining contractual maturity for its financial instrument liabilities. The tables have been drawn up based on the undiscounted cash flows of financial liabilities based on the earliest date on which the financial liabilities are required, or expected, to be paid. The tables include both interest and principal cash flows disclosed as remaining contractual maturities and therefore these totals may differ from their carrying amount in the statement of financial position.

 

|  |  |  |  |  |  |  |  |  |  |  |  |  |
| --- | --- | --- | --- | --- | --- | --- | --- | --- | --- | --- | --- | --- |
|  |  | Weighted average interest rate |  | 1 year or less |  | Between 1 and 2 years |  | Between 2 and 5 years |  | Over 5 years |  | Remaining contractual maturities |
| Consolidated - 30 June 2026 |  | % |  | $'000 |  | $'000 |  | $'000 |  | $'000 |  | $'000 |
|  |  |  |  |  |  |  |  |  |  |  |  |  |
| Non-derivatives |  |  |  |  |  |  |  |  |  |  |  |  |
| Non-interest bearing |  |  |  |  |  |  |  |  |  |  |  |  |
| Trade payables |  | - |  | 5,273 |  | - |  | - |  | - |  | 5,273 |
| Accruals |  | - |  | 277 |  | - |  | - |  | - |  | 277 |
| Other payables |  | - |  | 428 |  | - |  | - |  | - |  | 428 |
| Related party payables |  | - |  | 214 |  | - |  | - |  | - |  | 214 |
|  |  |  |  |  |  |  |  |  |  |  |  |  |
| Interest-bearing - variable |  |  |  |  |  |  |  |  |  |  |  |  |
| Trade debtor facility |  | 11.16% |  | 1,345 |  | - |  | - |  | - |  | 1,345 |
| Loan other |  | 5.00% |  | 46 |  | - |  | - |  | - |  | 46 |
| Loans from related parties |  | 10.00% |  | 3,062 |  | - |  | - |  | - |  | 3,062 |
| Loan - Reach Facility |  | 14.00% |  | 5,303 |  | - |  | - |  | - |  | 5,303 |
| Total non-derivatives |  |  |  | 15,948 |  | - |  | - |  | - |  | 15,948 |

 

|  |  |  |  |  |  |  |  |  |  |  |  |  |
| --- | --- | --- | --- | --- | --- | --- | --- | --- | --- | --- | --- | --- |
|  |  | Weighted average interest rate |  | 1 year or less |  | Between 1 and 2 years |  | Between 2 and 5 years |  | Over 5 years |  | Remaining contractual maturities |
| Consolidated - 30 June 2025 |  | % |  | $'000 |  | $'000 |  | $'000 |  | $'000 |  | $'000 |
|  |  |  |  |  |  |  |  |  |  |  |  |  |
| Non-derivatives |  |  |  |  |  |  |  |  |  |  |  |  |
| Non-interest bearing |  |  |  |  |  |  |  |  |  |  |  |  |
| Trade payables |  | - |  | 8,678 |  | - |  | - |  | - |  | 8,678 |
| Accruals |  | - |  | 968 |  | - |  | - |  | - |  | 968 |
| Other payables |  | - |  | 842 |  | - |  | - |  | - |  | 842 |
|  |  |  |  |  |  |  |  |  |  |  |  |  |
| Interest-bearing - variable |  |  |  |  |  |  |  |  |  |  |  |  |
| Trade debtor facility |  | 11.12% |  | 2,350 |  | - |  | - |  | - |  | 2,350 |
| Borrowings |  | - |  | 502 |  | - |  | - |  | - |  | 502 |
| Loans from related parties |  | 10.00% |  | 2,856 |  | - |  | - |  | - |  | 2,856 |
| Total non-derivatives |  |  |  | 16,196 |  | - |  | - |  | - |  | 16,196 |

 

The cash flows in the maturity analysis above are not expected to occur significantly earlier than contractually disclosed above.

 

Fair value of financial instruments

Unless otherwise stated, the carrying amounts of financial instruments reflect their fair value.

Note 14. Key management personnel disclosures

 

Compensation

The aggregate compensation made to directors and other members of key management personnel of the consolidated entity is set out below:

 

|  |  |  |  |  |
| --- | --- | --- | --- | --- |
|  |  | Consolidated | | |
|  |  | 30 June 2026 |  | 30 June 2025 |
|  |  | $ |  | $ |
|  |  |  |  |  |
| Short-term employee benefits |  | 1,287,881 |  | 1,197,095 |
| Post-employment benefits |  | 62,536 |  | 65,422 |
| Long-term benefits |  | (82,269) |  | 16,060 |
|  |  |  |  |  |
|  |  | 1,268,148 |  | 1,278,577 |

Note 15. Remuneration of auditors

 

During the financial year the following fees were paid or payable for services provided by William Buck, the auditor of the Company:

 

|  |  |  |  |  |
| --- | --- | --- | --- | --- |
|  |  | Consolidated | | |
|  |  | 30 June 2026 |  | 30 June 2025 |
|  |  | $ |  | $ |
|  |  |  |  |  |
| Audit services - William Buck |  |  |  |  |
| Audit or review of the financial statements |  | 184,385 |  | 188,200 |
|  |  |  |  |  |
| Other services - William Buck |  |  |  |  |
| Tax compliance services |  | 8,400 |  | 62,400 |
|  |  |  |  |  |
|  |  | 192,785 |  | 250,600 |

Note 16. Contingent liabilities

 

There were no contingent liabilities or contingent assets as at 30 June 2026.

 

As disclosed in the 30 June 2025 financial statements, a professional service provider had lodged a claim against the consolidated entity in respect of amounts allegedly due, which the consolidated entity had disputed and disclosed as a contingent liability. During the current year, the consolidated entity entered into a Deed of Settlement with the service provider on 27 March 2026, resolving the matter through the issuance of 3,071,336 shares on 2 April 2026 with a value of $227,000 in full and final settlement of the claims.

Note 17. Related party transactions

 

Key management personnel

Disclosures relating to key management personnel are set out in note 14 and the remuneration report included in the directors' report.

 

Transactions with related parties

The following transactions occurred with related parties:

 

|  |  |  |  |  |
| --- | --- | --- | --- | --- |
|  |  | Consolidated | | |
|  |  | 30 June 2026 |  | 30 June 2025 |
|  |  | $ |  | $ |
|  |  |  |  |  |
| Divestment of the consolidated entity's brand asset and inventory \*\* |  | 50,000 |  | - |
| Consulting services rendered by a related party of a Director |  | (23,000) |  | (16,000) |
| 3PL logistics costs paid to an entity controlled by a Director |  | (4,169) |  | (317,165) |
| Office lease payments made to an entity controlled by a Director |  | (69,179) |  | (58,200) |
| Financing costs incurred on purchases from an entity controlled by a Director \* |  | - |  | (1,027,967) |
| Interest accrued on Director loans |  | (251,915) |  | (395,347) |
| Finance costs incurred to renegotiate and extend loans |  | (150,000) |  | - |

 

During the year, the consolidated entity entered into transactions with the following individuals:

 

|  |  |  |
| --- | --- | --- |
| (a) |  | Zack Bozinovski served as a Director until 21 October 2025 and as an employee of the consolidated entity until 21 April 2026, following which he was engaged as a consultant in a key management personnel capacity for the remainer of the 2026 financial year. |
| (b) |  | George Karafotias, who served as a Director until 15 August 2025 and employee of the consolidated entity until 11 November 2025. |

 

The amounts disclosed above include all transaction with these individuals during the financial year, including transactions occurring after they ceased to be Directors, key management personnel or employees of the consolidated entity, as applicable.

 

Payable to related parties

Terms and conditions  
All transactions were conducted on normal commercial terms and conditions and at market rates, apart from those marked \* and \*\*

 

|  |  |  |
| --- | --- | --- |
| \* |  | This transaction was approved by shareholders on 7 February 2025. The financing costs is linked to an inventory purchase of $1,486,103 in FY2024 from an entity controlled by the Director. These financing costs arose from the extension and subsequent renegotiation of payment terms, which resulted in the imposition of default interest on the outstanding purchase balance of $1,486,103. |
| \*\* |  | The transaction was not subject to shareholder approval, as the divestment of the Wakey Wakey and Nighty Night brand assets and associated inventory was consistent with the Company's stated business rationalisation objectives and was not considered material from a monetary perspective. |

 

The following balances are payable at the reporting date in relation to transactions with related parties:

 

|  |  |  |  |  |
| --- | --- | --- | --- | --- |
|  |  | Consolidated | | |
|  |  | 30 June 2026 |  | 30 June 2025 |
|  |  | $ |  | $ |
|  |  |  |  |  |
| Current payables: |  |  |  |  |
| Loan from George Karafotias |  | 916,513 |  | 760,108 |
| Loan from Zack Bozinovski |  | 2,145,695 |  | 2,096,239 |
| Total |  | 3,062,208 |  | 2,856,347 |

 

|  |  |  |  |  |
| --- | --- | --- | --- | --- |
| Zack Bozinovski and their related parties |  | 29,945 |  | - |
| Eric Jiang |  | 129,800 |  | 72,498 |
| Ash Vesali |  | 39,440 |  | - |
| Jeffrey Yeh |  | 8,334 |  | 1,335,282 |
| Ruari McGirr |  | 4,167 |  | 16,010 |
| Hilton Wood |  | 2,083 |  | - |
| Zack Bozinovski |  | - |  | 317,338 |
|  |  |  |  |  |
|  |  | 213,769 |  | 1,741,128 |

 

Refer to note 10 and note 11 for further information on the related party loans.

Note 18. Parent entity information

 

Set out below is the supplementary information about the parent entity.

 

Statement of profit or loss and other comprehensive income

 

|  |  |  |  |  |
| --- | --- | --- | --- | --- |
|  |  | Parent | | |
|  |  | 30 June 2026 |  | 30 June 2025 |
|  |  | $'000 |  | $'000 |
|  |  |  |  |  |
| Loss after income tax |  | (4,549) |  | (15,604) |
|  |  |  |  |  |
| Total comprehensive loss |  | (4,549) |  | (15,604) |

 

Statement of financial position

 

|  |  |  |  |  |
| --- | --- | --- | --- | --- |
|  |  | Parent | | |
|  |  | 30 June 2026 |  | 30 June 2025 |
|  |  | $'000 |  | $'000 |
|  |  |  |  |  |
| Total current assets |  | 23,749 |  | 8,390 |
|  |  |  |  |  |
| Total assets |  | 23,784 |  | 28,124 |
|  |  |  |  |  |
| Total current liabilities |  | 16,274 |  | 16,765 |
|  |  |  |  |  |
| Total liabilities |  | 16,329 |  | 16,877 |
|  |  |  |  |  |
| Equity |  |  |  |  |
| Issued capital |  | 152,109 |  | 151,447 |
| Share based payment reserve |  | 4 |  | 776 |
| Accumulated losses |  | (144,658) |  | (140,976) |
|  |  |  |  |  |
| Total equity |  | 7,455 |  | 11,247 |

 

Guarantees entered into by the parent entity in relation to the debts of its subsidiaries

The parent entity had no guarantees in relation to the debts of its subsidiaries as at 30 June 2026 and 30 June 2025.

 

Contingent liabilities

Refer to note 16 (2025: nil)

 

Capital commitments - Property, plant and equipment

The parent entity had no capital commitments for property, plant and equipment as at 30 June 2026 and 30 June 2025.

 

Material accounting policy information

The accounting policies of the parent entity are consistent with those of the consolidated entity, as disclosed in note 2, except for the following:

|  |  |  |
| --- | --- | --- |
| ● |  | Investments in subsidiaries are accounted for at cost, less any impairment, in the parent entity. |
| ● |  | Investments in associates are accounted for at cost, less any impairment, in the parent entity. |
| ● |  | Dividends received from subsidiaries are recognised as other income by the parent entity and its receipt may be an indicator of an impairment of the investment. |

Note 19. Interests in controlled entities

 

The consolidated financial statements incorporate the assets, liabilities and results of the following subsidiaries in accordance with the accounting policy described in note 2:

 

|  |  |  |  |  |  |  |  |  |
| --- | --- | --- | --- | --- | --- | --- | --- | --- |
|  |  |  |  |  |  | Parent | | |
|  |  | Principal place of business / |  |  |  | Ownership interest |  | Ownership interest |
|  |  | Country of |  |  |  | 30 June 2026 |  | 30 June 2025 |
| Name |  | incorporation |  | Principal activities |  | % |  | % |
|  |  |  |  |  |  |  |  |  |
| Wattle Health Australia Investments Pty Ltd (c) |  | Australia |  | Investment |  | - |  | 100.00% |
| BSPS Aust Pty Ltd |  | Australia |  | Brand Solutions Australia and Pharma Solutions Australia businesses |  | 100.00% |  | 100.00% |
| BSPSPA Pty Ltd |  | Australia |  | Holds the IP and trademarks of Pain Away |  | 100.00% |  | 100.00% |
| 1LH Pty Ltd (a), (c) |  | Australia |  | Medical Cannabis |  | - |  | 50.00% |
| Cann Comm Pty Ltd (a), (b), (c) |  | Australia |  | Technology - Tele Health |  | - |  | 50.00% |
| Wellnex Life UK Ltd (a), (b) |  | United Kingdom |  | Sales and Distribution UK |  | 100.00% |  | 100.00% |

 

|  |  |  |
| --- | --- | --- |
| (a) |  | Dormant entity with no trading activities or balances registered for the financial year. These entities held immaterial levels of trade for the financial year and had no material assets or liabilities that impacted these consolidated financial statements. |
| (b) |  | Incorporated by the Company during the previous financial year. |
| (c) |  | Deregistered during 2026 financial year. |

Note 20. Events after the reporting period

 

On 6 August 2026 the Company announced it has entered into a formal binding agreement to sell its Pain Way brand assets and associated inventory to Mentholatum Australasia Pty Ltd for an upfront cash consideration of $19.8 million and additional earn-out consideration of up to $1.5 million, subject to the achievement of specified targets. The transaction is subject to shareholder approval, regulatory approval and customary conditions precedent. This marks a defining step in the Company's transformation by converting a flagship asset into capital which will be redeployed to repay debt, strengthen the Company's balance sheet, and support the Company's focus on its retained consumer healthcare and contract manufacturing operations as well as future growth opportunities.

 

The Company entered into separate agreements with its former Directors, Zack Bozinovski and George Karafotias, to extend the repayment dates of the related party loans until completion of the sale of the Pain Away assets. The extensions were obtained on 29 July 2026 and 10 August 2026, respectively.

 

No other matter or circumstance has arisen since 30 June 2026 that has significantly affected, or may significantly affect the consolidated entity's operations, the results of those operations, or the consolidated entity's state of affairs in future financial years.

Note 21. Reconciliation of loss after income tax to net cash used in operating activities

 

|  |  |  |  |  |
| --- | --- | --- | --- | --- |
|  |  | Consolidated | | |
|  |  | 30 June 2026 |  | 30 June 2025 |
|  |  | $'000 |  | $'000 |
|  |  |  |  |  |
| Loss after income tax expense for the year |  | (4,549) |  | (15,604) |
|  |  |  |  |  |
| Adjustments for: |  |  |  |  |
| Depreciation and amortisation |  | 1,617 |  | 1,379 |
| Share-based payments |  | 511 |  | 4,189 |
| Impairment of Pain Away brand asset |  | 833 |  | - |
| Impairment of inventory |  | 319 |  | 1,482 |
| Finance extension costs capitalised |  | 150 |  | - |
|  |  |  |  |  |
| Change in operating assets and liabilities: |  |  |  |  |
| Decrease/(increase) in trade and other receivables |  | (2,665) |  | 1,789 |
| Decrease/(increase) in inventories |  | 3,357 |  | (1,028) |
| Decrease in prepayments |  | 778 |  | 76 |
| Increase/(decrease) in trade and other payables |  | (1,952) |  | 5,931 |
| Decrease in employee benefits |  | (962) |  | (170) |
|  |  |  |  |  |
| Net cash used in operating activities |  | (2,563) |  | (1,956) |

Note 22. Loss per share

 

|  |  |  |  |  |
| --- | --- | --- | --- | --- |
|  |  | Consolidated | | |
|  |  | 30 June 2026 |  | 30 June 2025 |
|  |  | $'000 |  | $'000 |
|  |  |  |  |  |
| Loss after income tax attributable to the owners of Wellnex Life Limited |  | (4,549) |  | (15,604) |

 

|  |  |  |  |  |
| --- | --- | --- | --- | --- |
|  |  | Number |  | Number |
|  |  |  |  |  |
| Weighted average number of ordinary shares used in calculating basic earnings per share |  | 31,631,101 |  | 29,260,693 |
|  |  |  |  |  |
| Weighted average number of ordinary shares used in calculating diluted earnings per share |  | 31,631,101 |  | 29,260,693 |

 

 

|  |  |  |  |  |
| --- | --- | --- | --- | --- |
|  |  | Cents |  | Cents |
|  |  |  |  |  |
| Basic loss per share |  | (14.38) |  | (53.33) |
| Diluted loss per share |  | (14.38) |  | (53.33) |

 

The loss per share for the previous year has been adjusted to reflect the consolidation of capital which has taken place during the year on a 50:1 basis.  
  
The dilutive impact of shares, options and rights has not been included in the weighted average number of ordinary shares for the purposes of calculating diluted EPS as it does not meet the requirements for inclusion in AASB 133 'Earnings Per Share'. The rights to these shares, options and rights are non-dilutive as the consolidated entity is loss generating.

|  |  |  |  |  |  |  |  |  |
| --- | --- | --- | --- | --- | --- | --- | --- | --- |
|  |  |  |  |  |  |  |  |  |
|  |  |  |  |  |  |  |  |  |
|  |  |  |  |  |  |  |  |  |
| Wellnex Life Limited  Consolidated entity disclosure statement  As at 30 June 2026 | | | | | | | | |
|  |  |  |  |  |  |  |  |  |
|  |  |  |  |  |  |  |  |  |
|  |  |  |  | Place formed / |  | Ownership interest |  |  |
| Entity name |  | Entity type |  | Country of incorporation |  | % |  | Tax residency |
|  |  |  |  |  |  |  |  |  |
| Wellnex Life Limited |  | Body corporate |  | Australia |  | - |  | Australia |
| BSPS Aust Pty Ltd |  | Body corporate |  | Australia |  | 100.00% |  | Australia |
| BSPSPA Pty Ltd |  | Body corporate |  | Australia |  | 100.00% |  | Australia |
| Wellnex Life UK Ltd |  | Body corporate |  | United Kingdom |  | 100.00% |  | United Kingdom |

 

Basis of preparation  
   
This consolidated entity disclosure statement (CEDS) has been prepared in accordance with the Corporations Act 2001 and includes information for each entity that was part of the consolidated entity as at the end of the financial year in accordance with AASB 10 Consolidated Financial Statements.  
   
Determination of tax residency  
Section 295 (3A)(vi) of the Corporation Act 2001 defines tax residency as having the meaning in the Income Tax Assessment Act 1997. The determination of tax residency involves judgement as there are different interpretations that could be adopted, and which could give rise to a different conclusion on residency.  
   
In determining tax residency, the consolidated entity has applied the following interpretations:  
   
Australian tax residency  
The consolidated entity has applied current legislation and judicial precedent, including having regard to the Tax Commissioner's public guidance in Tax Ruling TR 2018/5.  
   
Partnerships and Trusts  
None of the entities noted above were trustees of trusts within the consolidated entity, partners in a partnership within the consolidated entity or participants in a joint venture within the consolidated entity.

Wellnex Life Limited  
Directors' declaration  
30 June 2026

In the directors' opinion:

 

|  |  |  |
| --- | --- | --- |
| ● |  | the attached financial statements and notes comply with the Corporations Act 2001, the Accounting Standards, the Corporations Regulations 2001 and other mandatory professional reporting requirements; |

 

|  |  |  |
| --- | --- | --- |
| ● |  | the attached financial statements and notes comply with IFRS Accounting Standards as issued by the International Accounting Standards Board as described in note 2 to the financial statements; |

 

|  |  |  |
| --- | --- | --- |
| ● |  | the attached financial statements and notes give a true and fair view of the consolidated entity's financial position as at 30 June 2026 and of its performance for the financial year ended on that date; |

 

|  |  |  |
| --- | --- | --- |
| ● |  | there are reasonable grounds to believe that the Company will be able to pay its debts as and when they become due and payable; and |

 

|  |  |  |
| --- | --- | --- |
| ● |  | the information disclosed in the attached consolidated entity disclosure statement is true and correct. |

 

The directors have been given the declarations required by section 295A of the Corporations Act 2001.

 

Signed in accordance with a resolution of directors made pursuant to section 295(5)(a) of the Corporations Act 2001.

 

On behalf of the directors

 

|  |
| --- |
|  |
|  |
|  |
| \_\_\_\_\_\_\_\_\_\_\_\_\_\_\_\_\_\_\_\_\_\_\_\_\_\_\_ |
| Eric Jiang |
| Interim Executive Chair |
|  |
| 31 August 2026 |
| Melbourne |

Wellnex Life Limited  
Independent auditor's report to the members of Wellnex Life Limited

A copy of the Independent auditor's report to the members of Wellnex Life Limited can be found here:

<http://www.rns-pdf.londonstockexchange.com/rns/7190S_2-2026-8-31.pdf>

Wellnex Life Limited  
Shareholder information  
30 June 2026

The shareholder information set out below was applicable as at 31 August 2026.

 

Corporate Governance Statement  
  
Refer to the Company's Corporate Governance statement at: https://www.wellnexlife.com.au/

 

Distribution of equity securities

Analysis of number of equity security holders by size of holding:

 

|  |  |  |  |  |
| --- | --- | --- | --- | --- |
|  |  | Ordinary shares | | |
|  |  |  |  | % of total |
|  |  | Number |  | shares |
|  |  | of holders |  | issued |
|  |  |  |  |  |
| 1 to 1,000 |  | 3,272 |  | 0.68 |
| 1,001 to 5,000 |  | 437 |  | 1.48 |
| 5,001 to 10,000 |  | 164 |  | 1.75 |
| 10,001 to 100,000 |  | 355 |  | 16.10 |
| 100,001 and over |  | 102 |  | 79.99 |
|  |  |  |  |  |
|  |  | 4,330 |  | 100.00 |
|  |  |  |  |  |

 

In addition to the above securities, the Company has following unquoted equity security holders by size of holding:

 

|  |  |  |  |  |
| --- | --- | --- | --- | --- |
|  |  | Number of holders - Unquoted Consideration Options |  | % of total Consideration Options held |
|  |  |  |  |  |
| 1 - 1,000 |  | - |  | - |
| 1,001 - 5,000 |  | 3 |  | 0.52 |
| 5,001 - 10,000 |  | 9 |  | 7.22 |
| 10,001 - 100,000 |  | 1 |  | 1.98 |
| 100,001 - and over |  | 1 |  | 90.28 |
|  |  |  |  |  |
| Total |  | 14 |  | 100.00 |

 

Equity security holders

 

Twenty largest quoted equity security holders

The names of the twenty largest security holders of quoted equity securities are listed below:

 

|  |  |  |  |  |
| --- | --- | --- | --- | --- |
|  |  | Ordinary shares | | |
|  |  |  |  | % of total |
|  |  |  |  | shares |
| Ordinary shares |  | Number held |  | issued |
|  |  |  |  |  |
| Computershare Clearing Pty ltd (CCNL DI A/C) |  | 12,555,370 |  | 17.19 |
| Citicorp Nominees Pty Limited |  | 4,239,671 |  | 5.81 |
| Reach Investment Group Nominees Pty Ltd (R Markets Unit A/C) |  | 2,930,159 |  | 4.01 |
| JYSF Management Pty Ltd (JYSF A/C) |  | 2,629,181 |  | 3.60 |
| Finclear Services Pty Ltd (Superhero Securities A/C) |  | 2,086,413 |  | 2.86 |
| Lotus Capital Group Pty Ltd |  | 1,398,567 |  | 1.92 |
| Kobella Holdings Pty Ltd (The Kobella Holding Unit A/C) |  | 1,371,429 |  | 1.88 |
| APPWAM Pty Ltd |  | 1,100,000 |  | 1.51 |
| Acorn Management Investments Pty Ltd (Strategic Small Caps A/C) |  | 1,076,578 |  | 1.47 |
| Major Halfpenney Pty Ltd (Palfreman Family S/F A/C) |  | 1,053,846 |  | 1.44 |
| Mr Reid Jon Zulpo and Mrs Melissa Catherine Zilpo (RJ & MC Zulpo Family A/C) |  | 1,009,650 |  | 1.38 |
| JYSF Management Pty Ltd (JYSF A/C) |  | 890,609 |  | 1.22 |
| 365 Health Australia Pty Ltd |  | 883,996 |  | 1.21 |
| Bengal Capital Pty Ltd (Bengal Capital Family A/C) |  | 829,446 |  | 1.14 |
| Kirby Superannuation Pty Ltd (Kirby Super Fund A/C) |  | 803,096 |  | 1.10 |
| HSBC Custody Nominees (Australia) Limited (A/C 2) |  | 700,717 |  | 0.96 |
| ZLJ Pty Ltd (The Bozinovski Family A/C) |  | 667,473 |  | 0.91 |
| PAIF Pty Ltd (PAIF Fund A/C) |  | 654,817 |  | 0.90 |
| GGP Investments Pty Ltd (GGP Superannuation Fund A/C) |  | 654,656 |  | 0.90 |
| 28225 Pty Ltd (HMNJ A/C) |  | 626,914 |  | 0.86 |
|  |  |  |  |  |
|  |  | 38,162,588 |  | 52.27 |

 

Substantial holders

Substantial holders in the Company, as disclosed in substantial holding notices given to the Company under the Corporations Act, are set out below:

 

|  |  |  |  |  |
| --- | --- | --- | --- | --- |
|  |  | Ordinary shares | | |
|  |  |  |  | % of total |
|  |  |  |  | shares |
|  |  | Number held |  | issued |
|  |  |  |  |  |
| JYSF Management Pty Ltd |  | 2,629,181 |  | 3.60 |

 

Voting rights

The voting rights attached to ordinary shares are set out below:

 

Ordinary shares

On a show of hands every member present at a meeting in person or by proxy shall have one vote and upon a poll each share shall have one vote.

 

Options

Class A Unquoted Options, Class B Quoted Options and Consideration Options do not carry any voting rights until they convert into fully paid ordinary shares. 

 

Other information

There is no current on-market buy-back of the Company's securities.  
  
The Company's securities are not quoted on any exchange other than the ASX and LSE AIM.  
  
The Company's Company Secretary is Mr Kobe Li.

This information is provided by RNS, the news service of the London Stock Exchange. RNS is approved by the Financial Conduct Authority to act as a Primary Information Provider in the United Kingdom. Terms and conditions relating to the use and distribution of this information may apply. For further information, please contact [rns@lseg.com](mailto:rns@lseg.com) or visit [www.rns.com](http://www.rns.com/).  
  
RNS may use your IP address to confirm compliance with the terms and conditions, to analyse how you engage with the information contained in this communication, and to share such analysis on an anonymised basis with others as part of our commercial services. For further information about how RNS and the London Stock Exchange use the personal data you provide us, please see our [Privacy Policy](https://www.lseg.com/privacy-and-cookie-policy).

END

FR UAAURNWUWOAR",404010,Retailers 
17763021,2026-09-01 06:00:12,Transaction in Own Shares,Inchcape PLC,INCH,POS,RNS,7005S,https://www.londonstockexchange.com/news-article/INCH/transaction-in-own-shares/17763021,"/\*<![CDATA[\*/
/\*\*/
/\*\*/
/\*\*/
h1{margin-top:18.0pt;margin-right:0cm;margin-bottom:4.0pt;margin-left:0cm;line-height:115%;font-size:20.0pt;font-family:""Aptos Display"",""sans-serif"";color:#0F4761;font-weight:normal;}h2{margin-top:8.0pt;margin-right:0cm;margin-bottom:4.0pt;margin-left:0cm;line-height:115%;font-size:16.0pt;font-family:""Aptos Display"",""sans-serif"";color:#0F4761;font-weight:normal;}h3{margin-top:8.0pt;margin-right:0cm;margin-bottom:4.0pt;margin-left:0cm;line-height:115%;font-size:14.0pt;font-family:""Aptos"",""sans-serif"";color:#0F4761;font-weight:normal;}h4{margin-top:4.0pt;margin-right:0cm;margin-bottom:2.0pt;margin-left:0cm;line-height:115%;font-size:12.0pt;font-family:""Aptos"",""sans-serif"";color:#0F4761;font-weight:normal;font-style:italic;}h5{margin-top:4.0pt;margin-right:0cm;margin-bottom:2.0pt;margin-left:0cm;line-height:115%;font-size:12.0pt;font-family:""Aptos"",""sans-serif"";color:#0F4761;font-weight:normal;}h6{margin-top:2.0pt;margin-right:0cm;margin-bottom:0cm;margin-left:0cm;margin-bottom:.0001pt;line-height:115%;font-size:12.0pt;font-family:""Aptos"",""sans-serif"";color:#595959;font-weight:normal;font-style:italic;}
.ai{size:595.3pt 841.9pt;margin:72.0pt 72.0pt 72.0pt 72.0pt;}div.ai{}table.ed{width:487.0pt;margin-left:-5.4pt;border-collapse:collapse}tr.dt{height:12.0pt}td.dz{width:64.2pt;padding:0cm 5.4pt 0cm 5.4pt; height:12.0pt}p.ee{margin-top:0cm;margin-right:0cm;margin-bottom:8.0pt;margin-left:0cm;line-height:115%;font-size:12.0pt;font-family:""Aptos"",""sans-serif"";margin-bottom:0cm;margin-bottom:.0001pt;line-height: normal}span.eb{font-family:""Times New Roman"",""serif""}td.dx{width:56.2pt;padding:0cm 5.4pt 0cm 5.4pt; height:12.0pt}span.dy{font-size:10.0pt;font-family:""Times New Roman"",""serif""}td.du{width:58.2pt;padding:0cm 5.4pt 0cm 5.4pt; height:12.0pt}
p.ef{margin-top:0cm;margin-right:0cm;margin-bottom:8.0pt;margin-left:0cm;line-height:115%;font-size:12.0pt;font-family:""Aptos"",""sans-serif"";margin-bottom:0cm;margin-bottom:.0001pt; text-align:right;line-height:normal}span.dw{font-size:10.0pt; font-family:""Times New Roman"",""serif""}tr.dp{height:27.95pt}td.dq{width:476.2pt;padding:0cm 5.4pt 0cm 5.4pt; height:27.95pt}p.eg{margin-top:0cm;margin-right:0cm;margin-bottom:8.0pt;margin-left:0cm;line-height:115%;font-size:12.0pt;font-family:""Aptos"",""sans-serif"";margin-bottom:0cm;margin-bottom:.0001pt; text-align:center;line-height:normal}span.ds{font-size: 10.0pt;font-family:""Arial"",""sans-serif"";color:black}tr.dm{height:30.0pt}td.do{width:407.2pt;padding:0cm 5.4pt 0cm 5.4pt; height:30.0pt}td.dn{width:58.2pt;padding:0cm 5.4pt 0cm 5.4pt; height:30.0pt}tr.dj{height:39.75pt}
td.dk{width:476.2pt;padding:0cm 5.4pt 0cm 5.4pt; height:39.75pt}span.dl{font-size:9.0pt;font-family:""Arial"",""sans-serif""; color:black}tr.de{height:9.75pt}td.di{width:64.2pt;padding:0cm 5.4pt 0cm 5.4pt; height:9.75pt}td.dg{width:56.2pt;padding:0cm 5.4pt 0cm 5.4pt; height:9.75pt}p.eh{margin-top:0cm;margin-right:0cm;margin-bottom:8.0pt;margin-left:0cm;line-height:115%;font-size:12.0pt;font-family:""Aptos"",""sans-serif"";margin-bottom:0cm;margin-bottom:.0001pt;text-align: justify;line-height:normal}td.df{width:58.2pt;padding:0cm 5.4pt 0cm 5.4pt; height:9.75pt}tr.db{height:11.25pt}td.dd{width:131.2pt;padding:0cm 5.4pt 0cm 5.4pt; height:11.25pt}td.dc{width:58.2pt;padding:0cm 5.4pt 0cm 5.4pt; height:11.25pt}
tr.cx{height:21.95pt}td.da{width:64.2pt;padding:0cm 5.4pt 0cm 5.4pt; height:21.95pt}td.cz{width:56.2pt;padding:0cm 5.4pt 0cm 5.4pt; height:21.95pt}td.cy{width:58.2pt;padding:0cm 5.4pt 0cm 5.4pt; height:21.95pt}td.cw{width:131.2pt;border:solid windowtext 1.0pt; border-right:solid black 1.0pt;padding:0cm 5.4pt 0cm 5.4pt;height:27.95pt}td.cu{width:58.2pt;border:solid windowtext 1.0pt; border-left:none;padding:0cm 5.4pt 0cm 5.4pt;height:27.95pt}span.cv{font-size:9.0pt; font-family:""Arial"",""sans-serif"";color:black}td.ct{width:58.2pt;border-top:solid windowtext 1.0pt; border-left:none;border-bottom:none;border-right:solid windowtext 1.0pt; padding:0cm 5.4pt 0cm 5.4pt;height:27.95pt}tr.co{height:27.75pt}td.cs{width:131.2pt;border-top:none;border-left: solid windowtext 1.0pt;border-bottom:solid windowtext 1.0pt;border-right: solid black 1.0pt;padding:0cm 5.4pt 0cm 5.4pt;height:27.75pt}
td.cr{width:58.2pt;border-top:none;border-left:none; border-bottom:solid windowtext 1.0pt;border-right:solid windowtext 1.0pt; padding:0cm 5.4pt 0cm 5.4pt;height:27.75pt}td.cq{width:58.2pt;border:none;border-bottom:solid windowtext 1.0pt; padding:0cm 5.4pt 0cm 5.4pt;height:27.75pt}td.cp{width:58.2pt;border:solid windowtext 1.0pt; padding:0cm 5.4pt 0cm 5.4pt;height:27.75pt}td.cn{width:58.2pt;border-top:none;border-left:solid windowtext 1.0pt; border-bottom:none;border-right:solid windowtext 1.0pt;padding:0cm 5.4pt 0cm 5.4pt; height:27.75pt}td.cm{width:131.2pt;border:solid windowtext 1.0pt; border-top:none;padding:0cm 5.4pt 0cm 5.4pt;height:27.75pt}tr.ci{height:18.75pt}td.cl{width:64.2pt;padding:0cm 5.4pt 0cm 5.4pt; height:18.75pt}td.ck{width:56.2pt;padding:0cm 5.4pt 0cm 5.4pt; height:18.75pt}td.cj{width:58.2pt;padding:0cm 5.4pt 0cm 5.4pt; height:18.75pt}tr.ce{height:9.0pt}
td.ch{width:64.2pt;padding:0cm 5.4pt 0cm 5.4pt; height:9.0pt}td.cg{width:56.2pt;padding:0cm 5.4pt 0cm 5.4pt; height:9.0pt}td.cf{width:58.2pt;padding:0cm 5.4pt 0cm 5.4pt; height:9.0pt}tr.cc{height:27.0pt}td.cd{width:476.2pt;padding:0cm 5.4pt 0cm 5.4pt; height:27.0pt}td.cb{width:64.2pt;padding:0cm 5.4pt 0cm 5.4pt;height:9.75pt}td.ca{width:56.2pt;padding:0cm 5.4pt 0cm 5.4pt;height:9.75pt}td.bz{width:58.2pt;padding:0cm 5.4pt 0cm 5.4pt;height:9.75pt}tr.bw{height:12.75pt}td.by{width:407.2pt;padding:0cm 5.4pt 0cm 5.4pt; height:12.75pt}
td.bx{width:58.2pt;padding:0cm 5.4pt 0cm 5.4pt;height:12.75pt}tr.bt{height:25.5pt}td.bu{width:476.2pt;padding:0cm 5.4pt 0cm 5.4pt; height:25.5pt}span.bv{font-size:9.0pt;font-family:""Arial"",""sans-serif""}td.bs{width:64.2pt;padding:0cm 5.4pt 0cm 5.4pt;height:12.0pt}td.br{width:56.2pt;padding:0cm 5.4pt 0cm 5.4pt;height:12.0pt}td.bq{width:58.2pt;padding:0cm 5.4pt 0cm 5.4pt;height:12.0pt}td.bp{width:407.2pt;padding:0cm 5.4pt 0cm 5.4pt; height:12.0pt}td.bo{width:476.2pt;padding:0cm 5.4pt 0cm 5.4pt; height:27.75pt}tr.bl{height:29.25pt}
td.bn{width:407.2pt;padding:0cm 5.4pt 0cm 5.4pt; height:29.25pt}td.bm{width:58.2pt;padding:0cm 5.4pt 0cm 5.4pt; height:29.25pt}td.bk{width:131.2pt;padding:0cm 5.4pt 0cm 5.4pt; height:12.0pt}td.bi{width:64.2pt;border:solid windowtext 1.0pt;padding:0cm 5.4pt 0cm 5.4pt; height:27.95pt}span.bj{font-size: 9.0pt;font-family:""Arial"",""sans-serif"";color:black}td.bh{width:56.2pt;border:solid windowtext 1.0pt;border-left: none;padding:0cm 5.4pt 0cm 5.4pt;height:27.95pt}td.bg{width:58.2pt;border:solid windowtext 1.0pt;border-left: none;padding:0cm 5.4pt 0cm 5.4pt;height:27.95pt}td.bf{width:58.2pt;padding:0cm 5.4pt 0cm 5.4pt; height:27.95pt}tr.ba{height:15.0pt}td.be{width:64.2pt;border:solid windowtext 1.0pt; border-top:none;padding:0cm 5.4pt 0cm 5.4pt;height:15.0pt}
td.bd{width:56.2pt;border-top:none;border-left:none;border-bottom: solid windowtext 1.0pt;border-right:solid windowtext 1.0pt; padding:0cm 5.4pt 0cm 5.4pt;height:15.0pt}td.bc{width:58.2pt;border-top:none;border-left:none;border-bottom: solid windowtext 1.0pt;border-right:solid windowtext 1.0pt; padding:0cm 5.4pt 0cm 5.4pt;height:15.0pt}td.bb{width:58.2pt;padding:0cm 5.4pt 0cm 5.4pt; height:15.0pt}td.az{width:64.2pt;border:solid windowtext 1.0pt;border-top: none;padding:0cm 5.4pt 0cm 5.4pt;height:15.0pt}td.ay{width:56.2pt;border-top:none;border-left:none;border-bottom: solid windowtext 1.0pt;border-right:solid windowtext 1.0pt; padding:0cm 5.4pt 0cm 5.4pt;height:15.0pt}td.ax{width:58.2pt;border-top:none;border-left:none;border-bottom: solid windowtext 1.0pt;border-right:solid windowtext 1.0pt; padding:0cm 5.4pt 0cm 5.4pt;height:15.0pt}td.aw{width:64.2pt;border:solid windowtext 1.0pt;border-top: none;padding:0cm 5.4pt 0cm 5.4pt;height:15.0pt}td.av{width:131.2pt;border:solid windowtext 1.0pt; padding:0cm 5.4pt 0cm 5.4pt;height:12.0pt}td.au{width:127.2pt;border:solid windowtext 1.0pt; border-left:none;padding:0cm 5.4pt 0cm 5.4pt;height:12.0pt}td.at{width:131.2pt;border:solid windowtext 1.0pt; border-top:none;padding:0cm 5.4pt 0cm 5.4pt;height:12.0pt}
td.as{width:127.2pt;border-top:none; border-left:none;border-bottom:solid windowtext 1.0pt;border-right:solid windowtext 1.0pt; padding:0cm 5.4pt 0cm 5.4pt;height:12.0pt}td.ar{width:269.2pt;padding: 0cm 5.4pt 0cm 5.4pt;height:12.0pt}tr.an{height:10.5pt}td.aq{width:64.2pt;padding:0cm 5.4pt 0cm 5.4pt; height:10.5pt}td.ap{width:56.2pt;padding:0cm 5.4pt 0cm 5.4pt; height:10.5pt}td.ao{width:58.2pt;padding:0cm 5.4pt 0cm 5.4pt; height:10.5pt}td.al{width:131.2pt;padding:0cm 5.4pt 0cm 5.4pt;height:12.0pt}.am{font-style: italic}td.ak{width:58.2pt; padding:0cm 5.4pt 0cm 5.4pt;height:12.0pt}p.a,li.a,div.a{margin-top:0cm;margin-right:0cm;margin-bottom:8.0pt;margin-left:0cm;line-height:115%;font-size:12.0pt;font-family:""Aptos"",""sans-serif"";}
.fr-view-element{font-family: sans-serif;font-size: 12pt;line-height: 140%;padding: 20px;box-sizing: border-box;overflow-x: auto;min-height: 60px;text-align: left;margin-bottom: 10px;width: 837px;} .fr-view-element img{padding: 0 1px;} .fr-view-element .ai{margin: 63.8pt 1.6cm 62.35pt 1.6cm;} .fr-view-element p{font-size: 10pt;}
/\*\*/
/\*\*/
/\*\*/
/\*]]>\*/

RNS Number : 7005S

Inchcape PLC

01 September 2026

|  |  |  |  |  |  |  |
| --- | --- | --- | --- | --- | --- | --- |
|  |  |  |  |  |  |  |
| Inchcape plc | | | | | | |
| Share Buyback Programme - Transactions in Own Securities | | | | | | |
|  | | | | | |  |
| The Company announces that, during the period from 24 August 2026 to 28 August 2026 (both inclusive) it has, purchased a total of 351,822 of its ordinary shares of £0.10 each (the ""ordinary shares""), through UBS AG London Branch (""UBS"") as detailed below: | | | | | | |
|  |  |  |  |  |  |  |
| Ordinary Shares | |  |  |  |  |  |
|  |  |  |  |  |  |  |
| Date of purchase: | | 24 August 2026 | 25 August 2026 | 26 August 2026 | 27 August 2026 | 28 August 2026 |
| Number of ordinary shares purchased: | | 41,857 | 155,867 | 41,975 | 40,787 | 71,336 |
| Highest price paid per share (pence per share): | | 825.00 | 827.50 | 836.00 | 842.00 | 847.00 |
| Lowest price paid per share (pence per share): | | 822.50 | 823.00 | 826.00 | 834.00 | 839.00 |
| Volume weighted average price paid per share (pence per share): | | 824.11 | 825.76 | 829.46 | 838.45 | 842.45 |
|  |  |  |  |  |  |  |
|  |  |  |  |  |  |  |
| The Company intends to cancel the purchased shares and does not intend to hold any of the purchased shares in treasury. | | | | | | |
|  |  |  |  |  |  |  |
| The purchases form part of the Company's share buyback programme announced on 3 March 2026. | | | | | |  |
|  |  |  |  |  |  |  |
| Following settlement of the above purchases and cancellation of the purchased ordinary shares, the Company's total number of ordinary shares in issue shall be 346,029,971 ordinary shares. | | | | | | |
|  |  |  |  |  |  |  |
| Since 3 March 2026, the Company has purchased 12,178,265 shares at a cost of £98,354,600.46. | | | | | |  |
|  |  |  |  |  |  |  |
| The detailed breakdown of individual trades made by UBS on behalf of the Company as part of the share buyback programme is set out below. | | | | | | |
|  |  |  |  |  |  |  |
| This announcement does not constitute, or form part of, an offer or any solicitation of an offer for securities in any jurisdiction. | | | | | |  |
|  |  |  |  |  |  |  |
| LEI number of Inchcape plc: 213800RGEH1MPPNM2T57 | | | | | |  |
|  |  |  |  |  |  |  |
| Schedule of Purchases | |  |  |  |  |  |
|  |  |  |  |  |  |  |
| Aggregate information: | |  |  |  |  |  |
|  |  |  |  |  |  |  |
|  |  |  |  |  |  |  |
| Date | Aggregate volume | Weighted average price (pence per share) | Trading Venue |  |  |  |
| 24 August 2026 | 26,291 | 824.02 | LSE |  |  |  |
| 24 August 2026 | 7,184 | 824.28 | CHIX |  |  |  |
| 24 August 2026 | 3,721 | 824.02 | BATE |  |  |  |
| 24 August 2026 | 2,792 | 824.26 | Aquis |  |  |  |
| 24 August 2026 | 1,869 | 824.81 | Turquoise |  |  |  |
| 25 August 2026 | 93,385 | 825.73 | LSE |  |  |  |
| 25 August 2026 | 37,455 | 825.92 | CHIX |  |  |  |
| 25 August 2026 | 12,707 | 825.91 | BATE |  |  |  |
| 25 August 2026 | 3,838 | 825.49 | Aquis |  |  |  |
| 25 August 2026 | 8,482 | 825.22 | Turquoise |  |  |  |
| 26 August 2026 | 27,238 | 829.15 | LSE |  |  |  |
| 26 August 2026 | 6,968 | 830.39 | CHIX |  |  |  |
| 26 August 2026 | 4,191 | 829.64 | BATE |  |  |  |
| 26 August 2026 | 1,315 | 830.72 | Aquis |  |  |  |
| 26 August 2026 | 2,263 | 829.32 | Turquoise |  |  |  |
| 27 August 2026 | 26,309 | 838.43 | LSE |  |  |  |
| 27 August 2026 | 5,737 | 838.26 | CHIX |  |  |  |
| 27 August 2026 | 5,535 | 839.10 | BATE |  |  |  |
| 27 August 2026 | 1,026 | 838.13 | Aquis |  |  |  |
| 27 August 2026 | 2,180 | 837.66 | Turquoise |  |  |  |
| 28 August 2026 | 40,420 | 842.79 | LSE |  |  |  |
| 28 August 2026 | 13,370 | 842.31 | CHIX |  |  |  |
| 28 August 2026 | 9,760 | 841.94 | BATE |  |  |  |
| 28 August 2026 | 3,251 | 841.76 | Aquis |  |  |  |
| 28 August 2026 | 4,535 | 841.49 | Turquoise |  |  |  |
|  |  |  |  |  |  |  |
| Transaction Details: | |  |  |  |  |  |
|  |  |  |  |  |  |  |
| Issuer name: | | Inchcape plc | |  |  |  |
| ISIN: | | GB00B61TVQ02 | |  |  |  |
| Intermediary name: | | UBS AG London Branch | |  |  |  |
| Intermediary code: | | UBSWGB24 | |  |  |  |
| Time zone: | | UKT | |  |  |  |
| Currency: | | GBP | |  |  |  |
|  |  |  |  |  |  |  |
| Individual Transactions: | |  |  |  |  |  |
|  |  |  |  |  |  |  |
| Please see attached PDF for full list of transactions. | | | |  |  |  |
|  |  |  |  |  |  |  |
| <http://www.rns-pdf.londonstockexchange.com/rns/7005S_1-2026-8-28.pdf> | | | | | | |

This information is provided by RNS, the news service of the London Stock Exchange. RNS is approved by the Financial Conduct Authority to act as a Primary Information Provider in the United Kingdom. Terms and conditions relating to the use and distribution of this information may apply. For further information, please contact [rns@lseg.com](mailto:rns@lseg.com) or visit [www.rns.com](http://www.rns.com/).  
  
RNS may use your IP address to confirm compliance with the terms and conditions, to analyse how you engage with the information contained in this communication, and to share such analysis on an anonymised basis with others as part of our commercial services. For further information about how RNS and the London Stock Exchange use the personal data you provide us, please see our [Privacy Policy](https://www.lseg.com/privacy-and-cookie-policy).

END

POSKZGZRVRFGVZM",404010,Retailers 
17763024,2026-09-01 06:00:12,Transaction in Own Shares and Total Voting Rights,Warpaint London PLC,W7L,POS,RNS,7014S,https://www.londonstockexchange.com/news-article/W7L/transaction-in-own-shares-and-total-voting-rights/17763024,"/\*<![CDATA[\*/
/\*\*/
/\*\*/
/\*\*/
h1{margin-top:18.0pt;margin-right:0cm;margin-bottom:4.0pt;margin-left:0cm;line-height:107%;font-size:20.0pt;font-family:""Aptos Display"",""sans-serif"";color:#0F4761;font-weight:normal;}h2{margin-top:8.0pt;margin-right:0cm;margin-bottom:4.0pt;margin-left:0cm;line-height:107%;font-size:16.0pt;font-family:""Aptos Display"",""sans-serif"";color:#0F4761;font-weight:normal;}h3{margin-top:8.0pt;margin-right:0cm;margin-bottom:4.0pt;margin-left:0cm;line-height:107%;font-size:14.0pt;font-family:""Aptos"",""sans-serif"";color:#0F4761;font-weight:normal;}h4{margin-top:4.0pt;margin-right:0cm;margin-bottom:2.0pt;margin-left:0cm;line-height:107%;font-size:11.0pt;font-family:""Aptos"",""sans-serif"";color:#0F4761;font-weight:normal;font-style:italic;}h5{margin-top:4.0pt;margin-right:0cm;margin-bottom:2.0pt;margin-left:0cm;line-height:107%;font-size:11.0pt;font-family:""Aptos"",""sans-serif"";color:#0F4761;font-weight:normal;}h6{margin-top:2.0pt;margin-right:0cm;margin-bottom:0cm;margin-left:0cm;margin-bottom:.0001pt;line-height:107%;font-size:11.0pt;font-family:""Aptos"",""sans-serif"";color:#595959;font-weight:normal;font-style:italic;}ol{margin-bottom:0cm;}ul{margin-bottom:0cm;}link{ color: blue }visited{ color: #96607D }
.ay{size:595.3pt 841.9pt;margin:72.0pt 72.0pt 72.0pt 72.0pt;}div.ay{}p.cn{margin-top:0cm;margin-right:0cm;margin-bottom:8.0pt;margin-left:0cm;line-height:106%;font-size:11.0pt;font-family:""Aptos"",""sans-serif"";margin-bottom:6.0pt}span.cl{font-family:""Calibri"",""sans-serif""}p.co{margin-top:0cm;margin-right:0cm;margin-bottom:8.0pt;margin-left:0cm;line-height:106%;font-size:11.0pt;font-family:""Aptos"",""sans-serif"";margin-bottom:0cm;margin-bottom:.0001pt; text-align:center;line-height:normal}span.cj{font-family: ""Calibri"",""sans-serif""}span.ch{font-family: ""Calibri"",""sans-serif"";color:#16202C}span.cg{font-family:""Calibri"",""sans-serif""; color:#16202C}p.cp{margin-top:0cm;margin-right:0cm;margin-bottom:8.0pt;margin-left:0cm;line-height:106%;font-size:11.0pt;font-family:""Aptos"",""sans-serif"";margin-bottom:0cm;margin-bottom:.0001pt;text-align: justify;line-height:normal}table.cq{margin-left:-3.0pt;border-collapse:collapse;border:none}
td.ce{width:57.55pt;border:solid windowtext 1.0pt;padding:3.0pt 3.0pt 3.0pt 3.0pt}td.cd{width:104.1pt;border:solid windowtext 1.0pt;border-left: none;padding:3.0pt 3.0pt 3.0pt 3.0pt}td.cc{border:solid windowtext 1.0pt;border-left:none;padding:0cm 0cm 0cm 0cm}td.cb{width:57.55pt;border:solid windowtext 1.0pt; border-top:none;padding:3.0pt 3.0pt 3.0pt 3.0pt}td.ca{width:104.1pt;border-top:none;border-left: none;border-bottom:solid windowtext 1.0pt;border-right:solid windowtext 1.0pt; padding:3.0pt 3.0pt 3.0pt 3.0pt}td.bz{border-top:none;border-left:none;border-bottom:solid windowtext 1.0pt; border-right:solid windowtext 1.0pt;padding:0cm 0cm 0cm 0cm}p.cr{margin-top:0cm;margin-right:0cm;margin-bottom:8.0pt;margin-left:0cm;line-height:106%;font-size:11.0pt;font-family:""Aptos"",""sans-serif"";text-align:justify;line-height:normal}span.bx{font-family:""Calibri"",""sans-serif"";color:#16202C}table.cs{width:451.3pt;border-collapse:collapse;border:none}tr.bs{height:3.0pt}
td.bv{width:25.08%;border:solid windowtext 1.0pt;padding: 0cm 0cm 0cm 0cm;height:3.0pt}td.bu{width:25.1%;border:solid windowtext 1.0pt;border-left: none;padding:0cm 0cm 0cm 0cm;height:3.0pt}td.bt{width:16.6%;border:solid windowtext 1.0pt;border-left: none;padding:0cm 0cm 0cm 0cm;height:3.0pt}tr.bo{height:6.35pt}td.br{width:25.08%;border:solid windowtext 1.0pt; border-top:none;padding:0cm 0cm 0cm 0cm;height:6.35pt}td.bq{width:25.1%;border-top:none;border-left: none;border-bottom:solid windowtext 1.0pt;border-right:solid windowtext 1.0pt; padding:0cm 0cm 0cm 0cm;height:6.35pt}td.bp{width:16.6%;border-top:none;border-left: none;border-bottom:solid windowtext 1.0pt;border-right:solid windowtext 1.0pt; padding:0cm 0cm 0cm 0cm;height:6.35pt}p.ct{margin-top:0cm;margin-right:0cm;margin-bottom:8.0pt;margin-left:0cm;line-height:106%;font-size:11.0pt;font-family:""Aptos"",""sans-serif"";text-align:justify}span.bm{font-family:""Calibri"",""sans-serif"";color:black}table.cu{width:435.8pt;margin-left:-12.5pt;border-collapse:collapse}
tr.bf{height:25.55pt}td.bh{width:306.2pt;padding:0cm 5.4pt 0cm 5.4pt; height:25.55pt}p.cv{margin-top:0cm;margin-right:0cm;margin-bottom:8.0pt;margin-left:0cm;line-height:106%;font-size:11.0pt;font-family:""Aptos"",""sans-serif"";margin-bottom:8.9pt;text-indent:7.1pt}p.cw{margin-top:0cm;margin-right:0cm;margin-bottom:8.0pt;margin-left:0cm;line-height:106%;font-size:11.0pt;font-family:""Aptos"",""sans-serif"";text-indent:7.1pt}p.cx{margin-top:0cm;margin-right:0cm;margin-bottom:8.0pt;margin-left:0cm;line-height:106%;font-size:11.0pt;font-family:""Aptos"",""sans-serif"";margin-bottom:10.0pt;text-indent:7.1pt}td.bg{width:108.0pt;padding:0cm 5.4pt 0cm 5.4pt; height:25.55pt}p.cy{margin-top:0cm;margin-right:0cm;margin-bottom:8.0pt;margin-left:0cm;line-height:106%;font-size:11.0pt;font-family:""Aptos"",""sans-serif"";text-align:justify;text-indent:7.1pt}p.cz{margin-top:0cm;margin-right:0cm;margin-bottom:8.0pt;margin-left:0cm;line-height:106%;font-size:11.0pt;font-family:""Aptos"",""sans-serif"";margin-bottom:10.0pt;text-align:justify;text-indent: 7.1pt}p.da{margin-top:0cm;margin-right:0cm;margin-bottom:8.0pt;margin-left:0cm;line-height:106%;font-size:11.0pt;font-family:""Aptos"",""sans-serif"";margin-bottom:10.0pt;text-indent:8.6pt}span.bb{font-family:""Calibri"",""sans-serif""; color:black}
p.db{margin-top:0cm;margin-right:0cm;margin-bottom:8.0pt;margin-left:0cm;line-height:106%;font-size:11.0pt;font-family:""Aptos"",""sans-serif"";text-align:justify;vertical-align:top}p.a,li.a,div.a{margin-top:0cm;margin-right:0cm;margin-bottom:8.0pt;margin-left:0cm;line-height:106%;font-size:11.0pt;font-family:""Aptos"",""sans-serif"";} .fr-view-element{font-family: sans-serif;font-size: 12pt;line-height: 140%;padding: 20px;box-sizing: border-box;overflow-x: auto;min-height: 60px;text-align: left;margin-bottom: 10px;width: 837px;} .fr-view-element img{padding: 0 1px;} .fr-view-element .ay{margin: 63.8pt 1.6cm 62.35pt 1.6cm;} .fr-view-element p{font-size: 10pt;}
/\*\*/
/\*\*/
/\*\*/
/\*]]>\*/

RNS Number : 7014S

Warpaint London PLC

01 September 2026

1 September 2026

 

Warpaint London PLC

(""Warpaint"", the ""Company"" or the ""Group"")

 

Transaction in Own Shares

and

Total Voting Rights

 

Further to its announcement on 27 July of the commencement of a share buyback programme (the ""Programme""), Warpaint announces that it has purchased, through Shore Capital Stockbrokers Limited, the following ordinary shares of 25 pence each in the Company (""Ordinary Shares""). The Ordinary Shares purchased will be transferred into treasury.

 

|  |  |  |  |  |
| --- | --- | --- | --- | --- |
| Date of purchase: | Number of Ordinary Shares purchased (aggregated volume): | Highest price paid per Ordinary Share (pence): | Lowest price paid per Ordinary Share (pence): | Volume weighted average price paid per share Ordinary Share (pence): |
| 24 Aug 2026 | 26,000 | 215.250 | 215.100 | 215.180 |
| 25 Aug 2026 | 50,946 | 214.450 | 210.600 | 212.610 |
| 26 Aug 2026 | 43,500 | 212.500 | 212.375 | 212.432 |
| 27 Aug 2026 | 37,200 | 212.650 | 212.100 | 212.390 |
| 28 Aug 2026 | 19,000 | 213.300 | 213.300 | 213.300 |

 

Following the purchases, the Company's issued share capital will consist of 80,787,321 Ordinary Shares. The Company hold 888,461 Ordinary Shares in treasury. The total number of voting rights in the Company is therefore 79,898,860. This figure represents the total voting rights in the Company and may be used by shareholders as the denominator for the calculations by which they will determine if they are required to notify their interest in, or a change to their interest in the Company, under the Disclosure Guidance and Transparency Rules of the FCA.

In accordance with Article 5(1)(b) of the Market Abuse Regulation (EU) No 596/2014 as it forms part of UK law, a full breakdown of the individual trades made by Shore Capital Stockbrokers Limited on behalf of the Company as part of the Programme is detailed below:

 

|  |  |  |  |  |
| --- | --- | --- | --- | --- |
| Date of purchase: | Number of Ordinary Shares purchased | Transaction price  (pence per share) | Time of transaction | Venue |
| 24 Aug 2026 | 9,000 | 215.250 | 10:15 | AIMX |
| 24 Aug 2026 | 5,000 | 215.250 | 12:41 | AIMX |
| 24 Aug 2026 | 7,500 | 215.100 | 15:21 | AIMX |
| 24 Aug 2026 | 4,500 | 215.100 | 16:29 | AIMX |
| 25 Aug 2026 | 12,000 | 214.450 | 09:36 | AIMX |
| 25 Aug 2026 | 10,000 | 214.450 | 11:00 | AIMX |
| 25 Aug 2026 | 15,000 | 211.650 | 13:34 | AIMX |
| 25 Aug 2026 | 13,446 | 210.600 | 14:53 | AIMX |
| 26 Aug 2026 | 10,000 | 212.500 | 10:32 | AIMX |
| 26 Aug 2026 | 10,000 | 212.500 | 12:35 | AIMX |
| 26 Aug 2026 | 17,500 | 212.375 | 15:38 | AIMX |
| 26 Aug 2026 | 6,000 | 212.375 | 16:26 | AIMX |
| 27 Aug 2026 | 14,000 | 212.100 | 10:42 | AIMX |
| 27 Aug 2026 | 10,000 | 212.650 | 15:13 | AIMX |
| 27 Aug 2026 | 13,200 | 212.500 | 16:29 | AIMX |
| 28 Aug 2026 | 6,500 | 213.300 | 10:24 | AIMX |
| 28 Aug 2026 | 7,500 | 213.300 | 12:09 | AIMX |
| 28 Aug 2026 | 5,000 | 213.300 | 15:35 | AIMX |

 

Enquiries:

|  |  |
| --- | --- |
| Warpaint  Sam Bazini - Chief Executive Officer  Eoin Macleod - Managing Director  Neil Rodol - Chief Financial Officer | c/o IFC |
| Shore Capital (Nominated Adviser & Joint Broker)  Patrick Castle, Daniel Bush, Lucy Bowden - Corporate Advisory  Fiona Conroy - Corporate Broking | 020 7408 4090 |
| Berenberg (Joint Broker)  Clayton Bush, Alix Mecklenburg-Solodkoff, Alex Wright | 020 3207 7800 |
| IFC Advisory (Financial PR & IR)  Tim Metcalfe, Graham Herring, Florence Staton | 020 3934 6632 |

 

Warpaint London PLC

Warpaint is a specialist supplier of high-quality colour cosmetics and personal care brands at an affordable price, sold under the W7, Technic, Skin & Tan, Super Facialist, Dirty Works and Fish Soho brands. Its brands are sold primarily to major retailers, retail chains and supermarkets, with a growing direct online business. Additionally, in February 2026, Warpaint acquired the Barry M colour cosmetic brand.

This information is provided by RNS, the news service of the London Stock Exchange. RNS is approved by the Financial Conduct Authority to act as a Primary Information Provider in the United Kingdom. Terms and conditions relating to the use and distribution of this information may apply. For further information, please contact [rns@lseg.com](mailto:rns@lseg.com) or visit [www.rns.com](http://www.rns.com/).  
  
RNS may use your IP address to confirm compliance with the terms and conditions, to analyse how you engage with the information contained in this communication, and to share such analysis on an anonymised basis with others as part of our commercial services. For further information about how RNS and the London Stock Exchange use the personal data you provide us, please see our [Privacy Policy](https://www.lseg.com/privacy-and-cookie-policy).

END

POSPPURARUPQGQR",402040,Personal Goods
17763036,2026-09-01 06:00:12,Transaction in Own Shares,Shoe Zone PLC,SHOE,POS,RNS,7048S,https://www.londonstockexchange.com/news-article/SHOE/transaction-in-own-shares/17763036,"/\*<![CDATA[\*/
/\*\*/
/\*\*/
/\*\*/
h1{margin-top:18.0pt;margin-right:0cm;margin-bottom:4.0pt;margin-left:0cm;line-height:115%;font-size:20.0pt;font-family:""Aptos Display"",""sans-serif"";color:#0F4761;font-weight:normal;}h2{margin-top:8.0pt;margin-right:0cm;margin-bottom:4.0pt;margin-left:0cm;line-height:115%;font-size:16.0pt;font-family:""Aptos Display"",""sans-serif"";color:#0F4761;font-weight:normal;}h3{margin-top:8.0pt;margin-right:0cm;margin-bottom:4.0pt;margin-left:0cm;line-height:115%;font-size:14.0pt;font-family:""Aptos"",""sans-serif"";color:#0F4761;font-weight:normal;}h4{margin-top:4.0pt;margin-right:0cm;margin-bottom:2.0pt;margin-left:0cm;line-height:115%;font-size:12.0pt;font-family:""Aptos"",""sans-serif"";color:#0F4761;font-weight:normal;font-style:italic;}h5{margin-top:4.0pt;margin-right:0cm;margin-bottom:2.0pt;margin-left:0cm;line-height:115%;font-size:12.0pt;font-family:""Aptos"",""sans-serif"";color:#0F4761;font-weight:normal;}h6{margin-top:2.0pt;margin-right:0cm;margin-bottom:0cm;margin-left:0cm;margin-bottom:.0001pt;line-height:115%;font-size:12.0pt;font-family:""Aptos"",""sans-serif"";color:#595959;font-weight:normal;font-style:italic;}
.ai{size:595.3pt 841.9pt;margin:72.0pt 72.0pt 72.0pt 72.0pt;}div.ai{}table.cm{border-collapse:collapse}tr.cf{height:14.25pt}td.ck{width:45.0%;padding:0cm 0cm 0cm 0cm; height:14.25pt}p.a,li.a,div.a{margin-top:0cm;margin-right:0cm;margin-bottom:8.0pt;margin-left:0cm;line-height:115%;font-size:12.0pt;font-family:""Aptos"",""sans-serif"";}td.ci{width:19.76%;padding:0cm 0cm 0cm 0cm; height:14.25pt}span.cj{font-size:10.0pt;line-height:115%}td.ch{width:22.86%;padding:0cm 0cm 0cm 0cm; height:14.25pt}td.cg{width:12.38%;padding:0cm 0cm 0cm 0cm; height:14.25pt}
span.ce{font-size:10.0pt;line-height:115%; font-family:""Arial"",""sans-serif"";color:black}td.cb{width:100.0%; padding:0cm 0cm 0cm 0cm;height:14.25pt}p.cn{margin-top:0cm;margin-right:0cm;margin-bottom:8.0pt;margin-left:0cm;line-height:115%;font-size:12.0pt;font-family:""Aptos"",""sans-serif"";text-align:center}span.cd{font-size:10.0pt;line-height:115%;font-family:""Arial"",""sans-serif""; color:black}tr.by{height:51.6pt}td.bz{width:100.0%;padding:0cm 0cm 0cm 0cm; height:51.6pt}p.co{margin-top:0cm;margin-right:0cm;margin-bottom:8.0pt;margin-left:0cm;line-height:115%;font-size:12.0pt;font-family:""Aptos"",""sans-serif"";text-align:justify}td.bx{width:35.24%; padding:0cm 0cm 0cm 0cm;height:14.25pt}td.bw{width:64.76%; padding:0cm 0cm 0cm 0cm;height:14.25pt}span.bv{font-size:10.0pt;line-height: 115%;font-family:""Arial"",""sans-serif"";color:black}
tr.bt{height:76.5pt}td.bu{width:100.0%;padding:0cm 0cm 0cm 0cm; height:76.5pt}tr.br{height:29.25pt}td.bs{width:100.0%;padding:0cm 0cm 0cm 0cm; height:29.25pt}tr.bp{height:41.25pt}td.bq{width:100.0%;padding:0cm 0cm 0cm 0cm; height:41.25pt}td.bo{width:55.0%;padding: 0cm 0cm 0cm 0cm;height:14.25pt}td.bn{width:42.62%;padding:0cm 0cm 0cm 0cm; height:14.25pt}tr.bi{height:42.0pt}td.bm{width:45.0%;padding:0cm 0cm 0cm 0cm; height:42.0pt}
td.bl{width:19.76%;padding:0cm 0cm 0cm 0cm; height:42.0pt}td.bk{width:22.86%;padding:0cm 0cm 0cm 0cm; height:42.0pt}td.bj{width:12.38%;padding:0cm 0cm 0cm 0cm; height:42.0pt}tr.bd{height:15.0pt}td.bh{width:45.0%;padding:0cm 0cm 0cm 0cm; height:15.0pt}td.bg{width:19.76%;padding:0cm 0cm 0cm 0cm; height:15.0pt}td.bf{width:22.86%;padding:0cm 0cm 0cm 0cm; height:15.0pt}td.be{width:12.38%;padding:0cm 0cm 0cm 0cm; height:15.0pt}td.bc{width:45.0%;padding:0cm 0cm 0cm 0cm;height: 15.0pt}td.bb{width:64.76%; padding:0cm 0cm 0cm 0cm;height:15.0pt}
td.az{width:35.24%;padding:0cm 0cm 0cm 0cm; height:15.0pt}p.cp{margin-top:0cm;margin-right:0cm;margin-bottom:8.0pt;margin-left:0cm;line-height:115%;font-size:12.0pt;font-family:""Aptos"",""sans-serif"";text-align:right}tr.aw{height:42.95pt}td.ay{width:64.76%;padding:0cm 0cm 0cm 0cm; height:42.95pt}td.ax{width:35.24%;padding:0cm 0cm 0cm 0cm; height:42.95pt}td.av{width:45.0%;padding:0cm 0cm 0cm 0cm;height: 14.25pt}td.au{width:64.76%;padding:0cm 0cm 0cm 0cm; height:14.25pt}td.at{width:35.24%;padding:0cm 0cm 0cm 0cm; height:14.25pt}td.ar{width:45.0%;padding:0cm 0cm 0cm 0cm; height:14.25pt}span.as{font-size:10.0pt;line-height:115%; font-family:""Calibri"",""sans-serif"";color:#212721}
td.ap{width:19.76%; padding:0cm 0cm 0cm 0cm;height:14.25pt}span.aq{font-size:11.0pt;line-height:115%; font-family:""Arial"",""sans-serif"";color:black}span.ao{font-size:10.0pt;line-height: 115%;font-family:""Calibri"",""sans-serif"";color:#212721}tr.al{height:156.6pt}td.am{width:100.0%;padding:0cm 0cm 0cm 0cm; height:156.6pt}span.an{font-size:10.0pt;line-height:115%; font-family:""Calibri"",""sans-serif"";color:black}td.ak{width:45.0%;padding:0cm 0cm 0cm 0cm;height:14.25pt} .fr-view-element{font-family: sans-serif;font-size: 12pt;line-height: 140%;padding: 20px;box-sizing: border-box;overflow-x: auto;min-height: 60px;text-align: left;margin-bottom: 10px;width: 837px;} .fr-view-element img{padding: 0 1px;} .fr-view-element .ai{margin: 63.8pt 1.6cm 62.35pt 1.6cm;} .fr-view-element p{font-size: 10pt;}
/\*\*/
/\*\*/
/\*\*/
/\*]]>\*/

RNS Number : 7048S

Shoe Zone PLC

01 September 2026

|  |  |  |  |
| --- | --- | --- | --- |
|  |  |  |  |
| 1 September 2026 |  |  |  |
| Shoe Zone plc | | | |
|  |  |  |  |
| (""Shoe Zone"" or the ""Company"") | | | |
|  |  |  |  |
| Transaction in Own Shares | | | |
|  |  |  |  |
|  |  |  |  |
| Shoe Zone plc (AIM: SHOE) announces that on 28 August 2026 it purchased 100,500 ordinary shares of £0.01 each in the Company (the ""Repurchased Shares""), pursuant to the share buyback programme (the ""Buyback Programme"") that was announced on 11 August 2026, as follows (together the ""Transaction""): | | | |
|  |  |  |  |
| Date of purchase |  | 28 August 2026 |  |
| Number of ordinary shares purchased |  | 100,500 | |
| Highest price paid per ordinary share |  | 73.5 pence |  |
| Lowest price paid per ordinary share | | 73.5 pence |  |
| Volume weighted average price paid per ordinary share | | 73.5 pence |  |
|  |  |  |  |
| Total Voting Rights |  |  |  |
|  |  |  |  |
| Following the Transaction, the issued share capital of the Company remains unchanged at 46,250,000 and the Company now holds 214,058 shares in treasury. The total voting rights in the Company is now 46,035,942 which may be used by shareholders as the denominator for the calculations by which they will determine if they are required to notify their interest in, or a change to their interest in, Shoe Zone under the FCA's Disclosure Guidance and Transparency Rules. | | | |
|  |  |  |  |
| The Company will make further announcements in due course following the completion of any further purchases pursuant to the Buyback Programme. | | | |
|  |  |  |  |
| In accordance with Article 5(1)(b) of the Market Abuse Regulation (EU) No 596/2014 details of the purchase of its own ordinary shares by the Company, which were all executed through the Company's broker, Zeus Capital Limited, are set out below: | | | |
|  |  |  |  |
| Schedule of Purchases: | |  |  |
| Shares purchased: | Shoe Zone plc  (ISIN: GB00BLTVCF91) | | |
| Date of purchases: | 28 August 2026 | |  |
|  |  |  |  |
| Aggregate information: | |  |  |
|  |  |  |  |
| Aggregated Volume | Volume-weighted average price (pence) | Venue |  |
| 100,500 | 73.5000 | London Stock Exchange | |
|  |  |  |  |
| Individual transactions: | |  |  |
|  |  |  |  |
| Volume | Price | Time |  |
|  |  |  |  |
|  |  |  |  |
| Shoe Zone plc | | +44 (0) 116 222 3001 | |
| Charles Smith (Chairman)  Terry Boot (Finance Director) | |  | |
|  |  |  |  |
| Zeus (Nominated Adviser and Broker) | | +44 (0) 20 3829 5000 | |
| James Hornigold, Ed Beddows (Investment Banking) | |  | |
| Dominic King (Corporate Broking) | |  | |
|  |  |  |  |
|  |  |  |  |
| About ShoeZone |  |  |  |
|  |  |  |  |
| Shoezone is a Town Centre, Retail Park and Digital footwear retailer, offering, low price, high quality footwear for the whole family.    Shoezone operates from a portfolio of 253 stores and has approximately 2,050 employees across the UK.    The store portfolio consists of 44 original high street store and 209 larger format stores. The new format stores sell additional brands such as Skechers, Hush Puppies, Rieker and Lilley & Skinner.    shoezone.com combined with the store network, ensures a full multi-channel offering for great customer service.    During an average year Shoe Zone sells 13.3 million pairs of shoes per annum at an average retail price of c.£13.00. | | | |

This information is provided by RNS, the news service of the London Stock Exchange. RNS is approved by the Financial Conduct Authority to act as a Primary Information Provider in the United Kingdom. Terms and conditions relating to the use and distribution of this information may apply. For further information, please contact [rns@lseg.com](mailto:rns@lseg.com) or visit [www.rns.com](http://www.rns.com/).  
  
RNS may use your IP address to confirm compliance with the terms and conditions, to analyse how you engage with the information contained in this communication, and to share such analysis on an anonymised basis with others as part of our commercial services. For further information about how RNS and the London Stock Exchange use the personal data you provide us, please see our [Privacy Policy](https://www.lseg.com/privacy-and-cookie-policy).

END

POSPPUWGRUPQGBR",404010,Retailers 
17763043,2026-09-01 06:00:12,Transaction in Own Shares,Pets At Home Group Plc,PETS,POS,RNS,7083S,https://www.londonstockexchange.com/news-article/PETS/transaction-in-own-shares/17763043,"/\*<![CDATA[\*/
/\*\*/
/\*\*/
/\*\*/
link{ color: #0563C1 }visited{ color: #954F72 }
.ae{size:595.3pt 841.9pt;margin:72.0pt 72.0pt 72.0pt 72.0pt;}div.ae{}p.bp{margin-top:0cm;margin-right:0cm;margin-bottom:8.0pt;margin-left:0cm;line-height:107%;font-size:11.0pt;font-family:""Calibri"",""sans-serif"";text-align:right;line-height:normal}p.bq{margin-top:0cm;margin-right:0cm;margin-bottom:8.0pt;margin-left:0cm;line-height:107%;font-size:11.0pt;font-family:""Calibri"",""sans-serif"";line-height:normal}p.br{margin-top:0cm;margin-right:0cm;margin-bottom:8.0pt;margin-left:0cm;line-height:107%;font-size:11.0pt;font-family:""Calibri"",""sans-serif"";text-align:center;line-height:normal}p.bs{margin-top:0cm;margin-right:0cm;margin-bottom:8.0pt;margin-left:0cm;line-height:107%;font-size:11.0pt;font-family:""Calibri"",""sans-serif"";text-align:justify;line-height:normal}p.bt{margin-top:0cm;margin-right:0cm;margin-bottom:8.0pt;margin-left:0cm;line-height:107%;font-size:11.0pt;font-family:""Calibri"",""sans-serif"";margin-bottom:0cm;margin-bottom:.0001pt;text-align: justify;line-height:normal}table.bu{width:451.3pt;margin-left:-5.4pt;border-collapse:collapse;border:none}tr.bc{height:42.75pt}td.bi{width:21.86%;border:solid windowtext 1.0pt; padding:0cm 5.4pt 0cm 5.4pt;height:42.75pt}
td.bg{width:23.06%;border:solid windowtext 1.0pt; border-left:none;padding:0cm 5.4pt 0cm 5.4pt;height:42.75pt}p.bv{margin-top:0cm;margin-right:0cm;margin-bottom:8.0pt;margin-left:0cm;line-height:107%;font-size:11.0pt;font-family:""Calibri"",""sans-serif"";margin-bottom:0cm;margin-bottom:.0001pt; text-align:right;line-height:normal}td.bf{width:17.8%;border:solid windowtext 1.0pt; border-left:none;padding:0cm 5.4pt 0cm 5.4pt;height:42.75pt}td.be{width:16.72%;border:solid windowtext 1.0pt; border-left:none;padding:0cm 5.4pt 0cm 5.4pt;height:42.75pt}td.bd{width:20.56%;border:solid windowtext 1.0pt; border-left:none;padding:0cm 5.4pt 0cm 5.4pt;height:42.75pt}tr.av{height:14.25pt}td.ba{width:21.86%;border:solid windowtext 1.0pt; border-top:none;padding:0cm 5.4pt 0cm 5.4pt;height:14.25pt}span.bb{font-family: ""Verdana"",""sans-serif"";color:black}td.az{width:23.06%;border-top:none; border-left:none;border-bottom:solid windowtext 1.0pt;border-right:solid windowtext 1.0pt; padding:0cm 5.4pt 0cm 5.4pt;height:14.25pt}td.ay{width:17.8%;border-top:none; border-left:none;border-bottom:solid windowtext 1.0pt;border-right:solid windowtext 1.0pt; padding:0cm 5.4pt 0cm 5.4pt;height:14.25pt}
td.ax{width:16.72%;border-top:none; border-left:none;border-bottom:solid windowtext 1.0pt;border-right:solid windowtext 1.0pt; padding:0cm 5.4pt 0cm 5.4pt;height:14.25pt}td.aw{width:20.56%;border-top:none; border-left:none;border-bottom:solid windowtext 1.0pt;border-right:solid windowtext 1.0pt; padding:0cm 5.4pt 0cm 5.4pt;height:14.25pt}p.bw{margin-top:0cm;margin-right:0cm;margin-bottom:8.0pt;margin-left:0cm;line-height:107%;font-size:11.0pt;font-family:""Calibri"",""sans-serif"";text-align:justify}table.bx{margin-left:-5.4pt;border-collapse:collapse;border:none}tr.am{height:24.0pt}td.as{width:135.2pt;border:solid windowtext 1.0pt; padding:0cm 5.4pt 0cm 5.4pt;height:24.0pt}td.ar{width:95.2pt;border:solid windowtext 1.0pt; border-left:none;padding:0cm 5.4pt 0cm 5.4pt;height:24.0pt}td.aq{width:109.2pt;border:solid windowtext 1.0pt; border-left:none;padding:0cm 5.4pt 0cm 5.4pt;height:24.0pt}td.ap{width:102.2pt;border:solid windowtext 1.0pt; border-left:none;padding:0cm 5.4pt 0cm 5.4pt;height:24.0pt}td.ao{width:127.2pt;border:solid windowtext 1.0pt; border-left:none;padding:0cm 5.4pt 0cm 5.4pt;height:24.0pt}
td.an{width:84.2pt;border:solid windowtext 1.0pt; border-left:none;padding:0cm 5.4pt 0cm 5.4pt;height:24.0pt}td.al{width:135.2pt;border:solid windowtext 1.0pt; border-top:none;padding:0cm 5.4pt 0cm 5.4pt;height:14.25pt}td.ak{width:95.2pt;border-top:none; border-left:none;border-bottom:solid windowtext 1.0pt;border-right:solid windowtext 1.0pt; padding:0cm 5.4pt 0cm 5.4pt;height:14.25pt}td.aj{width:109.2pt;border-top:none; border-left:none;border-bottom:solid windowtext 1.0pt;border-right:solid windowtext 1.0pt; padding:0cm 5.4pt 0cm 5.4pt;height:14.25pt}td.ai{width:102.2pt;border-top:none; border-left:none;border-bottom:solid windowtext 1.0pt;border-right:solid windowtext 1.0pt; padding:0cm 5.4pt 0cm 5.4pt;height:14.25pt}td.ah{width:127.2pt;border-top:none; border-left:none;border-bottom:solid windowtext 1.0pt;border-right:solid windowtext 1.0pt; padding:0cm 5.4pt 0cm 5.4pt;height:14.25pt}td.ag{width:84.2pt;border-top:none; border-left:none;border-bottom:solid windowtext 1.0pt;border-right:solid windowtext 1.0pt; padding:0cm 5.4pt 0cm 5.4pt;height:14.25pt} .fr-view-element{font-family: sans-serif;font-size: 12pt;line-height: 140%;padding: 20px;box-sizing: border-box;overflow-x: auto;min-height: 60px;text-align: left;margin-bottom: 10px;width: 837px;} .fr-view-element img{padding: 0 1px;} .fr-view-element .ae{margin: 63.8pt 1.6cm 62.35pt 1.6cm;} .fr-view-element p{font-size: 10pt;}
/\*\*/
/\*\*/
/\*\*/
/\*]]>\*/

RNS Number : 7083S

Pets At Home Group Plc

01 September 2026

1 Sept 2026

Pets at Home Group Plc

Transaction in Own Shares

Pets at Home Group Plc (the ""Company""), announces that, in the period Monday 24 August 2026 to Friday 28 August 2026, it purchased in aggregate 640,278 of its ordinary £0.01 shares (""Ordinary Shares"") through Deutsche Bank AG, London Branch (trading for these purposes as Deutsche Numis) (""Deutsche Numis""), in accordance with the terms of its share buyback programme announced on 24 June 2026 (""Share Buyback Programme"").

 

|  |  |  |  |  |
| --- | --- | --- | --- | --- |
| Date | Aggregate Volume | Lowest price paid (GBp) | Highest price paid (GBp) | Weekly weighted Average Price paid per share (GBp) |
| 24/08/2026 | 150,000 | 212.4 | 214.8 | 213.9155 |
| 25/08/2026 | 120,000 | 214.0 | 217.0 | 216.1977 |
| 26/08/2026 | 120,000 | 215.8 | 219.0 | 217.3165 |
| 27/08/2026 | 150,000 | 213.4 | 217.2 | 214.8419 |
| 28/08/2026 | 100,278 | 212.4 | 214.8 | 214.2410 |

 

The purchased shares will be cancelled. Following the purchase of these shares, the remaining number of Ordinary Shares in issue will be 440,857,855 with no shares held in treasury. Therefore, the total voting rights in the Company will be  440,857,855. This figure for the total number of voting rights may be used by shareholders (and others with notification obligations) as the denominator for the calculations by which they will determine if they are required to notify their interest in, or a change to their interest in, the Company under the FCA's Disclosure Guidance and Transparency Rules.   

In accordance with Article 5(1)(b) of Regulation (EU) No 596/2014 (the Market Abuse Regulation), as it forms part of Retained EU Law as defined in the European Union (Withdrawal) Act 2018, the table below contains detailed information of the individual trades made by Deutsche Numis as part of the Share Buyback Programme.

Individual transactions:

|  |  |  |  |  |  |
| --- | --- | --- | --- | --- | --- |
| Date | Number of shares purchased | Transaction price (GBp) | Time of transaction (UK Time) | Transaction reference number | Trading Venue |
| 24/08/2026 | 2291 | 213.60 | 08:25:20 | 00082422549TRLO0 | XLON |
| 24/08/2026 | 2291 | 213.00 | 08:26:42 | 00082422584TRLO0 | XLON |
| 24/08/2026 | 1996 | 213.00 | 08:26:42 | 00082422585TRLO0 | XLON |
| 24/08/2026 | 2591 | 212.40 | 08:45:09 | 00082422995TRLO0 | XLON |
| 24/08/2026 | 1978 | 213.60 | 08:49:53 | 00082423122TRLO0 | XLON |
| 24/08/2026 | 2046 | 213.60 | 08:53:33 | 00082423183TRLO0 | XLON |
| 24/08/2026 | 2162 | 213.40 | 08:54:50 | 00082423226TRLO0 | XLON |
| 24/08/2026 | 2419 | 213.00 | 09:00:01 | 00082423334TRLO0 | XLON |
| 24/08/2026 | 2006 | 214.00 | 09:31:02 | 00082424162TRLO0 | XLON |
| 24/08/2026 | 681 | 214.20 | 09:50:50 | 00082424622TRLO0 | XLON |
| 24/08/2026 | 1971 | 214.60 | 10:08:30 | 00082425038TRLO0 | XLON |
| 24/08/2026 | 121 | 214.80 | 11:00:12 | 00082425818TRLO0 | XLON |
| 24/08/2026 | 3708 | 214.80 | 11:39:19 | 00082426395TRLO0 | XLON |
| 24/08/2026 | 3122 | 214.80 | 11:39:19 | 00082426396TRLO0 | XLON |
| 24/08/2026 | 2695 | 214.80 | 11:39:19 | 00082426397TRLO0 | XLON |
| 24/08/2026 | 3600 | 214.80 | 11:39:19 | 00082426398TRLO0 | XLON |
| 24/08/2026 | 2247 | 214.80 | 11:39:19 | 00082426399TRLO0 | XLON |
| 24/08/2026 | 2227 | 214.80 | 11:39:19 | 00082426400TRLO0 | XLON |
| 24/08/2026 | 2067 | 214.80 | 11:39:19 | 00082426401TRLO0 | XLON |
| 24/08/2026 | 2131 | 214.80 | 11:39:19 | 00082426402TRLO0 | XLON |
| 24/08/2026 | 4019 | 214.80 | 11:39:19 | 00082426403TRLO0 | XLON |
| 24/08/2026 | 2107 | 214.80 | 12:03:14 | 00082426979TRLO0 | XLON |
| 24/08/2026 | 2144 | 214.60 | 12:12:59 | 00082427128TRLO0 | XLON |
| 24/08/2026 | 2233 | 214.40 | 12:15:10 | 00082427209TRLO0 | XLON |
| 24/08/2026 | 2338 | 214.20 | 12:15:11 | 00082427210TRLO0 | XLON |
| 24/08/2026 | 193 | 214.20 | 12:19:01 | 00082427263TRLO0 | XLON |
| 24/08/2026 | 548 | 214.20 | 12:19:01 | 00082427264TRLO0 | XLON |
| 24/08/2026 | 109 | 214.20 | 12:19:06 | 00082427265TRLO0 | XLON |
| 24/08/2026 | 553 | 214.20 | 12:19:06 | 00082427266TRLO0 | XLON |
| 24/08/2026 | 2205 | 214.80 | 12:39:54 | 00082427610TRLO0 | XLON |
| 24/08/2026 | 2346 | 214.60 | 12:56:02 | 00082427811TRLO0 | XLON |
| 24/08/2026 | 2285 | 214.60 | 12:56:02 | 00082427812TRLO0 | XLON |
| 24/08/2026 | 2307 | 214.60 | 12:56:02 | 00082427813TRLO0 | XLON |
| 24/08/2026 | 3324 | 214.40 | 12:56:09 | 00082427819TRLO0 | XLON |
| 24/08/2026 | 2250 | 214.40 | 13:15:02 | 00082428058TRLO0 | XLON |
| 24/08/2026 | 3229 | 214.40 | 13:15:03 | 00082428059TRLO0 | XLON |
| 24/08/2026 | 2603 | 214.40 | 13:15:03 | 00082428060TRLO0 | XLON |
| 24/08/2026 | 2232 | 214.00 | 13:15:05 | 00082428061TRLO0 | XLON |
| 24/08/2026 | 1983 | 214.00 | 13:15:05 | 00082428062TRLO0 | XLON |
| 24/08/2026 | 2200 | 213.80 | 13:27:55 | 00082428285TRLO0 | XLON |
| 24/08/2026 | 193 | 213.60 | 13:32:57 | 00082428443TRLO0 | XLON |
| 24/08/2026 | 2017 | 213.60 | 13:32:57 | 00082428446TRLO0 | XLON |
| 24/08/2026 | 27 | 213.00 | 14:07:31 | 00082429313TRLO0 | XLON |
| 24/08/2026 | 1941 | 213.00 | 14:07:31 | 00082429314TRLO0 | XLON |
| 24/08/2026 | 2358 | 213.00 | 14:07:31 | 00082429315TRLO0 | XLON |
| 24/08/2026 | 406 | 213.00 | 14:17:32 | 00082429681TRLO0 | XLON |
| 24/08/2026 | 143 | 213.00 | 14:20:43 | 00082429711TRLO0 | XLON |
| 24/08/2026 | 407 | 213.00 | 14:20:49 | 00082429715TRLO0 | XLON |
| 24/08/2026 | 1 | 213.00 | 14:21:10 | 00082429717TRLO0 | XLON |
| 24/08/2026 | 93 | 213.00 | 14:21:23 | 00082429720TRLO0 | XLON |
| 24/08/2026 | 847 | 213.00 | 14:21:41 | 00082429723TRLO0 | XLON |
| 24/08/2026 | 1927 | 213.00 | 14:21:41 | 00082429724TRLO0 | XLON |
| 24/08/2026 | 2270 | 213.20 | 14:31:27 | 00082429988TRLO0 | XLON |
| 24/08/2026 | 2144 | 213.00 | 14:32:38 | 00082430022TRLO0 | XLON |
| 24/08/2026 | 650 | 213.00 | 14:32:38 | 00082430023TRLO0 | XLON |
| 24/08/2026 | 1290 | 213.00 | 14:32:38 | 00082430024TRLO0 | XLON |
| 24/08/2026 | 213 | 213.00 | 14:32:38 | 00082430025TRLO0 | XLON |
| 24/08/2026 | 2032 | 213.60 | 14:42:42 | 00082430511TRLO0 | XLON |
| 24/08/2026 | 2262 | 214.00 | 14:53:03 | 00082431251TRLO0 | XLON |
| 24/08/2026 | 882 | 213.80 | 14:53:04 | 00082431252TRLO0 | XLON |
| 24/08/2026 | 1906 | 213.80 | 14:59:44 | 00082431619TRLO0 | XLON |
| 24/08/2026 | 2185 | 213.80 | 14:59:44 | 00082431620TRLO0 | XLON |
| 24/08/2026 | 2323 | 213.60 | 15:06:24 | 00082431964TRLO0 | XLON |
| 24/08/2026 | 528 | 213.20 | 15:07:07 | 00082432122TRLO0 | XLON |
| 24/08/2026 | 577 | 213.20 | 15:09:44 | 00082432240TRLO0 | XLON |
| 24/08/2026 | 487 | 213.20 | 15:10:07 | 00082432244TRLO0 | XLON |
| 24/08/2026 | 681 | 213.20 | 15:10:07 | 00082432245TRLO0 | XLON |
| 24/08/2026 | 2300 | 213.20 | 15:10:07 | 00082432246TRLO0 | XLON |
| 24/08/2026 | 27 | 213.20 | 15:10:07 | 00082432247TRLO0 | XLON |
| 24/08/2026 | 2355 | 213.40 | 15:29:03 | 00082432942TRLO0 | XLON |
| 24/08/2026 | 609 | 213.40 | 15:34:07 | 00082433161TRLO0 | XLON |
| 24/08/2026 | 447 | 213.40 | 15:34:07 | 00082433162TRLO0 | XLON |
| 24/08/2026 | 406 | 213.40 | 15:34:09 | 00082433164TRLO0 | XLON |
| 24/08/2026 | 13 | 213.40 | 15:38:21 | 00082433317TRLO0 | XLON |
| 24/08/2026 | 13 | 213.40 | 15:39:29 | 00082433346TRLO0 | XLON |
| 24/08/2026 | 13 | 213.40 | 15:40:07 | 00082433357TRLO0 | XLON |
| 24/08/2026 | 13 | 213.40 | 15:41:31 | 00082433376TRLO0 | XLON |
| 24/08/2026 | 2 | 213.40 | 15:41:54 | 00082433393TRLO0 | XLON |
| 24/08/2026 | 3676 | 213.60 | 15:42:57 | 00082433425TRLO0 | XLON |
| 24/08/2026 | 895 | 213.60 | 15:42:57 | 00082433426TRLO0 | XLON |
| 24/08/2026 | 646 | 213.60 | 15:42:57 | 00082433427TRLO0 | XLON |
| 24/08/2026 | 640 | 213.60 | 15:43:10 | 00082433434TRLO0 | XLON |
| 24/08/2026 | 1136 | 213.60 | 15:43:10 | 00082433435TRLO0 | XLON |
| 24/08/2026 | 649 | 213.60 | 15:43:47 | 00082433443TRLO0 | XLON |
| 24/08/2026 | 405 | 213.40 | 15:49:11 | 00082433628TRLO0 | XLON |
| 24/08/2026 | 947 | 213.60 | 16:01:11 | 00082434150TRLO0 | XLON |
| 24/08/2026 | 1131 | 213.60 | 16:01:11 | 00082434151TRLO0 | XLON |
| 24/08/2026 | 584 | 213.60 | 16:01:11 | 00082434152TRLO0 | XLON |
| 24/08/2026 | 208 | 213.60 | 16:01:11 | 00082434153TRLO0 | XLON |
| 24/08/2026 | 250 | 213.60 | 16:01:11 | 00082434154TRLO0 | XLON |
| 24/08/2026 | 106 | 213.60 | 16:01:11 | 00082434155TRLO0 | XLON |
| 24/08/2026 | 947 | 213.60 | 16:01:11 | 00082434156TRLO0 | XLON |
| 24/08/2026 | 2240 | 213.60 | 16:01:11 | 00082434157TRLO0 | XLON |
| 24/08/2026 | 966 | 213.60 | 16:01:11 | 00082434158TRLO0 | XLON |
| 24/08/2026 | 147 | 213.60 | 16:01:11 | 00082434159TRLO0 | XLON |
| 24/08/2026 | 947 | 213.60 | 16:01:11 | 00082434160TRLO0 | XLON |
| 24/08/2026 | 283 | 213.60 | 16:01:11 | 00082434161TRLO0 | XLON |
| 24/08/2026 | 354 | 213.60 | 16:01:11 | 00082434162TRLO0 | XLON |
| 24/08/2026 | 147 | 213.60 | 16:01:11 | 00082434163TRLO0 | XLON |
| 24/08/2026 | 63 | 213.60 | 16:01:11 | 00082434164TRLO0 | XLON |
| 24/08/2026 | 52 | 213.60 | 16:01:11 | 00082434165TRLO0 | XLON |
| 24/08/2026 | 2251 | 213.80 | 16:05:30 | 00082434410TRLO0 | XLON |
| 24/08/2026 | 1975 | 213.60 | 16:05:30 | 00082434412TRLO0 | XLON |
| 24/08/2026 | 447 | 213.40 | 16:15:02 | 00082434982TRLO0 | XLON |
| 24/08/2026 | 428 | 213.60 | 16:15:02 | 00082434983TRLO0 | XLON |
| 24/08/2026 | 2104 | 213.60 | 16:16:02 | 00082435039TRLO0 | XLON |
| 24/08/2026 | 1335 | 213.60 | 16:18:02 | 00082435165TRLO0 | XLON |
| 24/08/2026 | 32 | 213.40 | 16:18:31 | 00082435208TRLO0 | XLON |
| 24/08/2026 | 16 | 213.40 | 16:18:45 | 00082435236TRLO0 | XLON |
| 24/08/2026 | 8 | 213.40 | 16:18:52 | 00082435245TRLO0 | XLON |
| 24/08/2026 | 121 | 213.40 | 16:21:18 | 00082435416TRLO0 | XLON |
| 24/08/2026 | 487 | 213.40 | 16:21:52 | 00082435462TRLO0 | XLON |
| 24/08/2026 | 40 | 213.40 | 16:23:30 | 00082435557TRLO0 | XLON |
| 24/08/2026 | 48 | 213.40 | 16:23:54 | 00082435575TRLO0 | XLON |
| 24/08/2026 | 573 | 213.60 | 16:25:29 | 00082435657TRLO0 | XLON |
| 24/08/2026 | 170 | 213.60 | 16:25:29 | 00082435658TRLO0 | XLON |
| 25/08/2026 | 744 | 214.60 | 08:11:57 | 00082436811TRLO0 | XLON |
| 25/08/2026 | 1175 | 214.60 | 08:11:57 | 00082436810TRLO0 | XLON |
| 25/08/2026 | 867 | 214.00 | 08:13:09 | 00082436834TRLO0 | XLON |
| 25/08/2026 | 1913 | 214.40 | 08:20:04 | 00082437067TRLO0 | XLON |
| 25/08/2026 | 3536 | 215.40 | 08:48:12 | 00082438113TRLO0 | XLON |
| 25/08/2026 | 2246 | 215.40 | 08:48:12 | 00082438114TRLO0 | XLON |
| 25/08/2026 | 2201 | 215.00 | 08:51:49 | 00082438294TRLO0 | XLON |
| 25/08/2026 | 395 | 215.40 | 09:11:50 | 00082439032TRLO0 | XLON |
| 25/08/2026 | 507 | 217.00 | 12:22:34 | 00082444778TRLO0 | XLON |
| 25/08/2026 | 2041 | 217.00 | 12:22:37 | 00082444781TRLO0 | XLON |
| 25/08/2026 | 2152 | 217.00 | 12:22:37 | 00082444782TRLO0 | XLON |
| 25/08/2026 | 1954 | 217.00 | 12:22:37 | 00082444783TRLO0 | XLON |
| 25/08/2026 | 2138 | 217.00 | 12:22:37 | 00082444784TRLO0 | XLON |
| 25/08/2026 | 2174 | 217.00 | 12:22:37 | 00082444785TRLO0 | XLON |
| 25/08/2026 | 2543 | 217.00 | 12:22:37 | 00082444786TRLO0 | XLON |
| 25/08/2026 | 2105 | 217.00 | 12:22:37 | 00082444787TRLO0 | XLON |
| 25/08/2026 | 2303 | 217.00 | 12:22:37 | 00082444788TRLO0 | XLON |
| 25/08/2026 | 2233 | 217.00 | 12:22:37 | 00082444789TRLO0 | XLON |
| 25/08/2026 | 2070 | 217.00 | 12:22:37 | 00082444790TRLO0 | XLON |
| 25/08/2026 | 796 | 217.00 | 12:22:37 | 00082444791TRLO0 | XLON |
| 25/08/2026 | 7113 | 217.00 | 12:22:37 | 00082444792TRLO0 | XLON |
| 25/08/2026 | 2277 | 216.20 | 12:52:38 | 00082445681TRLO0 | XLON |
| 25/08/2026 | 2188 | 216.20 | 13:12:17 | 00082446204TRLO0 | XLON |
| 25/08/2026 | 2045 | 216.20 | 13:12:17 | 00082446207TRLO0 | XLON |
| 25/08/2026 | 655 | 216.20 | 13:12:17 | 00082446210TRLO0 | XLON |
| 25/08/2026 | 945 | 216.20 | 13:12:17 | 00082446211TRLO0 | XLON |
| 25/08/2026 | 573 | 216.20 | 13:12:17 | 00082446212TRLO0 | XLON |
| 25/08/2026 | 2051 | 216.20 | 13:20:15 | 00082446530TRLO0 | XLON |
| 25/08/2026 | 513 | 215.80 | 13:26:18 | 00082446839TRLO0 | XLON |
| 25/08/2026 | 2 | 215.80 | 13:29:05 | 00082446908TRLO0 | XLON |
| 25/08/2026 | 10 | 215.80 | 13:36:39 | 00082447285TRLO0 | XLON |
| 25/08/2026 | 10 | 215.80 | 13:38:10 | 00082447357TRLO0 | XLON |
| 25/08/2026 | 182 | 215.80 | 13:38:26 | 00082447366TRLO0 | XLON |
| 25/08/2026 | 10 | 215.80 | 13:39:49 | 00082447430TRLO0 | XLON |
| 25/08/2026 | 10 | 215.80 | 13:41:49 | 00082447504TRLO0 | XLON |
| 25/08/2026 | 10 | 215.80 | 13:43:24 | 00082447524TRLO0 | XLON |
| 25/08/2026 | 1451 | 215.80 | 13:44:19 | 00082447556TRLO0 | XLON |
| 25/08/2026 | 1190 | 215.60 | 13:46:14 | 00082447635TRLO0 | XLON |
| 25/08/2026 | 864 | 215.60 | 13:48:54 | 00082447865TRLO0 | XLON |
| 25/08/2026 | 868 | 215.60 | 13:53:33 | 00082447972TRLO0 | XLON |
| 25/08/2026 | 930 | 215.60 | 13:57:24 | 00082448056TRLO0 | XLON |
| 25/08/2026 | 2003 | 216.40 | 14:18:48 | 00082448786TRLO0 | XLON |
| 25/08/2026 | 1940 | 216.40 | 14:21:00 | 00082448889TRLO0 | XLON |
| 25/08/2026 | 2094 | 216.40 | 14:26:00 | 00082449123TRLO0 | XLON |
| 25/08/2026 | 2335 | 216.60 | 14:33:02 | 00082449545TRLO0 | XLON |
| 25/08/2026 | 2269 | 216.40 | 14:33:53 | 00082449601TRLO0 | XLON |
| 25/08/2026 | 2233 | 216.20 | 14:33:54 | 00082449603TRLO0 | XLON |
| 25/08/2026 | 1962 | 216.20 | 14:46:44 | 00082450323TRLO0 | XLON |
| 25/08/2026 | 2245 | 216.20 | 14:46:44 | 00082450324TRLO0 | XLON |
| 25/08/2026 | 324 | 216.00 | 14:46:47 | 00082450325TRLO0 | XLON |
| 25/08/2026 | 2018 | 216.00 | 14:49:00 | 00082450436TRLO0 | XLON |
| 25/08/2026 | 25000 | 216.00 | 14:52:35 | 00082450588TRLO0 | XLON |
| 25/08/2026 | 2023 | 215.80 | 14:52:51 | 00082450598TRLO0 | XLON |
| 25/08/2026 | 109 | 215.80 | 14:52:51 | 00082450599TRLO0 | XLON |
| 25/08/2026 | 2328 | 215.80 | 15:07:54 | 00082451361TRLO0 | XLON |
| 25/08/2026 | 2123 | 215.60 | 15:07:54 | 00082451375TRLO0 | XLON |
| 25/08/2026 | 3586 | 216.00 | 15:48:10 | 00082453690TRLO0 | XLON |
| 25/08/2026 | 1179 | 216.20 | 15:51:08 | 00082453851TRLO0 | XLON |
| 25/08/2026 | 1925 | 216.00 | 16:00:16 | 00082454172TRLO0 | XLON |
| 25/08/2026 | 2314 | 217.00 | 16:19:13 | 00082455342TRLO0 | XLON |
| 26/08/2026 | 465 | 217.80 | 08:19:39 | 00082457521TRLO0 | XLON |
| 26/08/2026 | 856 | 218.00 | 08:36:24 | 00082458482TRLO0 | XLON |
| 26/08/2026 | 1091 | 218.00 | 08:36:24 | 00082458483TRLO0 | XLON |
| 26/08/2026 | 2268 | 219.00 | 09:29:10 | 00082460502TRLO0 | XLON |
| 26/08/2026 | 2470 | 219.00 | 09:29:10 | 00082460503TRLO0 | XLON |
| 26/08/2026 | 1835 | 219.00 | 09:29:10 | 00082460504TRLO0 | XLON |
| 26/08/2026 | 39 | 219.00 | 09:29:14 | 00082460507TRLO0 | XLON |
| 26/08/2026 | 340 | 219.00 | 09:54:01 | 00082461063TRLO0 | XLON |
| 26/08/2026 | 1618 | 219.00 | 09:57:02 | 00082461165TRLO0 | XLON |
| 26/08/2026 | 2086 | 218.80 | 10:54:15 | 00082462593TRLO0 | XLON |
| 26/08/2026 | 1973 | 218.80 | 10:55:47 | 00082462643TRLO0 | XLON |
| 26/08/2026 | 1956 | 218.60 | 10:58:56 | 00082462831TRLO0 | XLON |
| 26/08/2026 | 1966 | 218.60 | 11:09:57 | 00082463373TRLO0 | XLON |
| 26/08/2026 | 3245 | 218.60 | 11:09:57 | 00082463374TRLO0 | XLON |
| 26/08/2026 | 1919 | 218.40 | 11:10:36 | 00082463390TRLO0 | XLON |
| 26/08/2026 | 869 | 218.40 | 11:14:16 | 00082463494TRLO0 | XLON |
| 26/08/2026 | 699 | 218.40 | 11:14:16 | 00082463495TRLO0 | XLON |
| 26/08/2026 | 283 | 218.40 | 11:14:16 | 00082463496TRLO0 | XLON |
| 26/08/2026 | 483 | 217.60 | 11:54:22 | 00082464681TRLO0 | XLON |
| 26/08/2026 | 1647 | 217.60 | 11:58:58 | 00082464824TRLO0 | XLON |
| 26/08/2026 | 123 | 218.20 | 12:22:08 | 00082465887TRLO0 | XLON |
| 26/08/2026 | 84 | 218.20 | 12:22:08 | 00082465888TRLO0 | XLON |
| 26/08/2026 | 1927 | 218.20 | 12:22:08 | 00082465889TRLO0 | XLON |
| 26/08/2026 | 26 | 218.20 | 12:45:41 | 00082466496TRLO0 | XLON |
| 26/08/2026 | 13 | 218.20 | 12:51:24 | 00082466632TRLO0 | XLON |
| 26/08/2026 | 13 | 218.20 | 12:53:02 | 00082466689TRLO0 | XLON |
| 26/08/2026 | 1 | 218.20 | 12:53:56 | 00082466721TRLO0 | XLON |
| 26/08/2026 | 13 | 218.20 | 12:55:59 | 00082466788TRLO0 | XLON |
| 26/08/2026 | 274 | 218.20 | 12:56:23 | 00082466795TRLO0 | XLON |
| 26/08/2026 | 1602 | 218.20 | 12:56:23 | 00082466796TRLO0 | XLON |
| 26/08/2026 | 1858 | 218.20 | 12:56:23 | 00082466797TRLO0 | XLON |
| 26/08/2026 | 728 | 218.60 | 13:17:47 | 00082467583TRLO0 | XLON |
| 26/08/2026 | 677 | 218.60 | 13:17:47 | 00082467584TRLO0 | XLON |
| 26/08/2026 | 2689 | 218.40 | 13:20:41 | 00082467651TRLO0 | XLON |
| 26/08/2026 | 942 | 218.40 | 13:24:39 | 00082467760TRLO0 | XLON |
| 26/08/2026 | 22 | 218.40 | 13:24:39 | 00082467761TRLO0 | XLON |
| 26/08/2026 | 193 | 218.40 | 13:24:39 | 00082467762TRLO0 | XLON |
| 26/08/2026 | 282 | 218.40 | 13:24:39 | 00082467763TRLO0 | XLON |
| 26/08/2026 | 521 | 218.40 | 13:24:39 | 00082467764TRLO0 | XLON |
| 26/08/2026 | 158 | 218.00 | 13:29:31 | 00082467919TRLO0 | XLON |
| 26/08/2026 | 2249 | 218.00 | 13:30:09 | 00082467947TRLO0 | XLON |
| 26/08/2026 | 1034 | 217.60 | 13:42:27 | 00082468403TRLO0 | XLON |
| 26/08/2026 | 535 | 217.60 | 13:42:27 | 00082468404TRLO0 | XLON |
| 26/08/2026 | 704 | 217.60 | 13:42:27 | 00082468405TRLO0 | XLON |
| 26/08/2026 | 191 | 217.60 | 13:42:27 | 00082468406TRLO0 | XLON |
| 26/08/2026 | 1267 | 217.60 | 13:42:27 | 00082468407TRLO0 | XLON |
| 26/08/2026 | 929 | 217.60 | 13:42:27 | 00082468408TRLO0 | XLON |
| 26/08/2026 | 482 | 217.60 | 13:42:27 | 00082468409TRLO0 | XLON |
| 26/08/2026 | 206 | 217.60 | 13:42:27 | 00082468410TRLO0 | XLON |
| 26/08/2026 | 2658 | 217.40 | 13:42:36 | 00082468412TRLO0 | XLON |
| 26/08/2026 | 2133 | 216.80 | 13:46:54 | 00082468747TRLO0 | XLON |
| 26/08/2026 | 1089 | 216.80 | 13:56:56 | 00082469164TRLO0 | XLON |
| 26/08/2026 | 864 | 216.80 | 13:56:56 | 00082469165TRLO0 | XLON |
| 26/08/2026 | 1947 | 216.60 | 14:01:33 | 00082469477TRLO0 | XLON |
| 26/08/2026 | 1918 | 216.20 | 14:07:37 | 00082469737TRLO0 | XLON |
| 26/08/2026 | 1922 | 216.00 | 14:24:56 | 00082470348TRLO0 | XLON |
| 26/08/2026 | 1065 | 216.20 | 14:29:42 | 00082470599TRLO0 | XLON |
| 26/08/2026 | 1923 | 216.00 | 14:29:43 | 00082470600TRLO0 | XLON |
| 26/08/2026 | 2008 | 215.80 | 14:36:55 | 00082471702TRLO0 | XLON |
| 26/08/2026 | 2292 | 217.20 | 15:03:11 | 00082474449TRLO0 | XLON |
| 26/08/2026 | 1821 | 217.20 | 15:03:11 | 00082474450TRLO0 | XLON |
| 26/08/2026 | 2021 | 217.20 | 15:03:11 | 00082474451TRLO0 | XLON |
| 26/08/2026 | 1828 | 217.00 | 15:04:11 | 00082474515TRLO0 | XLON |
| 26/08/2026 | 57 | 217.00 | 15:05:32 | 00082474646TRLO0 | XLON |
| 26/08/2026 | 666 | 217.00 | 15:05:32 | 00082474647TRLO0 | XLON |
| 26/08/2026 | 877 | 217.00 | 15:07:18 | 00082474819TRLO0 | XLON |
| 26/08/2026 | 553 | 217.00 | 15:07:18 | 00082474820TRLO0 | XLON |
| 26/08/2026 | 169 | 216.80 | 15:20:18 | 00082476471TRLO0 | XLON |
| 26/08/2026 | 1540 | 216.80 | 15:20:18 | 00082476472TRLO0 | XLON |
| 26/08/2026 | 388 | 216.80 | 15:21:11 | 00082476551TRLO0 | XLON |
| 26/08/2026 | 1709 | 216.60 | 15:23:44 | 00082476754TRLO0 | XLON |
| 26/08/2026 | 1932 | 216.60 | 15:23:44 | 00082476755TRLO0 | XLON |
| 26/08/2026 | 1863 | 216.40 | 15:37:34 | 00082478264TRLO0 | XLON |
| 26/08/2026 | 2084 | 216.40 | 15:37:34 | 00082478265TRLO0 | XLON |
| 26/08/2026 | 1761 | 216.40 | 15:40:01 | 00082478388TRLO0 | XLON |
| 26/08/2026 | 2742 | 216.20 | 15:40:38 | 00082478471TRLO0 | XLON |
| 26/08/2026 | 1056 | 216.20 | 15:41:10 | 00082478511TRLO0 | XLON |
| 26/08/2026 | 942 | 216.20 | 15:41:10 | 00082478512TRLO0 | XLON |
| 26/08/2026 | 97 | 216.20 | 15:41:10 | 00082478513TRLO0 | XLON |
| 26/08/2026 | 4429 | 216.40 | 15:49:18 | 00082478916TRLO0 | XLON |
| 26/08/2026 | 1827 | 216.40 | 15:55:55 | 00082479403TRLO0 | XLON |
| 26/08/2026 | 321 | 216.40 | 15:58:55 | 00082479782TRLO0 | XLON |
| 26/08/2026 | 121 | 216.40 | 15:58:55 | 00082479783TRLO0 | XLON |
| 26/08/2026 | 320 | 216.40 | 15:58:55 | 00082479784TRLO0 | XLON |
| 26/08/2026 | 1209 | 216.40 | 15:58:55 | 00082479785TRLO0 | XLON |
| 26/08/2026 | 1716 | 216.40 | 15:59:55 | 00082479840TRLO0 | XLON |
| 26/08/2026 | 2131 | 216.80 | 16:02:31 | 00082480233TRLO0 | XLON |
| 26/08/2026 | 737 | 217.00 | 16:04:44 | 00082480588TRLO0 | XLON |
| 26/08/2026 | 623 | 217.00 | 16:04:44 | 00082480589TRLO0 | XLON |
| 26/08/2026 | 197 | 217.00 | 16:04:44 | 00082480591TRLO0 | XLON |
| 26/08/2026 | 730 | 217.00 | 16:04:55 | 00082480619TRLO0 | XLON |
| 26/08/2026 | 996 | 217.00 | 16:04:55 | 00082480620TRLO0 | XLON |
| 26/08/2026 | 688 | 217.00 | 16:04:55 | 00082480621TRLO0 | XLON |
| 26/08/2026 | 437 | 217.00 | 16:04:55 | 00082480622TRLO0 | XLON |
| 26/08/2026 | 156 | 217.00 | 16:04:55 | 00082480623TRLO0 | XLON |
| 26/08/2026 | 187 | 217.00 | 16:04:55 | 00082480624TRLO0 | XLON |
| 26/08/2026 | 960 | 217.00 | 16:04:55 | 00082480628TRLO0 | XLON |
| 26/08/2026 | 2064 | 216.80 | 16:07:51 | 00082481175TRLO0 | XLON |
| 26/08/2026 | 980 | 216.80 | 16:07:51 | 00082481176TRLO0 | XLON |
| 26/08/2026 | 452 | 216.80 | 16:08:51 | 00082481266TRLO0 | XLON |
| 26/08/2026 | 980 | 216.80 | 16:08:51 | 00082481267TRLO0 | XLON |
| 26/08/2026 | 435 | 216.80 | 16:08:51 | 00082481268TRLO0 | XLON |
| 26/08/2026 | 417 | 216.60 | 16:12:51 | 00082481920TRLO0 | XLON |
| 26/08/2026 | 1 | 216.60 | 16:12:51 | 00082481921TRLO0 | XLON |
| 26/08/2026 | 780 | 216.60 | 16:12:51 | 00082481922TRLO0 | XLON |
| 26/08/2026 | 320 | 216.60 | 16:12:51 | 00082481923TRLO0 | XLON |
| 26/08/2026 | 1871 | 216.20 | 16:20:15 | 00082483348TRLO0 | XLON |
| 26/08/2026 | 2139 | 216.20 | 16:20:15 | 00082483349TRLO0 | XLON |
| 27/08/2026 | 890 | 216.40 | 08:24:48 | 00082486860TRLO0 | XLON |
| 27/08/2026 | 1068 | 216.40 | 08:25:00 | 00082486864TRLO0 | XLON |
| 27/08/2026 | 270 | 216.00 | 08:25:24 | 00082486868TRLO0 | XLON |
| 27/08/2026 | 1527 | 216.00 | 08:25:24 | 00082486869TRLO0 | XLON |
| 27/08/2026 | 1946 | 216.00 | 08:25:24 | 00082486870TRLO0 | XLON |
| 27/08/2026 | 2059 | 217.20 | 08:49:56 | 00082487635TRLO0 | XLON |
| 27/08/2026 | 1764 | 217.00 | 08:51:00 | 00082487686TRLO0 | XLON |
| 27/08/2026 | 1708 | 216.80 | 08:51:26 | 00082487705TRLO0 | XLON |
| 27/08/2026 | 1891 | 216.60 | 08:51:28 | 00082487707TRLO0 | XLON |
| 27/08/2026 | 2090 | 216.40 | 08:52:00 | 00082487738TRLO0 | XLON |
| 27/08/2026 | 2082 | 216.00 | 08:56:00 | 00082487935TRLO0 | XLON |
| 27/08/2026 | 382 | 216.20 | 08:56:00 | 00082487936TRLO0 | XLON |
| 27/08/2026 | 114 | 216.20 | 08:56:00 | 00082487937TRLO0 | XLON |
| 27/08/2026 | 2036 | 215.80 | 08:59:50 | 00082488029TRLO0 | XLON |
| 27/08/2026 | 409 | 215.80 | 09:06:12 | 00082488287TRLO0 | XLON |
| 27/08/2026 | 458 | 216.40 | 09:12:00 | 00082488558TRLO0 | XLON |
| 27/08/2026 | 370 | 216.40 | 09:20:14 | 00082488921TRLO0 | XLON |
| 27/08/2026 | 631 | 216.20 | 09:21:46 | 00082488991TRLO0 | XLON |
| 27/08/2026 | 348 | 216.20 | 09:21:46 | 00082488992TRLO0 | XLON |
| 27/08/2026 | 2365 | 216.00 | 09:22:56 | 00082489024TRLO0 | XLON |
| 27/08/2026 | 2125 | 215.80 | 09:33:02 | 00082489439TRLO0 | XLON |
| 27/08/2026 | 1836 | 215.60 | 09:33:04 | 00082489440TRLO0 | XLON |
| 27/08/2026 | 1907 | 215.20 | 09:39:23 | 00082489827TRLO0 | XLON |
| 27/08/2026 | 973 | 215.40 | 10:20:10 | 00082491583TRLO0 | XLON |
| 27/08/2026 | 2223 | 215.80 | 10:38:29 | 00082492119TRLO0 | XLON |
| 27/08/2026 | 115 | 215.80 | 10:38:29 | 00082492120TRLO0 | XLON |
| 27/08/2026 | 161 | 215.80 | 10:38:29 | 00082492121TRLO0 | XLON |
| 27/08/2026 | 1833 | 215.80 | 10:44:30 | 00082492294TRLO0 | XLON |
| 27/08/2026 | 402 | 215.80 | 10:46:40 | 00082492321TRLO0 | XLON |
| 27/08/2026 | 1727 | 215.60 | 10:50:45 | 00082492404TRLO0 | XLON |
| 27/08/2026 | 2008 | 215.60 | 10:50:45 | 00082492405TRLO0 | XLON |
| 27/08/2026 | 480 | 215.80 | 11:06:40 | 00082492787TRLO0 | XLON |
| 27/08/2026 | 2014 | 215.80 | 11:08:40 | 00082492896TRLO0 | XLON |
| 27/08/2026 | 327 | 215.80 | 11:20:18 | 00082493128TRLO0 | XLON |
| 27/08/2026 | 25 | 215.80 | 11:33:35 | 00082493404TRLO0 | XLON |
| 27/08/2026 | 90 | 215.80 | 11:35:45 | 00082493463TRLO0 | XLON |
| 27/08/2026 | 2569 | 215.80 | 11:36:39 | 00082493488TRLO0 | XLON |
| 27/08/2026 | 2099 | 215.80 | 11:36:39 | 00082493489TRLO0 | XLON |
| 27/08/2026 | 2495 | 215.40 | 11:37:18 | 00082493507TRLO0 | XLON |
| 27/08/2026 | 729 | 215.20 | 11:43:29 | 00082493681TRLO0 | XLON |
| 27/08/2026 | 1183 | 215.20 | 11:43:29 | 00082493682TRLO0 | XLON |
| 27/08/2026 | 58 | 215.40 | 11:43:30 | 00082493683TRLO0 | XLON |
| 27/08/2026 | 46 | 215.40 | 11:43:30 | 00082493684TRLO0 | XLON |
| 27/08/2026 | 942 | 215.40 | 11:43:30 | 00082493685TRLO0 | XLON |
| 27/08/2026 | 31 | 215.40 | 11:43:30 | 00082493686TRLO0 | XLON |
| 27/08/2026 | 455 | 215.40 | 11:43:30 | 00082493687TRLO0 | XLON |
| 27/08/2026 | 425 | 215.40 | 11:43:30 | 00082493688TRLO0 | XLON |
| 27/08/2026 | 2089 | 215.00 | 11:52:42 | 00082493859TRLO0 | XLON |
| 27/08/2026 | 983 | 215.00 | 11:56:08 | 00082493961TRLO0 | XLON |
| 27/08/2026 | 376 | 215.00 | 11:56:08 | 00082493962TRLO0 | XLON |
| 27/08/2026 | 43 | 215.00 | 11:56:08 | 00082493963TRLO0 | XLON |
| 27/08/2026 | 1750 | 214.80 | 12:11:10 | 00082494318TRLO0 | XLON |
| 27/08/2026 | 2039 | 214.60 | 12:13:00 | 00082494356TRLO0 | XLON |
| 27/08/2026 | 3 | 215.00 | 12:19:29 | 00082494482TRLO0 | XLON |
| 27/08/2026 | 2061 | 215.00 | 12:19:29 | 00082494483TRLO0 | XLON |
| 27/08/2026 | 171 | 215.00 | 12:19:29 | 00082494484TRLO0 | XLON |
| 27/08/2026 | 1111 | 215.00 | 12:38:20 | 00082494914TRLO0 | XLON |
| 27/08/2026 | 945 | 215.00 | 12:38:20 | 00082494915TRLO0 | XLON |
| 27/08/2026 | 2105 | 214.80 | 12:38:29 | 00082494919TRLO0 | XLON |
| 27/08/2026 | 1997 | 214.60 | 13:10:59 | 00082495620TRLO0 | XLON |
| 27/08/2026 | 2072 | 214.40 | 13:22:35 | 00082495826TRLO0 | XLON |
| 27/08/2026 | 30 | 214.00 | 13:30:26 | 00082495986TRLO0 | XLON |
| 27/08/2026 | 31 | 214.00 | 13:31:14 | 00082496000TRLO0 | XLON |
| 27/08/2026 | 31 | 214.00 | 13:33:56 | 00082496064TRLO0 | XLON |
| 27/08/2026 | 12 | 214.40 | 13:42:44 | 00082496238TRLO0 | XLON |
| 27/08/2026 | 2764 | 214.40 | 13:44:04 | 00082496282TRLO0 | XLON |
| 27/08/2026 | 386 | 214.40 | 14:07:22 | 00082496980TRLO0 | XLON |
| 27/08/2026 | 1734 | 214.40 | 14:07:22 | 00082496981TRLO0 | XLON |
| 27/08/2026 | 1820 | 214.00 | 14:20:39 | 00082497337TRLO0 | XLON |
| 27/08/2026 | 3034 | 214.60 | 14:32:30 | 00082497725TRLO0 | XLON |
| 27/08/2026 | 6098 | 214.80 | 14:34:37 | 00082497854TRLO0 | XLON |
| 27/08/2026 | 2405 | 214.60 | 14:35:37 | 00082497922TRLO0 | XLON |
| 27/08/2026 | 2039 | 214.60 | 14:35:37 | 00082497923TRLO0 | XLON |
| 27/08/2026 | 2110 | 214.40 | 14:35:40 | 00082497924TRLO0 | XLON |
| 27/08/2026 | 2012 | 214.40 | 14:42:05 | 00082498304TRLO0 | XLON |
| 27/08/2026 | 1717 | 214.20 | 14:42:49 | 00082498360TRLO0 | XLON |
| 27/08/2026 | 8 | 214.60 | 15:00:41 | 00082499156TRLO0 | XLON |
| 27/08/2026 | 8 | 214.60 | 15:03:30 | 00082499223TRLO0 | XLON |
| 27/08/2026 | 193 | 214.60 | 15:03:44 | 00082499228TRLO0 | XLON |
| 27/08/2026 | 192 | 214.60 | 15:03:44 | 00082499229TRLO0 | XLON |
| 27/08/2026 | 1359 | 214.60 | 15:03:44 | 00082499230TRLO0 | XLON |
| 27/08/2026 | 1913 | 214.60 | 15:03:44 | 00082499231TRLO0 | XLON |
| 27/08/2026 | 1817 | 214.40 | 15:05:08 | 00082499374TRLO0 | XLON |
| 27/08/2026 | 1155 | 214.40 | 15:05:08 | 00082499375TRLO0 | XLON |
| 27/08/2026 | 2090 | 214.20 | 15:10:52 | 00082499753TRLO0 | XLON |
| 27/08/2026 | 101 | 214.00 | 15:22:55 | 00082500421TRLO0 | XLON |
| 27/08/2026 | 214 | 214.00 | 15:22:55 | 00082500422TRLO0 | XLON |
| 27/08/2026 | 1962 | 214.00 | 15:23:15 | 00082500436TRLO0 | XLON |
| 27/08/2026 | 463 | 214.00 | 15:23:15 | 00082500437TRLO0 | XLON |
| 27/08/2026 | 1405 | 214.00 | 15:23:15 | 00082500438TRLO0 | XLON |
| 27/08/2026 | 2183 | 214.00 | 15:28:10 | 00082500636TRLO0 | XLON |
| 27/08/2026 | 2037 | 214.00 | 15:28:10 | 00082500637TRLO0 | XLON |
| 27/08/2026 | 229 | 213.60 | 15:28:16 | 00082500642TRLO0 | XLON |
| 27/08/2026 | 1540 | 213.60 | 15:28:16 | 00082500643TRLO0 | XLON |
| 27/08/2026 | 2126 | 213.60 | 15:28:16 | 00082500644TRLO0 | XLON |
| 27/08/2026 | 1981 | 214.20 | 15:48:55 | 00082501515TRLO0 | XLON |
| 27/08/2026 | 1981 | 214.00 | 15:49:53 | 00082501609TRLO0 | XLON |
| 27/08/2026 | 1880 | 214.00 | 15:49:53 | 00082501610TRLO0 | XLON |
| 27/08/2026 | 1755 | 213.80 | 15:50:45 | 00082501657TRLO0 | XLON |
| 27/08/2026 | 1720 | 213.60 | 15:58:38 | 00082501936TRLO0 | XLON |
| 27/08/2026 | 210 | 213.60 | 15:58:38 | 00082501937TRLO0 | XLON |
| 27/08/2026 | 1895 | 213.40 | 16:06:02 | 00082502393TRLO0 | XLON |
| 27/08/2026 | 1894 | 213.40 | 16:06:02 | 00082502394TRLO0 | XLON |
| 27/08/2026 | 1947 | 213.40 | 16:06:02 | 00082502395TRLO0 | XLON |
| 27/08/2026 | 1935 | 213.40 | 16:08:02 | 00082502566TRLO0 | XLON |
| 27/08/2026 | 2050 | 213.40 | 16:09:02 | 00082502598TRLO0 | XLON |
| 27/08/2026 | 2110 | 213.40 | 16:12:02 | 00082502789TRLO0 | XLON |
| 27/08/2026 | 2068 | 214.00 | 16:16:45 | 00082503047TRLO0 | XLON |
| 27/08/2026 | 3145 | 214.00 | 16:17:12 | 00082503057TRLO0 | XLON |
| 27/08/2026 | 1318 | 214.00 | 16:17:12 | 00082503058TRLO0 | XLON |
| 27/08/2026 | 1778 | 214.00 | 16:17:12 | 00082503059TRLO0 | XLON |
| 27/08/2026 | 958 | 214.00 | 16:17:19 | 00082503061TRLO0 | XLON |
| 27/08/2026 | 726 | 214.00 | 16:17:19 | 00082503062TRLO0 | XLON |
| 28/08/2026 | 3192 | 213.20 | 08:15:11 | 00082504684TRLO0 | XLON |
| 28/08/2026 | 2111 | 213.00 | 08:25:11 | 00082504817TRLO0 | XLON |
| 28/08/2026 | 652 | 213.00 | 08:25:11 | 00082504818TRLO0 | XLON |
| 28/08/2026 | 1342 | 213.00 | 08:25:11 | 00082504819TRLO0 | XLON |
| 28/08/2026 | 495 | 212.40 | 08:31:53 | 00082504937TRLO0 | XLON |
| 28/08/2026 | 354 | 213.00 | 08:55:48 | 00082505536TRLO0 | XLON |
| 28/08/2026 | 45 | 213.40 | 09:02:09 | 00082505715TRLO0 | XLON |
| 28/08/2026 | 6532 | 214.40 | 09:24:20 | 00082506215TRLO0 | XLON |
| 28/08/2026 | 1727 | 214.40 | 09:24:20 | 00082506216TRLO0 | XLON |
| 28/08/2026 | 2081 | 214.40 | 09:24:20 | 00082506217TRLO0 | XLON |
| 28/08/2026 | 1829 | 214.40 | 09:24:20 | 00082506218TRLO0 | XLON |
| 28/08/2026 | 11601 | 214.60 | 09:24:20 | 00082506219TRLO0 | XLON |
| 28/08/2026 | 1954 | 214.40 | 10:16:11 | 00082507609TRLO0 | XLON |
| 28/08/2026 | 1774 | 214.40 | 10:30:06 | 00082507970TRLO0 | XLON |
| 28/08/2026 | 1911 | 214.80 | 11:07:32 | 00082508854TRLO0 | XLON |
| 28/08/2026 | 1998 | 214.40 | 11:07:37 | 00082508855TRLO0 | XLON |
| 28/08/2026 | 291 | 214.40 | 11:16:00 | 00082509003TRLO0 | XLON |
| 28/08/2026 | 1755 | 214.40 | 11:18:33 | 00082509034TRLO0 | XLON |
| 28/08/2026 | 2873 | 214.40 | 11:18:33 | 00082509035TRLO0 | XLON |
| 28/08/2026 | 209 | 214.40 | 11:18:33 | 00082509036TRLO0 | XLON |
| 28/08/2026 | 3 | 214.40 | 11:40:24 | 00082509585TRLO0 | XLON |
| 28/08/2026 | 690 | 214.40 | 11:41:36 | 00082509608TRLO0 | XLON |
| 28/08/2026 | 3 | 214.40 | 11:45:41 | 00082509765TRLO0 | XLON |
| 28/08/2026 | 362 | 214.40 | 11:46:16 | 00082509780TRLO0 | XLON |
| 28/08/2026 | 904 | 214.40 | 11:47:28 | 00082509805TRLO0 | XLON |
| 28/08/2026 | 1894 | 214.40 | 11:47:28 | 00082509806TRLO0 | XLON |
| 28/08/2026 | 2028 | 214.40 | 11:47:28 | 00082509807TRLO0 | XLON |
| 28/08/2026 | 2081 | 214.20 | 11:49:22 | 00082509846TRLO0 | XLON |
| 28/08/2026 | 714 | 214.40 | 12:10:29 | 00082510358TRLO0 | XLON |
| 28/08/2026 | 100 | 214.40 | 12:10:33 | 00082510363TRLO0 | XLON |
| 28/08/2026 | 1294 | 214.40 | 12:14:01 | 00082510431TRLO0 | XLON |
| 28/08/2026 | 1796 | 214.40 | 12:18:23 | 00082510511TRLO0 | XLON |
| 28/08/2026 | 1873 | 214.40 | 12:18:23 | 00082510512TRLO0 | XLON |
| 28/08/2026 | 1773 | 214.20 | 12:28:22 | 00082510825TRLO0 | XLON |
| 28/08/2026 | 1805 | 214.20 | 12:28:22 | 00082510826TRLO0 | XLON |
| 28/08/2026 | 2732 | 214.00 | 12:51:41 | 00082511345TRLO0 | XLON |
| 28/08/2026 | 1766 | 214.00 | 12:51:41 | 00082511346TRLO0 | XLON |
| 28/08/2026 | 1888 | 213.80 | 13:08:46 | 00082511824TRLO0 | XLON |
| 28/08/2026 | 1970 | 213.80 | 13:08:46 | 00082511825TRLO0 | XLON |
| 28/08/2026 | 2064 | 213.80 | 13:29:49 | 00082512466TRLO0 | XLON |
| 28/08/2026 | 1957 | 213.80 | 13:29:49 | 00082512467TRLO0 | XLON |
| 28/08/2026 | 572 | 214.00 | 13:46:49 | 00082512840TRLO0 | XLON |
| 28/08/2026 | 845 | 213.80 | 13:47:40 | 00082512888TRLO0 | XLON |
| 28/08/2026 | 319 | 213.80 | 13:47:40 | 00082512889TRLO0 | XLON |
| 28/08/2026 | 97 | 213.80 | 13:54:03 | 00082513055TRLO0 | XLON |
| 28/08/2026 | 12 | 213.80 | 13:54:34 | 00082513063TRLO0 | XLON |
| 28/08/2026 | 234 | 214.40 | 14:03:25 | 00082513347TRLO0 | XLON |
| 28/08/2026 | 2356 | 214.40 | 14:03:25 | 00082513348TRLO0 | XLON |
| 28/08/2026 | 1997 | 214.40 | 14:09:32 | 00082513517TRLO0 | XLON |
| 28/08/2026 | 1904 | 214.40 | 14:09:32 | 00082513518TRLO0 | XLON |
| 28/08/2026 | 2074 | 214.40 | 14:09:32 | 00082513519TRLO0 | XLON |
| 28/08/2026 | 9 | 214.40 | 14:22:55 | 00082513966TRLO0 | XLON |
| 28/08/2026 | 743 | 214.40 | 14:23:49 | 00082513997TRLO0 | XLON |
| 28/08/2026 | 11 | 214.40 | 14:24:41 | 00082514022TRLO0 | XLON |
| 28/08/2026 | 166 | 214.40 | 14:28:29 | 00082514189TRLO0 | XLON |
| 28/08/2026 | 862 | 214.40 | 14:28:29 | 00082514190TRLO0 | XLON |
| 28/08/2026 | 1838 | 214.40 | 14:28:29 | 00082514191TRLO0 | XLON |
| 28/08/2026 | 1910 | 214.40 | 14:28:29 | 00082514192TRLO0 | XLON |
| 28/08/2026 | 2098 | 214.40 | 14:28:29 | 00082514193TRLO0 | XLON |
| 28/08/2026 | 1722 | 214.60 | 14:38:23 | 00082514886TRLO0 | XLON |
| 28/08/2026 | 1951 | 214.60 | 14:38:23 | 00082514887TRLO0 | XLON |
| 28/08/2026 | 2068 | 214.60 | 14:38:23 | 00082514888TRLO0 | XLON |
| 28/08/2026 | 767 | 214.20 | 14:44:39 | 00082515132TRLO0 | XLON |
| 28/08/2026 | 468 | 214.20 | 14:44:40 | 00082515134TRLO0 | XLON |
| 28/08/2026 | 100 | 214.20 | 14:44:49 | 00082515142TRLO0 | XLON |
| 28/08/2026 | 732 | 214.20 | 14:45:27 | 00082515156TRLO0 | XLON |

 

Enquiries:

Pets at Home Group plc                                                +44 (0) 161 486 6688

LEI: 213800CGJ77NY5H4K844

Lesley Lazenby, Company Secretary

This information is provided by RNS, the news service of the London Stock Exchange. RNS is approved by the Financial Conduct Authority to act as a Primary Information Provider in the United Kingdom. Terms and conditions relating to the use and distribution of this information may apply. For further information, please contact [rns@lseg.com](mailto:rns@lseg.com) or visit [www.rns.com](http://www.rns.com/).  
  
RNS may use your IP address to confirm compliance with the terms and conditions, to analyse how you engage with the information contained in this communication, and to share such analysis on an anonymised basis with others as part of our commercial services. For further information about how RNS and the London Stock Exchange use the personal data you provide us, please see our [Privacy Policy](https://www.lseg.com/privacy-and-cookie-policy).

END

POSURRSRNAUWOAR",404010,Retailers 
17763034,2026-09-01 06:00:11,Total Voting Rights,Frasers Group PLC,FRAS,TVR,RNS,6986S,https://www.londonstockexchange.com/news-article/FRAS/total-voting-rights/17763034,"/\*<![CDATA[\*/
/\*\*/
/\*\*/
/\*\*/
link{ color: blue }visited{ color: #954F72 }
.aa{size:595.3pt 841.9pt;margin:72.0pt 72.0pt 72.0pt 72.0pt;}div.aa{}p.a,li.a,div.a{margin-top:0cm;margin-right:0cm;margin-bottom:8.0pt;margin-left:0cm;line-height:107%;font-size:11.0pt;font-family:""Calibri"",""sans-serif"";}p.at{margin-top:0cm;margin-right:0cm;margin-bottom:8.0pt;margin-left:0cm;line-height:107%;font-size:11.0pt;font-family:""Calibri"",""sans-serif"";margin-bottom:0cm;margin-bottom:.0001pt;line-height: normal}span.ar{font-family:""Arial"",""sans-serif"";color:black}span.ap{font-size:10.0pt;font-family:""Times New Roman"",""serif""; color:black}p.au{margin-top:0cm;margin-right:0cm;margin-bottom:8.0pt;margin-left:0cm;line-height:107%;font-size:11.0pt;font-family:""Calibri"",""sans-serif"";margin-bottom:0cm;margin-bottom:.0001pt; text-align:center;line-height:normal}span.ao{font-family: ""Arial"",""sans-serif"";color:black}span.am{font-size:10.0pt; font-family:""Times New Roman"",""serif"";color:black}p.av{margin-top:0cm;margin-right:0cm;margin-bottom:8.0pt;margin-left:0cm;line-height:107%;font-size:11.0pt;font-family:""Calibri"",""sans-serif"";margin-top:11.0pt;margin-right:0cm;margin-bottom: 11.0pt;margin-left:0cm;text-align:justify;text-justify:inter-ideograph; line-height:normal}
span.al{font-family:""Arial"",""sans-serif""; color:black}p.aw{margin-top:0cm;margin-right:0cm;margin-bottom:8.0pt;margin-left:0cm;line-height:107%;font-size:11.0pt;font-family:""Calibri"",""sans-serif"";text-align:justify;text-justify:inter-ideograph}span.aj{font-family:""Arial"",""sans-serif""}table.ax{margin-left:-12.5pt;border-collapse:collapse}td.af{width:158.0pt;padding:0cm 5.4pt 0cm 5.4pt}span.ah{font-family:""Arial"",""sans-serif""; color:#16202C}span.ag{font-family:""Arial"",""sans-serif"";color:#16202C}td.ae{width:226.45pt;padding:0cm 5.4pt 0cm 5.4pt}td.ac{width:154.5pt;padding:0cm 5.4pt 0cm 5.4pt}td.ab{width:174.85pt;padding:0cm 5.4pt 0cm 5.4pt}
.fr-view-element{font-family: sans-serif;font-size: 12pt;line-height: 140%;padding: 20px;box-sizing: border-box;overflow-x: auto;min-height: 60px;text-align: left;margin-bottom: 10px;width: 837px;} .fr-view-element img{padding: 0 1px;} .fr-view-element .aa{margin: 63.8pt 1.6cm 62.35pt 1.6cm;} .fr-view-element p{font-size: 10pt;}
/\*\*/
/\*\*/
/\*\*/
/\*]]>\*/

RNS Number : 6986S

Frasers Group PLC

01 September 2026

Date: 1 September 2026

 

FRASERS GROUP PLC

(""the Company"")

 

TOTAL VOTING RIGHTS

In accordance with DTR 5.6.1 of the FCA's Disclosure Guidance and Transparency Rules, the Company is required to notify the market of the total number of voting rights and capital in the Company as at the end of each calendar month in which an increase or decrease has occurred.

The issued share capital of the Company is comprised of 640,602,369 ordinary shares of 10p each. As 193,474,686 of these ordinary shares are held as treasury shares, the total number of voting rights in the Company is 447,127,683.

This figure may be used by shareholders as the denominator for the calculations by which they will determine if they are required to notify their interest in, or a change to their interest in, the Company under the FCA's Disclosure Guidance and Transparency Rules.

Ends.

 

|  |  |
| --- | --- |
| Frasers Group plc     Emma Reid, Company Secretary  LEI: 213800JEGHHEAXIJDX34 | T: 0344 245 9200  E:[company.secretary@frasers.group](mailto:company.secretary@frasers.group) |
|  |  |

 

|  |  |
| --- | --- |
| Chris Wootton, Chief Financial Officer | T: 0344 245 9200  E: [financial@frasers.group](mailto:financial@frasers.group ""mailto:financial@frasers.group"") |
|  |  |

This information is provided by RNS, the news service of the London Stock Exchange. RNS is approved by the Financial Conduct Authority to act as a Primary Information Provider in the United Kingdom. Terms and conditions relating to the use and distribution of this information may apply. For further information, please contact [rns@lseg.com](mailto:rns@lseg.com) or visit [www.rns.com](http://www.rns.com/).  
  
RNS may use your IP address to confirm compliance with the terms and conditions, to analyse how you engage with the information contained in this communication, and to share such analysis on an anonymised basis with others as part of our commercial services. For further information about how RNS and the London Stock Exchange use the personal data you provide us, please see our [Privacy Policy](https://www.lseg.com/privacy-and-cookie-policy).

END

TVRBLGDIBXDDGLI",404010,Retailers 
17763005,2026-09-01 06:00:11,Transaction in Own Shares,JD Sports Fashion PLC,JD.,POS,RNS,6951S,https://www.londonstockexchange.com/news-article/JD./transaction-in-own-shares/17763005,"/\*<![CDATA[\*/
/\*\*/
/\*\*/
/\*\*/
h1{margin-top:24.0pt;margin-right:0cm;margin-bottom:10.0pt;margin-left:0cm;line-height:115%;font-size:14.0pt;font-family:""Aptos Display"",""sans-serif"";color:#0F4761;}h2{margin-top:10.0pt;margin-right:0cm;margin-bottom:10.0pt;margin-left:0cm;line-height:115%;font-size:13.0pt;font-family:""Aptos Display"",""sans-serif"";color:#156082;}h3{margin-top:10.0pt;margin-right:0cm;margin-bottom:10.0pt;margin-left:0cm;line-height:115%;font-size:11.0pt;font-family:""Aptos Display"",""sans-serif"";color:#156082;}h4{margin-top:10.0pt;margin-right:0cm;margin-bottom:10.0pt;margin-left:0cm;line-height:115%;font-size:11.0pt;font-family:""Aptos Display"",""sans-serif"";color:#156082;font-style:italic;}ol{margin-bottom:0cm;}ul{margin-bottom:0cm;}link{ color: #467886 }visited{ color: #96607D }
.x{size:21.0cm 841.95pt;margin:72.0pt 72.0pt 72.0pt 72.0pt;}div.x{}p.ch{margin-top:0cm;margin-right:0cm;margin-bottom:10.0pt;margin-left:0cm;line-height:115%;font-size:11.0pt;font-family:""Aptos"",""sans-serif"";margin-top:0cm;margin-right:0cm;margin-bottom:0cm; margin-left:6.0pt;margin-bottom:.0001pt}span.cf{font-family:""Calibri"",""sans-serif""; color:black}span.ce{font-family:""Calibri"",""sans-serif"";color:black}p.ci{margin-top:0cm;margin-right:0cm;margin-bottom:10.0pt;margin-left:0cm;line-height:115%;font-size:11.0pt;font-family:""Aptos"",""sans-serif"";margin-top:13.45pt;margin-right:0cm;margin-bottom: 13.45pt;margin-left:6.0pt;text-align:justify}table.cj{margin-left:5.0pt;border-collapse:collapse;border:none}tr.bv{height:27.0pt}td.ca{width:57.15pt;border:solid gray 1.0pt;padding:.75pt .75pt .75pt .75pt; height:27.0pt}p.ck{margin-top:0cm;margin-right:0cm;margin-bottom:10.0pt;margin-left:0cm;line-height:115%;font-size:11.0pt;font-family:""Aptos"",""sans-serif"";margin-bottom:0cm;margin-bottom:.0001pt}
td.bz{width:103.6pt;border:solid gray 1.0pt;border-left:none; padding:.75pt .75pt .75pt .75pt;height:27.0pt}td.by{width:186.9pt;border:solid gray 1.0pt;border-left:none; padding:.75pt .75pt .75pt .75pt;height:27.0pt}td.bx{width:161.9pt;border:solid gray 1.0pt;border-left:none; padding:.75pt .75pt .75pt .75pt;height:27.0pt}td.bw{width:164.65pt;border:solid gray 1.0pt;border-left:none; padding:.75pt .75pt .75pt .75pt;height:27.0pt}tr.bp{height:26.25pt}td.bu{width:57.15pt;border:solid gray 1.0pt;border-top:none; padding:.75pt .75pt .75pt .75pt;height:26.25pt}td.bt{width:103.6pt;border-top:none;border-left:none; border-bottom:solid gray 1.0pt;border-right:solid gray 1.0pt;padding:.75pt .75pt .75pt .75pt; height:26.25pt}td.bs{width:186.9pt;border-top:none;border-left:none; border-bottom:solid gray 1.0pt;border-right:solid gray 1.0pt;padding:.75pt .75pt .75pt .75pt; height:26.25pt}td.br{width:161.9pt;border-top:none;border-left:none; border-bottom:solid gray 1.0pt;border-right:solid gray 1.0pt;padding:.75pt .75pt .75pt .75pt; height:26.25pt}td.bq{width:164.65pt;border-top:none;border-left:none; border-bottom:solid gray 1.0pt;border-right:solid gray 1.0pt;padding:.75pt .75pt .75pt .75pt; height:26.25pt}
td.bn{width:166.7pt;border:solid gray 1.0pt;padding:.75pt .75pt .75pt .75pt; height:27.0pt}td.bm{width:148.4pt;border:solid gray 1.0pt;border-left:none; padding:.75pt .75pt .75pt .75pt;height:27.0pt}td.bl{width:42.2pt;border:solid gray 1.0pt;border-left:none; padding:.75pt .75pt .75pt .75pt;height:27.0pt}td.bk{width:65.85pt;border:solid gray 1.0pt;border-left:none; padding:.75pt .75pt .75pt .75pt;height:27.0pt}td.bj{width:68.85pt;border:solid gray 1.0pt;border-left:none; padding:.75pt .75pt .75pt .75pt;height:27.0pt}td.bi{width:180.7pt;border:solid gray 1.0pt;border-left:none; padding:.75pt .75pt .75pt .75pt;height:27.0pt}td.bh{width:166.7pt;border:solid gray 1.0pt;border-top:none; padding:.75pt .75pt .75pt .75pt;height:26.25pt}td.bg{width:148.4pt;border-top:none;border-left:none; border-bottom:solid gray 1.0pt;border-right:solid gray 1.0pt;padding:.75pt .75pt .75pt .75pt; height:26.25pt}td.bf{width:42.2pt;border-top:none;border-left:none;border-bottom: solid gray 1.0pt;border-right:solid gray 1.0pt;padding:.75pt .75pt .75pt .75pt; height:26.25pt}td.be{width:65.85pt;border-top:none;border-left:none; border-bottom:solid gray 1.0pt;border-right:solid gray 1.0pt;padding:.75pt .75pt .75pt .75pt; height:26.25pt}
td.bd{width:68.85pt;border-top:none;border-left:none; border-bottom:solid gray 1.0pt;border-right:solid gray 1.0pt;padding:.75pt .75pt .75pt .75pt; height:26.25pt}td.bc{width:180.7pt;border-top:none;border-left:none; border-bottom:solid gray 1.0pt;border-right:solid gray 1.0pt;padding:.75pt .75pt .75pt .75pt; height:26.25pt}tr.av{height:31.5pt}td.bb{width:166.7pt;border:solid gray 1.0pt;border-top:none; padding:.75pt .75pt .75pt .75pt;height:31.5pt}td.ba{width:148.4pt;border-top:none;border-left:none; border-bottom:solid gray 1.0pt;border-right:solid gray 1.0pt;padding:.75pt .75pt .75pt .75pt; height:31.5pt}td.az{width:42.2pt;border-top:none;border-left:none;border-bottom: solid gray 1.0pt;border-right:solid gray 1.0pt;padding:.75pt .75pt .75pt .75pt; height:31.5pt}td.ay{width:65.85pt;border-top:none;border-left:none; border-bottom:solid gray 1.0pt;border-right:solid gray 1.0pt;padding:.75pt .75pt .75pt .75pt; height:31.5pt}td.ax{width:68.85pt;border-top:none;border-left:none; border-bottom:solid gray 1.0pt;border-right:solid gray 1.0pt;padding:.75pt .75pt .75pt .75pt; height:31.5pt}td.aw{width:180.7pt;border-top:none;border-left:none; border-bottom:solid gray 1.0pt;border-right:solid gray 1.0pt;padding:.75pt .75pt .75pt .75pt; height:31.5pt}tr.ao{height:34.5pt}
td.au{width:166.7pt;border:solid gray 1.0pt;border-top:none; padding:.75pt .75pt .75pt .75pt;height:34.5pt}td.at{width:148.4pt;border-top:none;border-left:none; border-bottom:solid gray 1.0pt;border-right:solid gray 1.0pt;padding:.75pt .75pt .75pt .75pt; height:34.5pt}td.as{width:42.2pt;border-top:none;border-left:none;border-bottom: solid gray 1.0pt;border-right:solid gray 1.0pt;padding:.75pt .75pt .75pt .75pt; height:34.5pt}td.ar{width:65.85pt;border-top:none;border-left:none; border-bottom:solid gray 1.0pt;border-right:solid gray 1.0pt;padding:.75pt .75pt .75pt .75pt; height:34.5pt}td.aq{width:68.85pt;border-top:none;border-left:none; border-bottom:solid gray 1.0pt;border-right:solid gray 1.0pt;padding:.75pt .75pt .75pt .75pt; height:34.5pt}td.ap{width:180.7pt;border-top:none;border-left:none; border-bottom:solid gray 1.0pt;border-right:solid gray 1.0pt;padding:.75pt .75pt .75pt .75pt; height:34.5pt}tr.ah{height:32.25pt}td.an{width:166.7pt;border:solid gray 1.0pt;border-top:none; padding:.75pt .75pt .75pt .75pt;height:32.25pt}td.am{width:148.4pt;border-top:none;border-left:none; border-bottom:solid gray 1.0pt;border-right:solid gray 1.0pt;padding:.75pt .75pt .75pt .75pt; height:32.25pt}td.al{width:42.2pt;border-top:none;border-left:none;border-bottom: solid gray 1.0pt;border-right:solid gray 1.0pt;padding:.75pt .75pt .75pt .75pt; height:32.25pt}
td.ak{width:65.85pt;border-top:none;border-left:none; border-bottom:solid gray 1.0pt;border-right:solid gray 1.0pt;padding:.75pt .75pt .75pt .75pt; height:32.25pt}td.aj{width:68.85pt;border-top:none;border-left:none; border-bottom:solid gray 1.0pt;border-right:solid gray 1.0pt;padding:.75pt .75pt .75pt .75pt; height:32.25pt}td.ai{width:180.7pt;border-top:none;border-left:none; border-bottom:solid gray 1.0pt;border-right:solid gray 1.0pt;padding:.75pt .75pt .75pt .75pt; height:32.25pt}table.cl{margin-left:7.25pt}td.ag{width:328.55pt;padding:.75pt .75pt .75pt .75pt; height:26.25pt}td.af{width:119.35pt;padding:.75pt .75pt .75pt .75pt; height:26.25pt}tr.ac{height:25.5pt}td.ae{width:328.55pt;padding:.75pt .75pt .75pt .75pt; height:25.5pt}td.ad{width:119.35pt;padding:.75pt .75pt .75pt .75pt; height:25.5pt}p.a,li.a,div.a{margin-top:0cm;margin-right:0cm;margin-bottom:10.0pt;margin-left:0cm;line-height:115%;font-size:11.0pt;font-family:""Aptos"",""sans-serif"";}
tr.z{height:38.25pt}td.ab{width:328.55pt;padding:.75pt .75pt .75pt .75pt; height:38.25pt}td.aa{width:119.35pt;padding:.75pt .75pt .75pt .75pt; height:38.25pt} .fr-view-element{font-family: sans-serif;font-size: 12pt;line-height: 140%;padding: 20px;box-sizing: border-box;overflow-x: auto;min-height: 60px;text-align: left;margin-bottom: 10px;width: 837px;} .fr-view-element img{padding: 0 1px;} .fr-view-element .x{margin: 63.8pt 1.6cm 62.35pt 1.6cm;} .fr-view-element p{font-size: 10pt;}
/\*\*/
/\*\*/
/\*\*/
/\*]]>\*/

RNS Number : 6951S

JD Sports Fashion PLC

01 September 2026

Transactions in Own Securities  
 01 September 2026  
  
 

 JD Sports Fashion Plc (the ""Company"") announces that in the period 24 August 2026 to 28 August 2026 it has purchased the following number of its ordinary shares for cancellation through Peel Hunt LLP (""Peel Hunt"") as part of the Second Tranche of its share buyback programme announced on 03 August 2026 (the ""Programme"").

|  |  |  |  |  |
| --- | --- | --- | --- | --- |
| Date | Aggregated Volume | Volume Weighted Average Price (p) | Lowest price paid per share (p) | Highest price paid per share (p) |
| 24-08-2026 | 1,256,769 | 85.12 | 84.42 | 85.88 |
| 25-08-2026 | 1,730,439 | 85.43 | 83.46 | 86.74 |
| 26-08-2026 | 2,396,704 | 86.81 | 85.52 | 87.72 |
| 27-08-2026 | 2,464,202 | 87.40 | 86.83 | 88.22 |
| 28-08-2026 | 2,453,468 | 85.89 | 84.87 | 86.25 |

Following the above transactions, the Company has 4,862,049,128 ordinary shares in issue and holds 79,897,460 ordinary shares in treasury. Therefore, the total number of voting rights in the Company is 4,782,151,668 which may be used by shareholders as the denominator for the calculations by which they will determine if they are required to notify their interest in, or a change to their interest in, JD Sports Fashion plc under the FCA's Disclosure Guidance and Transparency Rules.

 In accordance with Article 5(1)(b) of Regulation (EU) No 596/2014 (the Market Abuse Regulation), the schedule below contains detailed information about the purchases made by Peel Hunt on behalf of the Company as part of the buyback programme.

 Schedule of Purchases - Individual Transactions  
 

|  |  |  |  |  |  |
| --- | --- | --- | --- | --- | --- |
| Number of shares purchased | Transaction price (pence) | Venue | Trade Date | Trade Time | Transaction Reference Number |
| 3,791 | 84.90 | XLON | 24-08-2026 | 08:00:05 | 00198525301TRLO1 |
| 1,210 | 84.66 | XLON | 24-08-2026 | 08:00:09 | 00198525322TRLO1 |
| 2,022 | 84.66 | XLON | 24-08-2026 | 08:00:09 | 00198525323TRLO1 |
| 3,587 | 84.60 | XLON | 24-08-2026 | 08:00:20 | 00198525633TRLO1 |
| 573 | 85.14 | XLON | 24-08-2026 | 08:02:31 | 00198526287TRLO1 |
| 2,815 | 85.14 | XLON | 24-08-2026 | 08:02:31 | 00198526288TRLO1 |
| 3,551 | 85.10 | XLON | 24-08-2026 | 08:03:39 | 00198526488TRLO1 |
| 3,764 | 85.26 | XLON | 24-08-2026 | 08:05:34 | 00198526767TRLO1 |
| 3,806 | 85.24 | XLON | 24-08-2026 | 08:07:19 | 00198526958TRLO1 |
| 199 | 85.74 | XLON | 24-08-2026 | 08:07:25 | 00198526968TRLO1 |
| 3,318 | 85.74 | XLON | 24-08-2026 | 08:07:26 | 00198526973TRLO1 |
| 3,611 | 85.72 | XLON | 24-08-2026 | 08:07:55 | 00198527047TRLO1 |
| 3,579 | 85.54 | XLON | 24-08-2026 | 08:09:46 | 00198527249TRLO1 |
| 3,512 | 85.38 | XLON | 24-08-2026 | 08:09:56 | 00198527260TRLO1 |
| 142 | 85.18 | XLON | 24-08-2026 | 08:10:06 | 00198527297TRLO1 |
| 3,149 | 85.18 | XLON | 24-08-2026 | 08:10:06 | 00198527298TRLO1 |
| 133 | 85.18 | XLON | 24-08-2026 | 08:10:06 | 00198527299TRLO1 |
| 2,085 | 85.04 | XLON | 24-08-2026 | 08:11:15 | 00198527450TRLO1 |
| 1,290 | 85.04 | XLON | 24-08-2026 | 08:11:15 | 00198527451TRLO1 |
| 3,461 | 85.12 | XLON | 24-08-2026 | 08:13:30 | 00198527794TRLO1 |
| 3,120 | 85.06 | XLON | 24-08-2026 | 08:13:44 | 00198527822TRLO1 |
| 370 | 85.06 | XLON | 24-08-2026 | 08:13:44 | 00198527823TRLO1 |
| 3,412 | 84.98 | XLON | 24-08-2026 | 08:14:51 | 00198528001TRLO1 |
| 210 | 85.40 | XLON | 24-08-2026 | 08:15:56 | 00198528182TRLO1 |
| 3,187 | 85.48 | XLON | 24-08-2026 | 08:15:58 | 00198528188TRLO1 |
| 3,610 | 85.38 | XLON | 24-08-2026 | 08:16:45 | 00198528263TRLO1 |
| 2,858 | 85.30 | XLON | 24-08-2026 | 08:22:21 | 00198528964TRLO1 |
| 593 | 85.30 | XLON | 24-08-2026 | 08:22:21 | 00198528965TRLO1 |
| 3,462 | 85.22 | XLON | 24-08-2026 | 08:22:34 | 00198528979TRLO1 |
| 511 | 85.14 | XLON | 24-08-2026 | 08:22:41 | 00198528992TRLO1 |
| 2,762 | 85.14 | XLON | 24-08-2026 | 08:22:46 | 00198529000TRLO1 |
| 3,851 | 85.26 | XLON | 24-08-2026 | 08:24:25 | 00198529110TRLO1 |
| 3,557 | 85.12 | XLON | 24-08-2026 | 08:24:26 | 00198529111TRLO1 |
| 2,703 | 85.02 | XLON | 24-08-2026 | 08:26:46 | 00198529305TRLO1 |
| 522 | 85.02 | XLON | 24-08-2026 | 08:26:46 | 00198529306TRLO1 |
| 3,784 | 84.94 | XLON | 24-08-2026 | 08:26:52 | 00198529309TRLO1 |
| 3,856 | 84.78 | XLON | 24-08-2026 | 08:26:59 | 00198529315TRLO1 |
| 996 | 84.76 | XLON | 24-08-2026 | 08:27:36 | 00198529371TRLO1 |
| 2,820 | 84.76 | XLON | 24-08-2026 | 08:27:37 | 00198529372TRLO1 |
| 3,300 | 84.70 | XLON | 24-08-2026 | 08:28:44 | 00198529432TRLO1 |
| 3,422 | 84.60 | XLON | 24-08-2026 | 08:31:01 | 00198529705TRLO1 |
| 374 | 84.60 | XLON | 24-08-2026 | 08:31:54 | 00198529849TRLO1 |
| 536 | 84.62 | XLON | 24-08-2026 | 08:32:46 | 00198529998TRLO1 |
| 3,186 | 84.70 | XLON | 24-08-2026 | 08:34:37 | 00198530273TRLO1 |
| 3,230 | 84.72 | XLON | 24-08-2026 | 08:36:27 | 00198530475TRLO1 |
| 3,655 | 84.68 | XLON | 24-08-2026 | 08:36:33 | 00198530482TRLO1 |
| 3,768 | 84.64 | XLON | 24-08-2026 | 08:38:57 | 00198530730TRLO1 |
| 3,654 | 84.62 | XLON | 24-08-2026 | 08:40:23 | 00198530947TRLO1 |
| 3,802 | 84.66 | XLON | 24-08-2026 | 08:41:35 | 00198531047TRLO1 |
| 678 | 84.70 | XLON | 24-08-2026 | 08:41:35 | 00198531048TRLO1 |
| 236 | 84.70 | XLON | 24-08-2026 | 08:41:35 | 00198531049TRLO1 |
| 2,190 | 84.70 | XLON | 24-08-2026 | 08:41:35 | 00198531050TRLO1 |
| 669 | 84.70 | XLON | 24-08-2026 | 08:41:35 | 00198531051TRLO1 |
| 1,312 | 84.64 | XLON | 24-08-2026 | 08:42:10 | 00198531073TRLO1 |
| 1,874 | 84.64 | XLON | 24-08-2026 | 08:42:39 | 00198531101TRLO1 |
| 3,403 | 84.64 | XLON | 24-08-2026 | 08:43:25 | 00198531140TRLO1 |
| 3,704 | 84.92 | XLON | 24-08-2026 | 08:47:59 | 00198531451TRLO1 |
| 139 | 84.92 | XLON | 24-08-2026 | 08:47:59 | 00198531452TRLO1 |
| 3,542 | 84.92 | XLON | 24-08-2026 | 08:49:55 | 00198531591TRLO1 |
| 3,623 | 84.86 | XLON | 24-08-2026 | 08:54:47 | 00198531875TRLO1 |
| 3,672 | 84.84 | XLON | 24-08-2026 | 08:54:55 | 00198531882TRLO1 |
| 3,795 | 84.82 | XLON | 24-08-2026 | 08:55:15 | 00198531906TRLO1 |
| 3,534 | 84.82 | XLON | 24-08-2026 | 08:55:19 | 00198531908TRLO1 |
| 2,121 | 84.82 | XLON | 24-08-2026 | 08:55:44 | 00198531932TRLO1 |
| 1,434 | 84.82 | XLON | 24-08-2026 | 08:55:44 | 00198531933TRLO1 |
| 3,669 | 84.82 | XLON | 24-08-2026 | 08:56:23 | 00198531989TRLO1 |
| 1,821 | 84.76 | XLON | 24-08-2026 | 08:56:43 | 00198532000TRLO1 |
| 1,821 | 84.76 | XLON | 24-08-2026 | 08:57:32 | 00198532055TRLO1 |
| 3,602 | 84.70 | XLON | 24-08-2026 | 08:58:18 | 00198532094TRLO1 |
| 3,370 | 84.66 | XLON | 24-08-2026 | 08:58:29 | 00198532105TRLO1 |
| 564 | 84.64 | XLON | 24-08-2026 | 08:59:47 | 00198532164TRLO1 |
| 3,080 | 84.64 | XLON | 24-08-2026 | 08:59:47 | 00198532165TRLO1 |
| 3,223 | 84.66 | XLON | 24-08-2026 | 09:00:53 | 00198532256TRLO1 |
| 663 | 84.64 | XLON | 24-08-2026 | 09:01:01 | 00198532274TRLO1 |
| 505 | 84.64 | XLON | 24-08-2026 | 09:01:01 | 00198532275TRLO1 |
| 1,887 | 84.64 | XLON | 24-08-2026 | 09:01:06 | 00198532288TRLO1 |
| 209 | 84.64 | XLON | 24-08-2026 | 09:01:06 | 00198532289TRLO1 |
| 3,403 | 84.72 | XLON | 24-08-2026 | 09:03:17 | 00198532451TRLO1 |
| 3,784 | 84.78 | XLON | 24-08-2026 | 09:03:54 | 00198532484TRLO1 |
| 3,769 | 84.80 | XLON | 24-08-2026 | 09:05:05 | 00198532555TRLO1 |
| 3,729 | 84.76 | XLON | 24-08-2026 | 09:05:15 | 00198532561TRLO1 |
| 3,241 | 84.68 | XLON | 24-08-2026 | 09:06:19 | 00198532628TRLO1 |
| 3,598 | 84.76 | XLON | 24-08-2026 | 09:07:21 | 00198532728TRLO1 |
| 3,292 | 84.70 | XLON | 24-08-2026 | 09:07:30 | 00198532746TRLO1 |
| 3,868 | 84.64 | XLON | 24-08-2026 | 09:07:32 | 00198532748TRLO1 |
| 2,744 | 84.68 | XLON | 24-08-2026 | 09:07:32 | 00198532749TRLO1 |
| 950 | 84.68 | XLON | 24-08-2026 | 09:07:32 | 00198532750TRLO1 |
| 3,343 | 84.60 | XLON | 24-08-2026 | 09:08:09 | 00198532800TRLO1 |
| 3,428 | 84.52 | XLON | 24-08-2026 | 09:08:45 | 00198532851TRLO1 |
| 103 | 84.52 | XLON | 24-08-2026 | 09:08:45 | 00198532853TRLO1 |
| 3,775 | 84.78 | XLON | 24-08-2026 | 09:12:48 | 00198533320TRLO1 |
| 3,419 | 84.72 | XLON | 24-08-2026 | 09:13:30 | 00198533366TRLO1 |
| 3,483 | 84.62 | XLON | 24-08-2026 | 09:13:36 | 00198533373TRLO1 |
| 1,822 | 84.72 | XLON | 24-08-2026 | 09:15:10 | 00198533479TRLO1 |
| 1,862 | 84.72 | XLON | 24-08-2026 | 09:15:10 | 00198533480TRLO1 |
| 3,474 | 84.76 | XLON | 24-08-2026 | 09:15:10 | 00198533481TRLO1 |
| 4 | 84.68 | XLON | 24-08-2026 | 09:16:33 | 00198533575TRLO1 |
| 3,367 | 84.70 | XLON | 24-08-2026 | 09:16:36 | 00198533579TRLO1 |
| 312 | 84.70 | XLON | 24-08-2026 | 09:17:09 | 00198533617TRLO1 |
| 3,156 | 84.70 | XLON | 24-08-2026 | 09:17:09 | 00198533618TRLO1 |
| 3,769 | 84.78 | XLON | 24-08-2026 | 09:20:34 | 00198533899TRLO1 |
| 3,844 | 84.78 | XLON | 24-08-2026 | 09:21:25 | 00198533959TRLO1 |
| 1,688 | 84.88 | XLON | 24-08-2026 | 09:22:06 | 00198534000TRLO1 |
| 1,604 | 84.88 | XLON | 24-08-2026 | 09:22:25 | 00198534024TRLO1 |
| 3,304 | 84.84 | XLON | 24-08-2026 | 09:22:26 | 00198534025TRLO1 |
| 3,225 | 84.82 | XLON | 24-08-2026 | 09:22:27 | 00198534027TRLO1 |
| 3,449 | 84.78 | XLON | 24-08-2026 | 09:26:30 | 00198534249TRLO1 |
| 1,397 | 84.76 | XLON | 24-08-2026 | 09:27:06 | 00198534282TRLO1 |
| 2,131 | 84.76 | XLON | 24-08-2026 | 09:27:06 | 00198534283TRLO1 |
| 142 | 84.76 | XLON | 24-08-2026 | 09:27:06 | 00198534284TRLO1 |
| 990 | 84.78 | XLON | 24-08-2026 | 09:29:49 | 00198534457TRLO1 |
| 2,195 | 84.78 | XLON | 24-08-2026 | 09:29:49 | 00198534458TRLO1 |
| 3,619 | 84.96 | XLON | 24-08-2026 | 09:33:23 | 00198534807TRLO1 |
| 3,245 | 84.98 | XLON | 24-08-2026 | 09:33:38 | 00198534829TRLO1 |
| 2,120 | 84.90 | XLON | 24-08-2026 | 09:33:46 | 00198534839TRLO1 |
| 1,747 | 84.90 | XLON | 24-08-2026 | 09:34:55 | 00198534901TRLO1 |
| 3,693 | 84.90 | XLON | 24-08-2026 | 09:35:20 | 00198534932TRLO1 |
| 2,000 | 84.92 | XLON | 24-08-2026 | 09:35:20 | 00198534933TRLO1 |
| 1,730 | 84.92 | XLON | 24-08-2026 | 09:35:20 | 00198534934TRLO1 |
| 3,286 | 84.90 | XLON | 24-08-2026 | 09:37:06 | 00198535041TRLO1 |
| 748 | 84.88 | XLON | 24-08-2026 | 09:38:10 | 00198535133TRLO1 |
| 2,622 | 84.88 | XLON | 24-08-2026 | 09:38:10 | 00198535134TRLO1 |
| 3,199 | 84.82 | XLON | 24-08-2026 | 09:39:37 | 00198535308TRLO1 |
| 3,192 | 84.76 | XLON | 24-08-2026 | 09:40:23 | 00198535385TRLO1 |
| 3,782 | 84.76 | XLON | 24-08-2026 | 09:41:32 | 00198535469TRLO1 |
| 3,442 | 84.74 | XLON | 24-08-2026 | 09:41:33 | 00198535470TRLO1 |
| 3,419 | 84.72 | XLON | 24-08-2026 | 09:42:42 | 00198535527TRLO1 |
| 3,764 | 84.74 | XLON | 24-08-2026 | 09:43:54 | 00198535586TRLO1 |
| 3,783 | 84.72 | XLON | 24-08-2026 | 09:47:19 | 00198535812TRLO1 |
| 143 | 84.72 | XLON | 24-08-2026 | 09:47:36 | 00198535843TRLO1 |
| 3,150 | 84.72 | XLON | 24-08-2026 | 09:47:36 | 00198535844TRLO1 |
| 3,801 | 84.72 | XLON | 24-08-2026 | 09:50:34 | 00198536030TRLO1 |
| 3,195 | 84.68 | XLON | 24-08-2026 | 09:51:46 | 00198536115TRLO1 |
| 3,213 | 84.64 | XLON | 24-08-2026 | 09:56:37 | 00198536505TRLO1 |
| 2,373 | 84.66 | XLON | 24-08-2026 | 09:57:18 | 00198536545TRLO1 |
| 966 | 84.66 | XLON | 24-08-2026 | 09:57:18 | 00198536546TRLO1 |
| 3,782 | 84.60 | XLON | 24-08-2026 | 09:57:24 | 00198536554TRLO1 |
| 3,554 | 84.58 | XLON | 24-08-2026 | 09:58:00 | 00198536579TRLO1 |
| 3,866 | 84.66 | XLON | 24-08-2026 | 09:58:03 | 00198536581TRLO1 |
| 3,432 | 84.62 | XLON | 24-08-2026 | 09:58:53 | 00198536645TRLO1 |
| 3,166 | 84.58 | XLON | 24-08-2026 | 09:59:32 | 00198536678TRLO1 |
| 141 | 84.58 | XLON | 24-08-2026 | 09:59:32 | 00198536679TRLO1 |
| 3,267 | 84.54 | XLON | 24-08-2026 | 10:01:52 | 00198536821TRLO1 |
| 3,855 | 84.50 | XLON | 24-08-2026 | 10:02:29 | 00198536847TRLO1 |
| 3,846 | 84.66 | XLON | 24-08-2026 | 10:08:22 | 00198537221TRLO1 |
| 409 | 84.66 | XLON | 24-08-2026 | 10:12:24 | 00198537509TRLO1 |
| 3,233 | 84.66 | XLON | 24-08-2026 | 10:12:24 | 00198537510TRLO1 |
| 3,529 | 84.66 | XLON | 24-08-2026 | 10:12:37 | 00198537519TRLO1 |
| 114 | 84.66 | XLON | 24-08-2026 | 10:12:37 | 00198537520TRLO1 |
| 3,281 | 84.70 | XLON | 24-08-2026 | 10:13:43 | 00198537577TRLO1 |
| 53 | 84.70 | XLON | 24-08-2026 | 10:13:43 | 00198537578TRLO1 |
| 9 | 84.66 | XLON | 24-08-2026 | 10:16:40 | 00198537825TRLO1 |
| 3,394 | 84.66 | XLON | 24-08-2026 | 10:17:09 | 00198537861TRLO1 |
| 3,193 | 84.62 | XLON | 24-08-2026 | 10:21:25 | 00198538187TRLO1 |
| 3,701 | 84.68 | XLON | 24-08-2026 | 10:29:12 | 00198538633TRLO1 |
| 2,590 | 84.62 | XLON | 24-08-2026 | 10:29:18 | 00198538642TRLO1 |
| 1,195 | 84.62 | XLON | 24-08-2026 | 10:29:21 | 00198538647TRLO1 |
| 3,318 | 84.58 | XLON | 24-08-2026 | 10:29:23 | 00198538648TRLO1 |
| 1,891 | 84.66 | XLON | 24-08-2026 | 10:33:29 | 00198538954TRLO1 |
| 1,319 | 84.66 | XLON | 24-08-2026 | 10:33:29 | 00198538955TRLO1 |
| 3,592 | 84.64 | XLON | 24-08-2026 | 10:35:19 | 00198539076TRLO1 |
| 3,187 | 84.60 | XLON | 24-08-2026 | 10:35:53 | 00198539114TRLO1 |
| 3,283 | 84.56 | XLON | 24-08-2026 | 10:36:56 | 00198539199TRLO1 |
| 593 | 84.52 | XLON | 24-08-2026 | 10:37:34 | 00198539252TRLO1 |
| 2,049 | 84.52 | XLON | 24-08-2026 | 10:37:41 | 00198539259TRLO1 |
| 953 | 84.52 | XLON | 24-08-2026 | 10:37:41 | 00198539260TRLO1 |
| 3,242 | 84.48 | XLON | 24-08-2026 | 10:40:58 | 00198539582TRLO1 |
| 190 | 84.52 | XLON | 24-08-2026 | 10:42:32 | 00198539648TRLO1 |
| 3,072 | 84.52 | XLON | 24-08-2026 | 10:46:00 | 00198539878TRLO1 |
| 3,371 | 84.56 | XLON | 24-08-2026 | 10:47:54 | 00198539989TRLO1 |
| 3,744 | 84.80 | XLON | 24-08-2026 | 11:00:42 | 00198540885TRLO1 |
| 3,686 | 84.80 | XLON | 24-08-2026 | 11:02:43 | 00198541008TRLO1 |
| 3,481 | 84.98 | XLON | 24-08-2026 | 11:09:08 | 00198541468TRLO1 |
| 3,266 | 84.88 | XLON | 24-08-2026 | 11:09:53 | 00198541524TRLO1 |
| 3,312 | 85.12 | XLON | 24-08-2026 | 11:17:06 | 00198541861TRLO1 |
| 3,207 | 85.04 | XLON | 24-08-2026 | 11:17:22 | 00198541874TRLO1 |
| 1,947 | 85.00 | XLON | 24-08-2026 | 11:19:08 | 00198542001TRLO1 |
| 3,376 | 85.04 | XLON | 24-08-2026 | 11:19:18 | 00198542032TRLO1 |
| 3,616 | 85.04 | XLON | 24-08-2026 | 11:20:49 | 00198542110TRLO1 |
| 3,560 | 85.20 | XLON | 24-08-2026 | 11:23:18 | 00198542287TRLO1 |
| 471 | 85.24 | XLON | 24-08-2026 | 11:26:02 | 00198542495TRLO1 |
| 2,789 | 85.24 | XLON | 24-08-2026 | 11:26:02 | 00198542496TRLO1 |
| 3,071 | 85.20 | XLON | 24-08-2026 | 11:26:06 | 00198542499TRLO1 |
| 114 | 85.22 | XLON | 24-08-2026 | 11:26:39 | 00198542536TRLO1 |
| 3,223 | 85.22 | XLON | 24-08-2026 | 11:26:39 | 00198542537TRLO1 |
| 3,495 | 85.24 | XLON | 24-08-2026 | 11:28:35 | 00198542669TRLO1 |
| 3,199 | 85.18 | XLON | 24-08-2026 | 11:29:08 | 00198542690TRLO1 |
| 3,825 | 85.20 | XLON | 24-08-2026 | 11:31:16 | 00198542796TRLO1 |
| 3,316 | 85.22 | XLON | 24-08-2026 | 11:31:29 | 00198542820TRLO1 |
| 3,731 | 85.24 | XLON | 24-08-2026 | 11:31:29 | 00198542821TRLO1 |
| 2,392 | 85.24 | XLON | 24-08-2026 | 11:37:44 | 00198543109TRLO1 |
| 896 | 85.24 | XLON | 24-08-2026 | 11:37:44 | 00198543110TRLO1 |
| 3,280 | 85.20 | XLON | 24-08-2026 | 11:39:22 | 00198543193TRLO1 |
| 462 | 85.16 | XLON | 24-08-2026 | 11:41:08 | 00198543306TRLO1 |
| 3,200 | 85.16 | XLON | 24-08-2026 | 11:41:31 | 00198543331TRLO1 |
| 3,732 | 85.08 | XLON | 24-08-2026 | 11:41:39 | 00198543334TRLO1 |
| 429 | 85.00 | XLON | 24-08-2026 | 11:43:30 | 00198543425TRLO1 |
| 2,867 | 85.00 | XLON | 24-08-2026 | 11:44:25 | 00198543486TRLO1 |
| 391 | 85.00 | XLON | 24-08-2026 | 11:45:09 | 00198543529TRLO1 |
| 3,730 | 85.14 | XLON | 24-08-2026 | 11:56:52 | 00198544348TRLO1 |
| 3,881 | 85.10 | XLON | 24-08-2026 | 12:00:57 | 00198544595TRLO1 |
| 3,452 | 85.12 | XLON | 24-08-2026 | 12:02:36 | 00198544751TRLO1 |
| 3,642 | 85.10 | XLON | 24-08-2026 | 12:03:40 | 00198544857TRLO1 |
| 3,336 | 85.20 | XLON | 24-08-2026 | 12:06:48 | 00198545071TRLO1 |
| 3,209 | 85.28 | XLON | 24-08-2026 | 12:09:03 | 00198545205TRLO1 |
| 3,838 | 85.24 | XLON | 24-08-2026 | 12:09:04 | 00198545206TRLO1 |
| 3,638 | 85.18 | XLON | 24-08-2026 | 12:10:10 | 00198545316TRLO1 |
| 1,024 | 85.12 | XLON | 24-08-2026 | 12:11:46 | 00198545399TRLO1 |
| 2,241 | 85.12 | XLON | 24-08-2026 | 12:11:46 | 00198545400TRLO1 |
| 3,747 | 85.12 | XLON | 24-08-2026 | 12:12:13 | 00198545416TRLO1 |
| 3,498 | 85.10 | XLON | 24-08-2026 | 12:12:26 | 00198545422TRLO1 |
| 3,825 | 85.06 | XLON | 24-08-2026 | 12:14:05 | 00198545478TRLO1 |
| 2 | 85.06 | XLON | 24-08-2026 | 12:14:05 | 00198545479TRLO1 |
| 3,320 | 84.98 | XLON | 24-08-2026 | 12:14:06 | 00198545480TRLO1 |
| 3,679 | 85.06 | XLON | 24-08-2026 | 12:14:23 | 00198545493TRLO1 |
| 3,240 | 85.04 | XLON | 24-08-2026 | 12:15:05 | 00198545527TRLO1 |
| 2,681 | 84.98 | XLON | 24-08-2026 | 12:16:47 | 00198545646TRLO1 |
| 2,464 | 85.02 | XLON | 24-08-2026 | 12:20:48 | 00198545869TRLO1 |
| 1,351 | 85.02 | XLON | 24-08-2026 | 12:20:48 | 00198545870TRLO1 |
| 3,686 | 85.00 | XLON | 24-08-2026 | 12:21:24 | 00198545903TRLO1 |
| 3,811 | 85.04 | XLON | 24-08-2026 | 12:25:13 | 00198546210TRLO1 |
| 370 | 84.98 | XLON | 24-08-2026 | 12:27:41 | 00198546349TRLO1 |
| 3,420 | 85.24 | XLON | 24-08-2026 | 12:29:31 | 00198546445TRLO1 |
| 3,337 | 85.24 | XLON | 24-08-2026 | 12:30:14 | 00198546500TRLO1 |
| 3,746 | 85.26 | XLON | 24-08-2026 | 12:31:27 | 00198546552TRLO1 |
| 3,637 | 85.22 | XLON | 24-08-2026 | 12:31:57 | 00198546565TRLO1 |
| 3,461 | 85.24 | XLON | 24-08-2026 | 12:32:33 | 00198546616TRLO1 |
| 3,482 | 85.30 | XLON | 24-08-2026 | 12:36:10 | 00198546816TRLO1 |
| 2,583 | 85.28 | XLON | 24-08-2026 | 12:36:23 | 00198546823TRLO1 |
| 1,154 | 85.28 | XLON | 24-08-2026 | 12:36:46 | 00198546853TRLO1 |
| 3,713 | 85.38 | XLON | 24-08-2026 | 12:38:54 | 00198547041TRLO1 |
| 2,228 | 85.32 | XLON | 24-08-2026 | 12:39:03 | 00198547061TRLO1 |
| 1,151 | 85.32 | XLON | 24-08-2026 | 12:39:03 | 00198547062TRLO1 |
| 3,190 | 85.34 | XLON | 24-08-2026 | 12:43:46 | 00198547295TRLO1 |
| 64 | 85.30 | XLON | 24-08-2026 | 12:46:53 | 00198547481TRLO1 |
| 3,284 | 85.30 | XLON | 24-08-2026 | 12:46:53 | 00198547482TRLO1 |
| 2,013 | 85.26 | XLON | 24-08-2026 | 12:48:23 | 00198547568TRLO1 |
| 1,460 | 85.26 | XLON | 24-08-2026 | 12:48:23 | 00198547569TRLO1 |
| 3,349 | 85.22 | XLON | 24-08-2026 | 12:48:56 | 00198547604TRLO1 |
| 2,685 | 85.18 | XLON | 24-08-2026 | 12:50:41 | 00198547729TRLO1 |
| 586 | 85.18 | XLON | 24-08-2026 | 12:50:47 | 00198547740TRLO1 |
| 3,292 | 85.20 | XLON | 24-08-2026 | 12:52:20 | 00198547831TRLO1 |
| 3,199 | 85.18 | XLON | 24-08-2026 | 12:54:07 | 00198547964TRLO1 |
| 1,248 | 85.12 | XLON | 24-08-2026 | 12:55:19 | 00198548068TRLO1 |
| 2,411 | 85.12 | XLON | 24-08-2026 | 12:55:19 | 00198548069TRLO1 |
| 3,634 | 85.24 | XLON | 24-08-2026 | 12:56:09 | 00198548186TRLO1 |
| 1,413 | 85.16 | XLON | 24-08-2026 | 12:57:15 | 00198548277TRLO1 |
| 1,846 | 85.16 | XLON | 24-08-2026 | 12:57:15 | 00198548278TRLO1 |
| 3,689 | 85.14 | XLON | 24-08-2026 | 12:58:17 | 00198548317TRLO1 |
| 3,665 | 85.10 | XLON | 24-08-2026 | 12:59:43 | 00198548408TRLO1 |
| 3,285 | 85.08 | XLON | 24-08-2026 | 13:00:29 | 00198548455TRLO1 |
| 3,805 | 85.12 | XLON | 24-08-2026 | 13:04:00 | 00198548612TRLO1 |
| 2,537 | 85.06 | XLON | 24-08-2026 | 13:04:11 | 00198548618TRLO1 |
| 925 | 85.06 | XLON | 24-08-2026 | 13:04:11 | 00198548619TRLO1 |
| 525 | 85.04 | XLON | 24-08-2026 | 13:06:00 | 00198548691TRLO1 |
| 525 | 85.04 | XLON | 24-08-2026 | 13:06:00 | 00198548692TRLO1 |
| 2,563 | 85.04 | XLON | 24-08-2026 | 13:06:00 | 00198548693TRLO1 |
| 1,554 | 85.14 | XLON | 24-08-2026 | 13:07:41 | 00198548766TRLO1 |
| 1,658 | 85.14 | XLON | 24-08-2026 | 13:07:41 | 00198548767TRLO1 |
| 2,766 | 85.18 | XLON | 24-08-2026 | 13:09:25 | 00198548981TRLO1 |
| 3,670 | 85.22 | XLON | 24-08-2026 | 13:10:01 | 00198549024TRLO1 |
| 3,832 | 85.22 | XLON | 24-08-2026 | 13:10:08 | 00198549033TRLO1 |
| 2,144 | 85.24 | XLON | 24-08-2026 | 13:14:21 | 00198549263TRLO1 |
| 1,084 | 85.24 | XLON | 24-08-2026 | 13:14:21 | 00198549264TRLO1 |
| 3,322 | 85.24 | XLON | 24-08-2026 | 13:14:30 | 00198549271TRLO1 |
| 3,803 | 85.26 | XLON | 24-08-2026 | 13:14:31 | 00198549275TRLO1 |
| 3,740 | 85.20 | XLON | 24-08-2026 | 13:15:02 | 00198549312TRLO1 |
| 3,514 | 85.18 | XLON | 24-08-2026 | 13:16:50 | 00198549412TRLO1 |
| 3,411 | 85.18 | XLON | 24-08-2026 | 13:19:55 | 00198549542TRLO1 |
| 219 | 85.14 | XLON | 24-08-2026 | 13:21:45 | 00198549638TRLO1 |
| 3,003 | 85.14 | XLON | 24-08-2026 | 13:21:45 | 00198549639TRLO1 |
| 367 | 85.20 | XLON | 24-08-2026 | 13:23:00 | 00198549718TRLO1 |
| 3,189 | 85.20 | XLON | 24-08-2026 | 13:23:00 | 00198549719TRLO1 |
| 174 | 85.22 | XLON | 24-08-2026 | 13:25:00 | 00198549854TRLO1 |
| 3,624 | 85.22 | XLON | 24-08-2026 | 13:27:11 | 00198549951TRLO1 |
| 3,190 | 85.18 | XLON | 24-08-2026 | 13:28:21 | 00198550063TRLO1 |
| 3,115 | 85.18 | XLON | 24-08-2026 | 13:30:16 | 00198550166TRLO1 |
| 3,730 | 85.20 | XLON | 24-08-2026 | 13:32:53 | 00198550324TRLO1 |
| 3,882 | 85.14 | XLON | 24-08-2026 | 13:32:54 | 00198550372TRLO1 |
| 2,120 | 85.10 | XLON | 24-08-2026 | 13:32:56 | 00198550382TRLO1 |
| 110 | 85.10 | XLON | 24-08-2026 | 13:32:56 | 00198550383TRLO1 |
| 1,641 | 85.10 | XLON | 24-08-2026 | 13:32:56 | 00198550384TRLO1 |
| 3,288 | 85.06 | XLON | 24-08-2026 | 13:32:58 | 00198550393TRLO1 |
| 3,625 | 85.10 | XLON | 24-08-2026 | 13:33:02 | 00198550410TRLO1 |
| 315 | 85.18 | XLON | 24-08-2026 | 13:36:04 | 00198550549TRLO1 |
| 216 | 85.18 | XLON | 24-08-2026 | 13:36:04 | 00198550550TRLO1 |
| 216 | 85.18 | XLON | 24-08-2026 | 13:36:04 | 00198550551TRLO1 |
| 2,536 | 85.18 | XLON | 24-08-2026 | 13:36:27 | 00198550569TRLO1 |
| 3,211 | 85.20 | XLON | 24-08-2026 | 13:37:13 | 00198550600TRLO1 |
| 3,460 | 85.12 | XLON | 24-08-2026 | 13:37:41 | 00198550628TRLO1 |
| 1,387 | 85.04 | XLON | 24-08-2026 | 13:38:37 | 00198550669TRLO1 |
| 3,470 | 85.08 | XLON | 24-08-2026 | 13:41:49 | 00198550866TRLO1 |
| 3,234 | 85.02 | XLON | 24-08-2026 | 13:41:54 | 00198550870TRLO1 |
| 1,790 | 85.06 | XLON | 24-08-2026 | 13:41:58 | 00198550889TRLO1 |
| 1,919 | 85.06 | XLON | 24-08-2026 | 13:41:58 | 00198550890TRLO1 |
| 3,278 | 85.00 | XLON | 24-08-2026 | 13:43:39 | 00198551022TRLO1 |
| 3,426 | 84.92 | XLON | 24-08-2026 | 13:44:03 | 00198551099TRLO1 |
| 3,525 | 84.92 | XLON | 24-08-2026 | 13:44:32 | 00198551141TRLO1 |
| 3,561 | 84.90 | XLON | 24-08-2026 | 13:44:41 | 00198551149TRLO1 |
| 3,339 | 84.88 | XLON | 24-08-2026 | 13:45:34 | 00198551193TRLO1 |
| 3,385 | 84.92 | XLON | 24-08-2026 | 13:46:22 | 00198551225TRLO1 |
| 2,518 | 84.86 | XLON | 24-08-2026 | 13:51:39 | 00198551557TRLO1 |
| 410 | 84.86 | XLON | 24-08-2026 | 13:51:50 | 00198551562TRLO1 |
| 645 | 84.86 | XLON | 24-08-2026 | 13:52:07 | 00198551579TRLO1 |
| 3,354 | 84.80 | XLON | 24-08-2026 | 13:52:40 | 00198551610TRLO1 |
| 534 | 84.80 | XLON | 24-08-2026 | 13:53:52 | 00198551672TRLO1 |
| 2,425 | 84.80 | XLON | 24-08-2026 | 13:56:05 | 00198551788TRLO1 |
| 489 | 84.80 | XLON | 24-08-2026 | 13:56:42 | 00198551826TRLO1 |
| 642 | 84.80 | XLON | 24-08-2026 | 13:57:25 | 00198551864TRLO1 |
| 2,740 | 84.82 | XLON | 24-08-2026 | 13:58:48 | 00198551932TRLO1 |
| 356 | 84.82 | XLON | 24-08-2026 | 13:59:50 | 00198551976TRLO1 |
| 148 | 84.82 | XLON | 24-08-2026 | 13:59:52 | 00198551982TRLO1 |
| 3,666 | 84.78 | XLON | 24-08-2026 | 14:00:24 | 00198552016TRLO1 |
| 2,458 | 84.78 | XLON | 24-08-2026 | 14:01:09 | 00198552061TRLO1 |
| 1,306 | 84.78 | XLON | 24-08-2026 | 14:05:27 | 00198552252TRLO1 |
| 3,391 | 84.74 | XLON | 24-08-2026 | 14:07:17 | 00198552359TRLO1 |
| 3,573 | 84.68 | XLON | 24-08-2026 | 14:08:43 | 00198552442TRLO1 |
| 1,380 | 84.64 | XLON | 24-08-2026 | 14:08:51 | 00198552454TRLO1 |
| 1,849 | 84.64 | XLON | 24-08-2026 | 14:09:38 | 00198552482TRLO1 |
| 3,395 | 84.60 | XLON | 24-08-2026 | 14:10:16 | 00198552509TRLO1 |
| 433 | 84.54 | XLON | 24-08-2026 | 14:11:21 | 00198552567TRLO1 |
| 2,662 | 84.54 | XLON | 24-08-2026 | 14:11:42 | 00198552609TRLO1 |
| 615 | 84.54 | XLON | 24-08-2026 | 14:11:47 | 00198552626TRLO1 |
| 572 | 84.48 | XLON | 24-08-2026 | 14:12:07 | 00198552675TRLO1 |
| 2,708 | 84.48 | XLON | 24-08-2026 | 14:12:29 | 00198552715TRLO1 |
| 2,605 | 84.42 | XLON | 24-08-2026 | 14:14:55 | 00198552857TRLO1 |
| 3,212 | 84.46 | XLON | 24-08-2026 | 14:15:16 | 00198552869TRLO1 |
| 2,985 | 84.76 | XLON | 24-08-2026 | 14:17:32 | 00198553003TRLO1 |
| 605 | 84.76 | XLON | 24-08-2026 | 14:17:32 | 00198553004TRLO1 |
| 120 | 84.78 | XLON | 24-08-2026 | 14:21:12 | 00198553209TRLO1 |
| 3,355 | 84.78 | XLON | 24-08-2026 | 14:21:12 | 00198553210TRLO1 |
| 3,432 | 84.76 | XLON | 24-08-2026 | 14:21:42 | 00198553241TRLO1 |
| 2,806 | 84.78 | XLON | 24-08-2026 | 14:25:45 | 00198553436TRLO1 |
| 403 | 84.78 | XLON | 24-08-2026 | 14:25:56 | 00198553443TRLO1 |
| 179 | 84.78 | XLON | 24-08-2026 | 14:27:00 | 00198553512TRLO1 |
| 137 | 84.78 | XLON | 24-08-2026 | 14:27:19 | 00198553523TRLO1 |
| 3,566 | 84.78 | XLON | 24-08-2026 | 14:27:21 | 00198553525TRLO1 |
| 3,661 | 84.86 | XLON | 24-08-2026 | 14:28:00 | 00198553563TRLO1 |
| 3 | 84.86 | XLON | 24-08-2026 | 14:28:00 | 00198553564TRLO1 |
| 3,493 | 84.90 | XLON | 24-08-2026 | 14:30:54 | 00198554192TRLO1 |
| 3,527 | 84.84 | XLON | 24-08-2026 | 14:31:33 | 00198554314TRLO1 |
| 1,989 | 84.80 | XLON | 24-08-2026 | 14:31:35 | 00198554319TRLO1 |
| 1,434 | 84.80 | XLON | 24-08-2026 | 14:31:35 | 00198554320TRLO1 |
| 3,800 | 84.76 | XLON | 24-08-2026 | 14:32:15 | 00198554471TRLO1 |
| 3,504 | 84.84 | XLON | 24-08-2026 | 14:33:55 | 00198554852TRLO1 |
| 187 | 84.84 | XLON | 24-08-2026 | 14:33:55 | 00198554853TRLO1 |
| 3,765 | 84.82 | XLON | 24-08-2026 | 14:34:56 | 00198555089TRLO1 |
| 3,560 | 84.86 | XLON | 24-08-2026 | 14:35:56 | 00198555294TRLO1 |
| 3,392 | 85.14 | XLON | 24-08-2026 | 14:38:26 | 00198555798TRLO1 |
| 3,827 | 85.04 | XLON | 24-08-2026 | 14:39:27 | 00198555953TRLO1 |
| 2,892 | 85.12 | XLON | 24-08-2026 | 14:39:51 | 00198556015TRLO1 |
| 392 | 85.12 | XLON | 24-08-2026 | 14:39:51 | 00198556016TRLO1 |
| 3,405 | 85.34 | XLON | 24-08-2026 | 14:42:18 | 00198556580TRLO1 |
| 3,227 | 85.26 | XLON | 24-08-2026 | 14:42:22 | 00198556596TRLO1 |
| 3,658 | 85.14 | XLON | 24-08-2026 | 14:42:24 | 00198556601TRLO1 |
| 3,365 | 85.24 | XLON | 24-08-2026 | 14:43:49 | 00198556818TRLO1 |
| 3,258 | 85.40 | XLON | 24-08-2026 | 14:45:00 | 00198556987TRLO1 |
| 3,383 | 85.70 | XLON | 24-08-2026 | 14:48:05 | 00198557459TRLO1 |
| 3,581 | 85.86 | XLON | 24-08-2026 | 14:52:09 | 00198557981TRLO1 |
| 3,856 | 85.86 | XLON | 24-08-2026 | 14:53:59 | 00198558215TRLO1 |
| 3,452 | 85.78 | XLON | 24-08-2026 | 14:54:36 | 00198558281TRLO1 |
| 3,606 | 85.80 | XLON | 24-08-2026 | 14:55:18 | 00198558405TRLO1 |
| 3,356 | 85.88 | XLON | 24-08-2026 | 14:57:25 | 00198558667TRLO1 |
| 3,543 | 85.84 | XLON | 24-08-2026 | 14:57:26 | 00198558671TRLO1 |
| 3,712 | 85.76 | XLON | 24-08-2026 | 14:57:40 | 00198558701TRLO1 |
| 3,738 | 85.74 | XLON | 24-08-2026 | 14:58:20 | 00198558783TRLO1 |
| 3,422 | 85.70 | XLON | 24-08-2026 | 14:58:21 | 00198558785TRLO1 |
| 3,396 | 85.70 | XLON | 24-08-2026 | 14:58:50 | 00198558852TRLO1 |
| 3,759 | 85.62 | XLON | 24-08-2026 | 14:59:35 | 00198558942TRLO1 |
| 3,870 | 85.74 | XLON | 24-08-2026 | 15:00:16 | 00198559024TRLO1 |
| 280 | 85.76 | XLON | 24-08-2026 | 15:00:16 | 00198559025TRLO1 |
| 1,000 | 85.76 | XLON | 24-08-2026 | 15:00:16 | 00198559026TRLO1 |
| 2,048 | 85.76 | XLON | 24-08-2026 | 15:00:16 | 00198559027TRLO1 |
| 3,376 | 85.72 | XLON | 24-08-2026 | 15:02:55 | 00198559292TRLO1 |
| 3,655 | 85.70 | XLON | 24-08-2026 | 15:04:12 | 00198559420TRLO1 |
| 3,288 | 85.66 | XLON | 24-08-2026 | 15:04:37 | 00198559543TRLO1 |
| 3,552 | 85.64 | XLON | 24-08-2026 | 15:05:27 | 00198559665TRLO1 |
| 3,548 | 85.56 | XLON | 24-08-2026 | 15:05:42 | 00198559683TRLO1 |
| 1,496 | 85.54 | XLON | 24-08-2026 | 15:06:37 | 00198559775TRLO1 |
| 1,721 | 85.54 | XLON | 24-08-2026 | 15:06:37 | 00198559776TRLO1 |
| 3,554 | 85.44 | XLON | 24-08-2026 | 15:07:22 | 00198559923TRLO1 |
| 3,516 | 85.44 | XLON | 24-08-2026 | 15:07:24 | 00198559926TRLO1 |
| 3,396 | 85.54 | XLON | 24-08-2026 | 15:08:03 | 00198560003TRLO1 |
| 3,813 | 85.54 | XLON | 24-08-2026 | 15:09:13 | 00198560139TRLO1 |
| 3,541 | 85.48 | XLON | 24-08-2026 | 15:09:25 | 00198560159TRLO1 |
| 887 | 85.40 | XLON | 24-08-2026 | 15:12:56 | 00198560686TRLO1 |
| 3,448 | 85.54 | XLON | 24-08-2026 | 15:14:52 | 00198560904TRLO1 |
| 3,801 | 85.62 | XLON | 24-08-2026 | 15:18:52 | 00198561338TRLO1 |
| 3,456 | 85.58 | XLON | 24-08-2026 | 15:18:53 | 00198561340TRLO1 |
| 3,576 | 85.64 | XLON | 24-08-2026 | 15:19:40 | 00198561451TRLO1 |
| 3,599 | 85.58 | XLON | 24-08-2026 | 15:21:19 | 00198561644TRLO1 |
| 3,654 | 85.54 | XLON | 24-08-2026 | 15:21:23 | 00198561650TRLO1 |
| 3,524 | 85.50 | XLON | 24-08-2026 | 15:21:30 | 00198561669TRLO1 |
| 3,587 | 85.48 | XLON | 24-08-2026 | 15:22:23 | 00198561753TRLO1 |
| 3,447 | 85.54 | XLON | 24-08-2026 | 15:24:22 | 00198561966TRLO1 |
| 2,529 | 85.48 | XLON | 24-08-2026 | 15:24:40 | 00198561988TRLO1 |
| 3,580 | 85.50 | XLON | 24-08-2026 | 15:25:23 | 00198562073TRLO1 |
| 3,362 | 85.48 | XLON | 24-08-2026 | 15:25:51 | 00198562124TRLO1 |
| 3,424 | 85.54 | XLON | 24-08-2026 | 15:27:10 | 00198562259TRLO1 |
| 701 | 85.54 | XLON | 24-08-2026 | 15:27:44 | 00198562321TRLO1 |
| 3,002 | 85.54 | XLON | 24-08-2026 | 15:27:44 | 00198562322TRLO1 |
| 3,791 | 85.50 | XLON | 24-08-2026 | 15:29:14 | 00198562471TRLO1 |
| 3,011 | 85.44 | XLON | 24-08-2026 | 15:29:15 | 00198562474TRLO1 |
| 677 | 85.44 | XLON | 24-08-2026 | 15:30:12 | 00198562650TRLO1 |
| 3,210 | 85.46 | XLON | 24-08-2026 | 15:32:02 | 00198562876TRLO1 |
| 2,700 | 85.48 | XLON | 24-08-2026 | 15:33:26 | 00198563034TRLO1 |
| 1,017 | 85.48 | XLON | 24-08-2026 | 15:33:26 | 00198563035TRLO1 |
| 484 | 85.44 | XLON | 24-08-2026 | 15:33:54 | 00198563121TRLO1 |
| 3,352 | 85.44 | XLON | 24-08-2026 | 15:33:54 | 00198563122TRLO1 |
| 3,203 | 85.48 | XLON | 24-08-2026 | 15:36:13 | 00198563438TRLO1 |
| 3,706 | 85.56 | XLON | 24-08-2026 | 15:37:39 | 00198563592TRLO1 |
| 3,393 | 85.54 | XLON | 24-08-2026 | 15:40:46 | 00198564186TRLO1 |
| 3,260 | 85.64 | XLON | 24-08-2026 | 15:42:36 | 00198564370TRLO1 |
| 3,695 | 85.58 | XLON | 24-08-2026 | 15:43:31 | 00198564477TRLO1 |
| 3,881 | 85.54 | XLON | 24-08-2026 | 15:44:10 | 00198564538TRLO1 |
| 3,246 | 85.56 | XLON | 24-08-2026 | 15:45:50 | 00198564705TRLO1 |
| 3,700 | 85.62 | XLON | 24-08-2026 | 15:46:17 | 00198564736TRLO1 |
| 3,511 | 85.58 | XLON | 24-08-2026 | 15:46:52 | 00198564785TRLO1 |
| 3,326 | 85.52 | XLON | 24-08-2026 | 15:47:40 | 00198564828TRLO1 |
| 3,848 | 85.48 | XLON | 24-08-2026 | 15:47:59 | 00198564850TRLO1 |
| 3,672 | 85.42 | XLON | 24-08-2026 | 15:49:11 | 00198564986TRLO1 |
| 3,195 | 85.38 | XLON | 24-08-2026 | 15:49:34 | 00198565044TRLO1 |
| 3,221 | 85.34 | XLON | 24-08-2026 | 15:49:46 | 00198565055TRLO1 |
| 3,739 | 85.32 | XLON | 24-08-2026 | 15:49:50 | 00198565069TRLO1 |
| 3,463 | 85.42 | XLON | 24-08-2026 | 15:52:07 | 00198565321TRLO1 |
| 1,252 | 85.44 | XLON | 24-08-2026 | 15:55:00 | 00198565611TRLO1 |
| 3,387 | 85.54 | XLON | 24-08-2026 | 15:57:07 | 00198565835TRLO1 |
| 3,624 | 85.48 | XLON | 24-08-2026 | 15:59:07 | 00198566032TRLO1 |
| 3,251 | 85.42 | XLON | 24-08-2026 | 15:59:35 | 00198566125TRLO1 |
| 3,569 | 85.40 | XLON | 24-08-2026 | 16:00:10 | 00198566201TRLO1 |
| 3,410 | 85.34 | XLON | 24-08-2026 | 16:00:13 | 00198566208TRLO1 |
| 3,753 | 85.40 | XLON | 24-08-2026 | 16:01:21 | 00198566338TRLO1 |
| 3,460 | 85.42 | XLON | 24-08-2026 | 16:01:50 | 00198566385TRLO1 |
| 3,619 | 85.42 | XLON | 24-08-2026 | 16:02:14 | 00198566423TRLO1 |
| 3,364 | 85.40 | XLON | 24-08-2026 | 16:02:45 | 00198566521TRLO1 |
| 3,531 | 85.46 | XLON | 24-08-2026 | 16:03:48 | 00198566630TRLO1 |
| 3,356 | 85.42 | XLON | 24-08-2026 | 16:05:32 | 00198566805TRLO1 |
| 3,747 | 85.50 | XLON | 24-08-2026 | 16:07:55 | 00198567118TRLO1 |
| 3,708 | 85.52 | XLON | 24-08-2026 | 16:10:46 | 00198567421TRLO1 |
| 3,416 | 85.48 | XLON | 24-08-2026 | 16:10:59 | 00198567436TRLO1 |
| 1,182 | 85.44 | XLON | 24-08-2026 | 16:13:13 | 00198567709TRLO1 |
| 2,614 | 85.44 | XLON | 24-08-2026 | 16:13:13 | 00198567710TRLO1 |
| 92 | 85.46 | XLON | 24-08-2026 | 16:14:16 | 00198567838TRLO1 |
| 3,243 | 85.46 | XLON | 24-08-2026 | 16:14:16 | 00198567839TRLO1 |
| 3,252 | 85.40 | XLON | 24-08-2026 | 16:14:52 | 00198567921TRLO1 |
| 2,643 | 85.32 | XLON | 24-08-2026 | 16:15:33 | 00198568015TRLO1 |
| 793 | 85.32 | XLON | 24-08-2026 | 16:15:33 | 00198568016TRLO1 |
| 3,643 | 85.48 | XLON | 24-08-2026 | 16:16:55 | 00198568162TRLO1 |
| 3,891 | 85.46 | XLON | 24-08-2026 | 16:17:46 | 00198568293TRLO1 |
| 3,294 | 85.58 | XLON | 24-08-2026 | 16:19:21 | 00198568445TRLO1 |
| 3,683 | 85.52 | XLON | 24-08-2026 | 16:20:13 | 00198568544TRLO1 |
| 3,457 | 85.54 | XLON | 24-08-2026 | 16:21:28 | 00198568699TRLO1 |
| 3,255 | 85.46 | XLON | 24-08-2026 | 16:21:52 | 00198568737TRLO1 |
| 592 | 85.48 | XLON | 24-08-2026 | 16:22:53 | 00198569049TRLO1 |
| 3,323 | 85.52 | XLON | 24-08-2026 | 16:23:34 | 00198569136TRLO1 |
| 3,258 | 85.54 | XLON | 24-08-2026 | 16:25:18 | 00198569346TRLO1 |
| 3,674 | 85.50 | XLON | 24-08-2026 | 16:26:16 | 00198569448TRLO1 |
| 513 | 85.54 | XLON | 24-08-2026 | 16:26:22 | 00198569459TRLO1 |
| 1,450 | 85.54 | XLON | 24-08-2026 | 16:26:22 | 00198569460TRLO1 |
| 386 | 85.58 | XLON | 24-08-2026 | 16:26:26 | 00198569467TRLO1 |
| 1,778 | 85.58 | XLON | 24-08-2026 | 16:26:26 | 00198569468TRLO1 |
| 157 | 85.58 | XLON | 24-08-2026 | 16:26:26 | 00198569469TRLO1 |
| 10 | 85.58 | XLON | 24-08-2026 | 16:26:26 | 00198569470TRLO1 |
| 1,355 | 85.58 | XLON | 24-08-2026 | 16:26:26 | 00198569471TRLO1 |
| 3,749 | 85.60 | XLON | 24-08-2026 | 16:26:36 | 00198569489TRLO1 |
| 3,406 | 85.64 | XLON | 24-08-2026 | 16:26:47 | 00198569510TRLO1 |
| 3,360 | 85.74 | XLON | 24-08-2026 | 16:26:48 | 00198569511TRLO1 |
| 1,391 | 85.68 | XLON | 24-08-2026 | 16:26:58 | 00198569533TRLO1 |
| 2,124 | 85.68 | XLON | 24-08-2026 | 16:26:58 | 00198569534TRLO1 |
| 3,369 | 85.70 | XLON | 24-08-2026 | 16:27:48 | 00198569640TRLO1 |
| 3,556 | 85.70 | XLON | 24-08-2026 | 16:27:51 | 00198569649TRLO1 |
| 548 | 85.70 | XLON | 24-08-2026 | 16:28:04 | 00198569684TRLO1 |
| 2,974 | 85.70 | XLON | 24-08-2026 | 16:28:04 | 00198569685TRLO1 |
| 3,483 | 85.70 | XLON | 24-08-2026 | 16:28:13 | 00198569694TRLO1 |
| 3,484 | 85.72 | XLON | 24-08-2026 | 16:28:36 | 00198569749TRLO1 |
| 195 | 85.72 | XLON | 24-08-2026 | 16:28:40 | 00198569752TRLO1 |
| 3,133 | 85.72 | XLON | 24-08-2026 | 16:28:40 | 00198569753TRLO1 |
| 3,481 | 85.80 | XLON | 24-08-2026 | 16:29:18 | 00198569872TRLO1 |
| 3,345 | 85.86 | XLON | 24-08-2026 | 16:29:41 | 00198569927TRLO1 |
| 3,846 | 85.82 | XLON | 24-08-2026 | 16:29:44 | 00198569930TRLO1 |
| 3,485 | 85.86 | XLON | 24-08-2026 | 16:29:50 | 00198569955TRLO1 |
| 3,735 | 86.00 | XLON | 25-08-2026 | 08:01:10 | 00198578677TRLO1 |
| 3,394 | 85.74 | XLON | 25-08-2026 | 08:01:15 | 00198578696TRLO1 |
| 3,221 | 85.52 | XLON | 25-08-2026 | 08:01:53 | 00198578782TRLO1 |
| 3,272 | 85.54 | XLON | 25-08-2026 | 08:03:21 | 00198579056TRLO1 |
| 439 | 85.54 | XLON | 25-08-2026 | 08:03:21 | 00198579057TRLO1 |
| 3,650 | 85.36 | XLON | 25-08-2026 | 08:03:40 | 00198579101TRLO1 |
| 3,584 | 85.18 | XLON | 25-08-2026 | 08:04:43 | 00198579257TRLO1 |
| 3,434 | 84.90 | XLON | 25-08-2026 | 08:04:51 | 00198579273TRLO1 |
| 3,356 | 84.92 | XLON | 25-08-2026 | 08:04:51 | 00198579274TRLO1 |
| 3,856 | 84.66 | XLON | 25-08-2026 | 08:05:15 | 00198579358TRLO1 |
| 3,306 | 84.58 | XLON | 25-08-2026 | 08:05:16 | 00198579364TRLO1 |
| 3,264 | 84.46 | XLON | 25-08-2026 | 08:10:02 | 00198579850TRLO1 |
| 3,785 | 84.44 | XLON | 25-08-2026 | 08:10:15 | 00198579870TRLO1 |
| 3,518 | 84.24 | XLON | 25-08-2026 | 08:12:47 | 00198580085TRLO1 |
| 96 | 84.14 | XLON | 25-08-2026 | 08:12:53 | 00198580094TRLO1 |
| 3,096 | 84.14 | XLON | 25-08-2026 | 08:12:53 | 00198580095TRLO1 |
| 100 | 84.16 | XLON | 25-08-2026 | 08:14:12 | 00198580178TRLO1 |
| 3,595 | 84.16 | XLON | 25-08-2026 | 08:14:12 | 00198580179TRLO1 |
| 3,312 | 84.06 | XLON | 25-08-2026 | 08:15:00 | 00198580218TRLO1 |
| 3,764 | 84.12 | XLON | 25-08-2026 | 08:15:03 | 00198580222TRLO1 |
| 3,657 | 84.38 | XLON | 25-08-2026 | 08:16:33 | 00198580364TRLO1 |
| 3,489 | 84.44 | XLON | 25-08-2026 | 08:18:45 | 00198580563TRLO1 |
| 3,375 | 84.38 | XLON | 25-08-2026 | 08:18:56 | 00198580583TRLO1 |
| 3,292 | 84.34 | XLON | 25-08-2026 | 08:19:03 | 00198580590TRLO1 |
| 3,509 | 84.34 | XLON | 25-08-2026 | 08:19:43 | 00198580643TRLO1 |
| 3,660 | 84.48 | XLON | 25-08-2026 | 08:24:01 | 00198580877TRLO1 |
| 3,679 | 84.50 | XLON | 25-08-2026 | 08:25:26 | 00198581008TRLO1 |
| 3,299 | 84.46 | XLON | 25-08-2026 | 08:25:37 | 00198581028TRLO1 |
| 3,398 | 84.40 | XLON | 25-08-2026 | 08:27:01 | 00198581175TRLO1 |
| 3,739 | 84.30 | XLON | 25-08-2026 | 08:27:28 | 00198581206TRLO1 |
| 3,738 | 84.30 | XLON | 25-08-2026 | 08:29:47 | 00198581357TRLO1 |
| 3,710 | 84.18 | XLON | 25-08-2026 | 08:29:49 | 00198581359TRLO1 |
| 3,771 | 83.90 | XLON | 25-08-2026 | 08:29:51 | 00198581360TRLO1 |
| 3,201 | 83.74 | XLON | 25-08-2026 | 08:29:55 | 00198581369TRLO1 |
| 3,622 | 83.74 | XLON | 25-08-2026 | 08:29:58 | 00198581371TRLO1 |
| 3,332 | 83.78 | XLON | 25-08-2026 | 08:30:14 | 00198581428TRLO1 |
| 3,791 | 83.68 | XLON | 25-08-2026 | 08:30:36 | 00198581534TRLO1 |
| 3,695 | 83.88 | XLON | 25-08-2026 | 08:32:03 | 00198581713TRLO1 |
| 3,291 | 83.90 | XLON | 25-08-2026 | 08:33:58 | 00198581954TRLO1 |
| 3,406 | 83.84 | XLON | 25-08-2026 | 08:34:19 | 00198582015TRLO1 |
| 3,838 | 83.76 | XLON | 25-08-2026 | 08:34:30 | 00198582022TRLO1 |
| 3,599 | 83.82 | XLON | 25-08-2026 | 08:36:08 | 00198582164TRLO1 |
| 3,412 | 84.06 | XLON | 25-08-2026 | 08:36:46 | 00198582217TRLO1 |
| 3,139 | 83.94 | XLON | 25-08-2026 | 08:36:52 | 00198582227TRLO1 |
| 295 | 83.94 | XLON | 25-08-2026 | 08:36:52 | 00198582228TRLO1 |
| 3,858 | 83.74 | XLON | 25-08-2026 | 08:37:10 | 00198582274TRLO1 |
| 3,317 | 83.70 | XLON | 25-08-2026 | 08:37:29 | 00198582308TRLO1 |
| 3,514 | 83.76 | XLON | 25-08-2026 | 08:38:04 | 00198582410TRLO1 |
| 3,064 | 83.66 | XLON | 25-08-2026 | 08:38:24 | 00198582446TRLO1 |
| 688 | 83.66 | XLON | 25-08-2026 | 08:38:24 | 00198582447TRLO1 |
| 3,465 | 84.00 | XLON | 25-08-2026 | 08:38:48 | 00198582470TRLO1 |
| 3,193 | 83.90 | XLON | 25-08-2026 | 08:38:49 | 00198582472TRLO1 |
| 3,426 | 84.06 | XLON | 25-08-2026 | 08:42:17 | 00198582745TRLO1 |
| 3,066 | 83.94 | XLON | 25-08-2026 | 08:43:57 | 00198582861TRLO1 |
| 3,777 | 84.06 | XLON | 25-08-2026 | 08:46:24 | 00198583043TRLO1 |
| 3,675 | 83.96 | XLON | 25-08-2026 | 08:46:48 | 00198583068TRLO1 |
| 3,695 | 83.86 | XLON | 25-08-2026 | 08:47:37 | 00198583117TRLO1 |
| 3,578 | 83.82 | XLON | 25-08-2026 | 08:48:12 | 00198583168TRLO1 |
| 2,694 | 83.72 | XLON | 25-08-2026 | 08:48:54 | 00198583232TRLO1 |
| 751 | 83.72 | XLON | 25-08-2026 | 08:50:08 | 00198583343TRLO1 |
| 3,435 | 83.64 | XLON | 25-08-2026 | 08:51:46 | 00198583466TRLO1 |
| 3,715 | 83.60 | XLON | 25-08-2026 | 08:52:25 | 00198583509TRLO1 |
| 2,738 | 83.46 | XLON | 25-08-2026 | 08:55:06 | 00198583660TRLO1 |
| 972 | 83.46 | XLON | 25-08-2026 | 08:55:06 | 00198583661TRLO1 |
| 3,721 | 83.72 | XLON | 25-08-2026 | 08:56:53 | 00198583806TRLO1 |
| 3,229 | 83.80 | XLON | 25-08-2026 | 09:01:59 | 00198584280TRLO1 |
| 3,243 | 83.90 | XLON | 25-08-2026 | 09:11:16 | 00198585026TRLO1 |
| 3,657 | 84.26 | XLON | 25-08-2026 | 09:19:20 | 00198585560TRLO1 |
| 3,827 | 84.50 | XLON | 25-08-2026 | 09:23:58 | 00198586013TRLO1 |
| 3,203 | 84.48 | XLON | 25-08-2026 | 09:24:03 | 00198586020TRLO1 |
| 3,402 | 84.66 | XLON | 25-08-2026 | 09:24:52 | 00198586117TRLO1 |
| 3,619 | 84.68 | XLON | 25-08-2026 | 09:24:53 | 00198586121TRLO1 |
| 3,828 | 84.56 | XLON | 25-08-2026 | 09:24:55 | 00198586129TRLO1 |
| 3,184 | 84.56 | XLON | 25-08-2026 | 09:26:45 | 00198586278TRLO1 |
| 684 | 84.56 | XLON | 25-08-2026 | 09:26:45 | 00198586279TRLO1 |
| 132 | 84.48 | XLON | 25-08-2026 | 09:30:20 | 00198586547TRLO1 |
| 3,504 | 84.48 | XLON | 25-08-2026 | 09:30:23 | 00198586552TRLO1 |
| 375 | 84.46 | XLON | 25-08-2026 | 09:33:21 | 00198586768TRLO1 |
| 3,294 | 84.46 | XLON | 25-08-2026 | 09:33:21 | 00198586769TRLO1 |
| 316 | 84.32 | XLON | 25-08-2026 | 09:33:53 | 00198586803TRLO1 |
| 12 | 84.32 | XLON | 25-08-2026 | 09:33:53 | 00198586804TRLO1 |
| 1,511 | 84.32 | XLON | 25-08-2026 | 09:34:16 | 00198586829TRLO1 |
| 1,407 | 84.32 | XLON | 25-08-2026 | 09:34:16 | 00198586830TRLO1 |
| 3,524 | 84.48 | XLON | 25-08-2026 | 09:34:55 | 00198586895TRLO1 |
| 3,277 | 84.40 | XLON | 25-08-2026 | 09:35:10 | 00198586918TRLO1 |
| 1,849 | 84.54 | XLON | 25-08-2026 | 09:36:51 | 00198587073TRLO1 |
| 1,879 | 84.54 | XLON | 25-08-2026 | 09:36:51 | 00198587074TRLO1 |
| 3,566 | 84.74 | XLON | 25-08-2026 | 09:36:57 | 00198587085TRLO1 |
| 1,610 | 84.74 | XLON | 25-08-2026 | 09:36:58 | 00198587086TRLO1 |
| 1,643 | 84.74 | XLON | 25-08-2026 | 09:36:58 | 00198587087TRLO1 |
| 3,421 | 84.68 | XLON | 25-08-2026 | 09:37:04 | 00198587098TRLO1 |
| 3,267 | 84.66 | XLON | 25-08-2026 | 09:38:20 | 00198587183TRLO1 |
| 3,748 | 84.62 | XLON | 25-08-2026 | 09:38:24 | 00198587187TRLO1 |
| 581 | 84.62 | XLON | 25-08-2026 | 09:38:25 | 00198587188TRLO1 |
| 2,711 | 84.62 | XLON | 25-08-2026 | 09:38:25 | 00198587189TRLO1 |
| 3,703 | 84.56 | XLON | 25-08-2026 | 09:38:39 | 00198587245TRLO1 |
| 3,397 | 84.54 | XLON | 25-08-2026 | 09:39:15 | 00198587305TRLO1 |
| 2,652 | 84.58 | XLON | 25-08-2026 | 09:40:30 | 00198587370TRLO1 |
| 3,542 | 84.64 | XLON | 25-08-2026 | 09:42:46 | 00198587532TRLO1 |
| 3,514 | 84.62 | XLON | 25-08-2026 | 09:42:49 | 00198587535TRLO1 |
| 3,502 | 84.62 | XLON | 25-08-2026 | 09:43:03 | 00198587561TRLO1 |
| 2,604 | 84.64 | XLON | 25-08-2026 | 09:43:03 | 00198587562TRLO1 |
| 261 | 84.64 | XLON | 25-08-2026 | 09:43:03 | 00198587563TRLO1 |
| 680 | 84.64 | XLON | 25-08-2026 | 09:43:03 | 00198587564TRLO1 |
| 3,630 | 84.64 | XLON | 25-08-2026 | 09:43:16 | 00198587626TRLO1 |
| 3,783 | 84.72 | XLON | 25-08-2026 | 09:46:44 | 00198587952TRLO1 |
| 3,452 | 84.64 | XLON | 25-08-2026 | 09:48:34 | 00198588086TRLO1 |
| 3,866 | 84.62 | XLON | 25-08-2026 | 09:48:51 | 00198588104TRLO1 |
| 3,626 | 84.66 | XLON | 25-08-2026 | 09:49:04 | 00198588111TRLO1 |
| 3,214 | 84.82 | XLON | 25-08-2026 | 09:49:14 | 00198588127TRLO1 |
| 2,917 | 84.84 | XLON | 25-08-2026 | 09:49:18 | 00198588130TRLO1 |
| 794 | 84.84 | XLON | 25-08-2026 | 09:49:18 | 00198588131TRLO1 |
| 422 | 84.84 | XLON | 25-08-2026 | 09:49:34 | 00198588146TRLO1 |
| 2,893 | 84.84 | XLON | 25-08-2026 | 09:49:34 | 00198588147TRLO1 |
| 3,262 | 84.88 | XLON | 25-08-2026 | 09:50:49 | 00198588273TRLO1 |
| 3,317 | 85.04 | XLON | 25-08-2026 | 09:53:13 | 00198588406TRLO1 |
| 2,871 | 85.08 | XLON | 25-08-2026 | 09:53:18 | 00198588408TRLO1 |
| 606 | 85.08 | XLON | 25-08-2026 | 09:53:18 | 00198588409TRLO1 |
| 3,679 | 85.06 | XLON | 25-08-2026 | 09:53:21 | 00198588413TRLO1 |
| 3,569 | 84.98 | XLON | 25-08-2026 | 09:55:48 | 00198588576TRLO1 |
| 556 | 85.04 | XLON | 25-08-2026 | 09:56:40 | 00198588648TRLO1 |
| 3,206 | 85.04 | XLON | 25-08-2026 | 09:56:40 | 00198588649TRLO1 |
| 3,849 | 85.30 | XLON | 25-08-2026 | 09:57:50 | 00198588724TRLO1 |
| 3,316 | 85.26 | XLON | 25-08-2026 | 10:00:19 | 00198588943TRLO1 |
| 4 | 85.44 | XLON | 25-08-2026 | 10:00:36 | 00198588963TRLO1 |
| 3,615 | 85.50 | XLON | 25-08-2026 | 10:00:36 | 00198588964TRLO1 |
| 2,604 | 85.50 | XLON | 25-08-2026 | 10:00:42 | 00198588972TRLO1 |
| 1,054 | 85.50 | XLON | 25-08-2026 | 10:00:42 | 00198588973TRLO1 |
| 586 | 85.50 | XLON | 25-08-2026 | 10:00:44 | 00198588977TRLO1 |
| 22 | 85.50 | XLON | 25-08-2026 | 10:00:44 | 00198588978TRLO1 |
| 48 | 85.50 | XLON | 25-08-2026 | 10:00:44 | 00198588979TRLO1 |
| 2,966 | 85.50 | XLON | 25-08-2026 | 10:00:44 | 00198588980TRLO1 |
| 3,811 | 85.42 | XLON | 25-08-2026 | 10:00:48 | 00198588985TRLO1 |
| 3,586 | 85.36 | XLON | 25-08-2026 | 10:01:17 | 00198589125TRLO1 |
| 1,654 | 85.40 | XLON | 25-08-2026 | 10:01:21 | 00198589126TRLO1 |
| 2,029 | 85.40 | XLON | 25-08-2026 | 10:01:21 | 00198589127TRLO1 |
| 1,384 | 85.36 | XLON | 25-08-2026 | 10:01:55 | 00198589187TRLO1 |
| 3,347 | 85.46 | XLON | 25-08-2026 | 10:05:11 | 00198589566TRLO1 |
| 3,858 | 85.50 | XLON | 25-08-2026 | 10:05:12 | 00198589576TRLO1 |
| 3,456 | 85.60 | XLON | 25-08-2026 | 10:06:18 | 00198589754TRLO1 |
| 930 | 85.54 | XLON | 25-08-2026 | 10:07:02 | 00198589821TRLO1 |
| 2,441 | 85.54 | XLON | 25-08-2026 | 10:07:02 | 00198589822TRLO1 |
| 3,880 | 85.60 | XLON | 25-08-2026 | 10:08:46 | 00198589926TRLO1 |
| 930 | 85.54 | XLON | 25-08-2026 | 10:09:26 | 00198589966TRLO1 |
| 973 | 85.54 | XLON | 25-08-2026 | 10:09:45 | 00198589979TRLO1 |
| 1,707 | 85.54 | XLON | 25-08-2026 | 10:09:54 | 00198589998TRLO1 |
| 3,553 | 85.72 | XLON | 25-08-2026 | 10:11:39 | 00198590135TRLO1 |
| 3,809 | 85.76 | XLON | 25-08-2026 | 10:13:10 | 00198590228TRLO1 |
| 3,751 | 85.68 | XLON | 25-08-2026 | 10:15:02 | 00198590374TRLO1 |
| 3,210 | 85.66 | XLON | 25-08-2026 | 10:15:03 | 00198590375TRLO1 |
| 2,758 | 85.64 | XLON | 25-08-2026 | 10:15:27 | 00198590421TRLO1 |
| 1,026 | 85.64 | XLON | 25-08-2026 | 10:15:28 | 00198590424TRLO1 |
| 3,186 | 85.70 | XLON | 25-08-2026 | 10:18:05 | 00198590700TRLO1 |
| 3,426 | 85.82 | XLON | 25-08-2026 | 10:19:06 | 00198590908TRLO1 |
| 3,358 | 85.74 | XLON | 25-08-2026 | 10:19:51 | 00198590961TRLO1 |
| 3,451 | 85.94 | XLON | 25-08-2026 | 10:20:39 | 00198591041TRLO1 |
| 2,604 | 85.96 | XLON | 25-08-2026 | 10:20:39 | 00198591042TRLO1 |
| 979 | 85.96 | XLON | 25-08-2026 | 10:20:39 | 00198591043TRLO1 |
| 3,815 | 85.84 | XLON | 25-08-2026 | 10:20:41 | 00198591049TRLO1 |
| 3,770 | 85.78 | XLON | 25-08-2026 | 10:24:38 | 00198591403TRLO1 |
| 3,519 | 85.74 | XLON | 25-08-2026 | 10:27:08 | 00198591535TRLO1 |
| 3,554 | 85.68 | XLON | 25-08-2026 | 10:28:42 | 00198591685TRLO1 |
| 3,194 | 85.70 | XLON | 25-08-2026 | 10:29:49 | 00198591792TRLO1 |
| 82 | 85.66 | XLON | 25-08-2026 | 10:31:38 | 00198591911TRLO1 |
| 223 | 85.66 | XLON | 25-08-2026 | 10:31:38 | 00198591912TRLO1 |
| 185 | 85.66 | XLON | 25-08-2026 | 10:32:09 | 00198591960TRLO1 |
| 32 | 85.66 | XLON | 25-08-2026 | 10:32:09 | 00198591961TRLO1 |
| 147 | 85.66 | XLON | 25-08-2026 | 10:32:26 | 00198591991TRLO1 |
| 32 | 85.66 | XLON | 25-08-2026 | 10:32:26 | 00198591992TRLO1 |
| 348 | 85.66 | XLON | 25-08-2026 | 10:32:33 | 00198592002TRLO1 |
| 2,225 | 85.66 | XLON | 25-08-2026 | 10:32:33 | 00198592003TRLO1 |
| 3,506 | 85.74 | XLON | 25-08-2026 | 10:32:40 | 00198592006TRLO1 |
| 3,780 | 85.74 | XLON | 25-08-2026 | 10:33:50 | 00198592107TRLO1 |
| 239 | 85.80 | XLON | 25-08-2026 | 10:34:12 | 00198592147TRLO1 |
| 1,242 | 85.84 | XLON | 25-08-2026 | 10:34:19 | 00198592169TRLO1 |
| 2,137 | 85.84 | XLON | 25-08-2026 | 10:34:19 | 00198592170TRLO1 |
| 3,813 | 85.90 | XLON | 25-08-2026 | 10:36:26 | 00198592328TRLO1 |
| 1,480 | 85.88 | XLON | 25-08-2026 | 10:39:05 | 00198592523TRLO1 |
| 1,914 | 85.88 | XLON | 25-08-2026 | 10:39:05 | 00198592524TRLO1 |
| 3,830 | 86.00 | XLON | 25-08-2026 | 10:43:32 | 00198592976TRLO1 |
| 1 | 85.92 | XLON | 25-08-2026 | 10:44:21 | 00198593026TRLO1 |
| 2,973 | 85.94 | XLON | 25-08-2026 | 10:49:27 | 00198593485TRLO1 |
| 3,649 | 85.98 | XLON | 25-08-2026 | 10:49:59 | 00198593550TRLO1 |
| 3,383 | 86.16 | XLON | 25-08-2026 | 10:51:25 | 00198593718TRLO1 |
| 1,702 | 86.14 | XLON | 25-08-2026 | 10:52:25 | 00198593783TRLO1 |
| 1,626 | 86.14 | XLON | 25-08-2026 | 10:52:25 | 00198593784TRLO1 |
| 79 | 86.34 | XLON | 25-08-2026 | 10:54:36 | 00198593959TRLO1 |
| 3,042 | 86.34 | XLON | 25-08-2026 | 10:54:51 | 00198593974TRLO1 |
| 3,809 | 86.36 | XLON | 25-08-2026 | 10:55:13 | 00198593993TRLO1 |
| 1,946 | 86.50 | XLON | 25-08-2026 | 10:57:45 | 00198594259TRLO1 |
| 1,307 | 86.50 | XLON | 25-08-2026 | 10:57:45 | 00198594260TRLO1 |
| 2,604 | 86.50 | XLON | 25-08-2026 | 10:57:55 | 00198594276TRLO1 |
| 1,084 | 86.50 | XLON | 25-08-2026 | 10:57:55 | 00198594277TRLO1 |
| 3,440 | 86.40 | XLON | 25-08-2026 | 10:58:44 | 00198594372TRLO1 |
| 3,277 | 86.42 | XLON | 25-08-2026 | 10:59:18 | 00198594425TRLO1 |
| 3,481 | 86.38 | XLON | 25-08-2026 | 11:01:13 | 00198594638TRLO1 |
| 3,619 | 86.32 | XLON | 25-08-2026 | 11:01:45 | 00198594669TRLO1 |
| 3,464 | 86.32 | XLON | 25-08-2026 | 11:01:47 | 00198594673TRLO1 |
| 117 | 86.36 | XLON | 25-08-2026 | 11:01:59 | 00198594686TRLO1 |
| 3,223 | 86.40 | XLON | 25-08-2026 | 11:03:23 | 00198594814TRLO1 |
| 3,833 | 86.34 | XLON | 25-08-2026 | 11:03:30 | 00198594826TRLO1 |
| 3,272 | 86.32 | XLON | 25-08-2026 | 11:03:39 | 00198594836TRLO1 |
| 3,391 | 86.30 | XLON | 25-08-2026 | 11:05:05 | 00198594971TRLO1 |
| 3,212 | 86.24 | XLON | 25-08-2026 | 11:06:57 | 00198595116TRLO1 |
| 3,523 | 86.18 | XLON | 25-08-2026 | 11:07:03 | 00198595123TRLO1 |
| 3,388 | 86.16 | XLON | 25-08-2026 | 11:07:06 | 00198595125TRLO1 |
| 3,849 | 86.26 | XLON | 25-08-2026 | 11:10:53 | 00198595321TRLO1 |
| 619 | 86.28 | XLON | 25-08-2026 | 11:13:18 | 00198595549TRLO1 |
| 3,181 | 86.48 | XLON | 25-08-2026 | 11:16:52 | 00198595889TRLO1 |
| 3,572 | 86.50 | XLON | 25-08-2026 | 11:16:52 | 00198595890TRLO1 |
| 3,260 | 86.58 | XLON | 25-08-2026 | 11:17:13 | 00198595905TRLO1 |
| 3,223 | 86.54 | XLON | 25-08-2026 | 11:19:34 | 00198596144TRLO1 |
| 3,805 | 86.50 | XLON | 25-08-2026 | 11:19:45 | 00198596168TRLO1 |
| 3,622 | 86.46 | XLON | 25-08-2026 | 11:19:46 | 00198596171TRLO1 |
| 3,378 | 86.50 | XLON | 25-08-2026 | 11:19:46 | 00198596172TRLO1 |
| 3,532 | 86.50 | XLON | 25-08-2026 | 11:19:52 | 00198596179TRLO1 |
| 3,352 | 86.60 | XLON | 25-08-2026 | 11:24:25 | 00198596557TRLO1 |
| 3,454 | 86.56 | XLON | 25-08-2026 | 11:24:46 | 00198596574TRLO1 |
| 1 | 86.58 | XLON | 25-08-2026 | 11:30:42 | 00198596963TRLO1 |
| 3,758 | 86.68 | XLON | 25-08-2026 | 11:31:07 | 00198596989TRLO1 |
| 3,405 | 86.72 | XLON | 25-08-2026 | 11:36:10 | 00198597260TRLO1 |
| 3,556 | 86.68 | XLON | 25-08-2026 | 11:37:34 | 00198597400TRLO1 |
| 3,481 | 86.62 | XLON | 25-08-2026 | 11:38:25 | 00198597466TRLO1 |
| 3,473 | 86.60 | XLON | 25-08-2026 | 11:39:37 | 00198597522TRLO1 |
| 3,317 | 86.56 | XLON | 25-08-2026 | 11:44:01 | 00198597793TRLO1 |
| 644 | 86.66 | XLON | 25-08-2026 | 11:46:12 | 00198597876TRLO1 |
| 1,219 | 86.66 | XLON | 25-08-2026 | 11:46:12 | 00198597877TRLO1 |
| 121 | 86.66 | XLON | 25-08-2026 | 11:46:13 | 00198597879TRLO1 |
| 51 | 86.66 | XLON | 25-08-2026 | 11:46:56 | 00198597924TRLO1 |
| 27 | 86.66 | XLON | 25-08-2026 | 11:46:58 | 00198597927TRLO1 |
| 167 | 86.66 | XLON | 25-08-2026 | 11:47:19 | 00198597942TRLO1 |
| 548 | 86.66 | XLON | 25-08-2026 | 11:47:29 | 00198597950TRLO1 |
| 18 | 86.66 | XLON | 25-08-2026 | 11:47:29 | 00198597951TRLO1 |
| 18 | 86.66 | XLON | 25-08-2026 | 11:48:44 | 00198598038TRLO1 |
| 591 | 86.66 | XLON | 25-08-2026 | 11:49:36 | 00198598086TRLO1 |
| 3,799 | 86.74 | XLON | 25-08-2026 | 11:51:02 | 00198598163TRLO1 |
| 3,446 | 86.68 | XLON | 25-08-2026 | 11:51:03 | 00198598164TRLO1 |
| 3,776 | 86.62 | XLON | 25-08-2026 | 11:54:28 | 00198598329TRLO1 |
| 3,359 | 86.68 | XLON | 25-08-2026 | 11:57:32 | 00198598471TRLO1 |
| 3,683 | 86.64 | XLON | 25-08-2026 | 11:59:03 | 00198598555TRLO1 |
| 3,289 | 86.56 | XLON | 25-08-2026 | 11:59:51 | 00198598586TRLO1 |
| 3,842 | 86.52 | XLON | 25-08-2026 | 12:00:10 | 00198598609TRLO1 |
| 3,791 | 86.18 | XLON | 25-08-2026 | 12:00:19 | 00198598621TRLO1 |
| 3,199 | 86.00 | XLON | 25-08-2026 | 12:00:22 | 00198598624TRLO1 |
| 2,984 | 86.22 | XLON | 25-08-2026 | 12:00:35 | 00198598637TRLO1 |
| 623 | 86.22 | XLON | 25-08-2026 | 12:00:35 | 00198598638TRLO1 |
| 3,762 | 86.24 | XLON | 25-08-2026 | 12:00:45 | 00198598659TRLO1 |
| 3,864 | 86.22 | XLON | 25-08-2026 | 12:01:21 | 00198598692TRLO1 |
| 3,375 | 86.14 | XLON | 25-08-2026 | 12:02:16 | 00198598748TRLO1 |
| 3,532 | 86.02 | XLON | 25-08-2026 | 12:02:42 | 00198598786TRLO1 |
| 3,411 | 86.00 | XLON | 25-08-2026 | 12:02:43 | 00198598794TRLO1 |
| 3,406 | 85.84 | XLON | 25-08-2026 | 12:02:48 | 00198598795TRLO1 |
| 122 | 85.84 | XLON | 25-08-2026 | 12:03:03 | 00198598812TRLO1 |
| 3,300 | 85.84 | XLON | 25-08-2026 | 12:03:03 | 00198598813TRLO1 |
| 3,323 | 85.88 | XLON | 25-08-2026 | 12:03:08 | 00198598818TRLO1 |
| 3,859 | 86.10 | XLON | 25-08-2026 | 12:08:16 | 00198599125TRLO1 |
| 3,243 | 86.16 | XLON | 25-08-2026 | 12:09:50 | 00198599217TRLO1 |
| 3,463 | 86.24 | XLON | 25-08-2026 | 12:11:32 | 00198599333TRLO1 |
| 3,747 | 86.18 | XLON | 25-08-2026 | 12:11:35 | 00198599338TRLO1 |
| 1,910 | 86.20 | XLON | 25-08-2026 | 12:11:37 | 00198599340TRLO1 |
| 1,678 | 86.20 | XLON | 25-08-2026 | 12:11:37 | 00198599341TRLO1 |
| 3,405 | 86.20 | XLON | 25-08-2026 | 12:15:05 | 00198599526TRLO1 |
| 3,655 | 86.08 | XLON | 25-08-2026 | 12:16:25 | 00198599593TRLO1 |
| 1,027 | 86.20 | XLON | 25-08-2026 | 12:16:28 | 00198599594TRLO1 |
| 2,421 | 86.20 | XLON | 25-08-2026 | 12:16:28 | 00198599595TRLO1 |
| 4 | 86.16 | XLON | 25-08-2026 | 12:17:38 | 00198599665TRLO1 |
| 3,663 | 86.16 | XLON | 25-08-2026 | 12:17:38 | 00198599666TRLO1 |
| 3,515 | 86.16 | XLON | 25-08-2026 | 12:18:41 | 00198599744TRLO1 |
| 3,265 | 86.12 | XLON | 25-08-2026 | 12:18:42 | 00198599748TRLO1 |
| 3,438 | 86.08 | XLON | 25-08-2026 | 12:18:45 | 00198599755TRLO1 |
| 3,691 | 86.12 | XLON | 25-08-2026 | 12:18:49 | 00198599759TRLO1 |
| 3,535 | 86.14 | XLON | 25-08-2026 | 12:19:34 | 00198599800TRLO1 |
| 3,483 | 86.20 | XLON | 25-08-2026 | 12:20:25 | 00198599848TRLO1 |
| 3,215 | 86.22 | XLON | 25-08-2026 | 12:22:28 | 00198599960TRLO1 |
| 3,691 | 86.14 | XLON | 25-08-2026 | 12:22:30 | 00198599962TRLO1 |
| 3,841 | 86.08 | XLON | 25-08-2026 | 12:23:53 | 00198600052TRLO1 |
| 3,547 | 86.10 | XLON | 25-08-2026 | 12:25:27 | 00198600141TRLO1 |
| 3,427 | 86.08 | XLON | 25-08-2026 | 12:26:27 | 00198600196TRLO1 |
| 3,375 | 86.02 | XLON | 25-08-2026 | 12:28:24 | 00198600269TRLO1 |
| 3,267 | 85.94 | XLON | 25-08-2026 | 12:29:03 | 00198600303TRLO1 |
| 146 | 85.96 | XLON | 25-08-2026 | 12:29:52 | 00198600330TRLO1 |
| 3,259 | 85.96 | XLON | 25-08-2026 | 12:29:58 | 00198600333TRLO1 |
| 3,824 | 85.96 | XLON | 25-08-2026 | 12:30:01 | 00198600336TRLO1 |
| 3,498 | 85.90 | XLON | 25-08-2026 | 12:30:02 | 00198600337TRLO1 |
| 3,544 | 85.92 | XLON | 25-08-2026 | 12:30:10 | 00198600345TRLO1 |
| 3,460 | 85.94 | XLON | 25-08-2026 | 12:31:01 | 00198600382TRLO1 |
| 2,884 | 85.86 | XLON | 25-08-2026 | 12:31:02 | 00198600383TRLO1 |
| 3,285 | 86.04 | XLON | 25-08-2026 | 12:32:02 | 00198600462TRLO1 |
| 3,372 | 85.92 | XLON | 25-08-2026 | 12:32:05 | 00198600464TRLO1 |
| 3,878 | 85.94 | XLON | 25-08-2026 | 12:32:30 | 00198600497TRLO1 |
| 3,310 | 85.84 | XLON | 25-08-2026 | 12:32:33 | 00198600499TRLO1 |
| 3,835 | 85.80 | XLON | 25-08-2026 | 12:32:42 | 00198600510TRLO1 |
| 3,737 | 85.92 | XLON | 25-08-2026 | 12:32:50 | 00198600521TRLO1 |
| 1,836 | 86.02 | XLON | 25-08-2026 | 12:33:01 | 00198600527TRLO1 |
| 1,644 | 86.02 | XLON | 25-08-2026 | 12:33:01 | 00198600528TRLO1 |
| 2,102 | 86.00 | XLON | 25-08-2026 | 12:33:09 | 00198600535TRLO1 |
| 1,696 | 86.00 | XLON | 25-08-2026 | 12:33:09 | 00198600536TRLO1 |
| 3,402 | 85.92 | XLON | 25-08-2026 | 12:33:14 | 00198600541TRLO1 |
| 3,593 | 85.82 | XLON | 25-08-2026 | 12:33:27 | 00198600561TRLO1 |
| 3,851 | 85.72 | XLON | 25-08-2026 | 12:33:30 | 00198600564TRLO1 |
| 3,515 | 85.70 | XLON | 25-08-2026 | 12:33:33 | 00198600565TRLO1 |
| 3,519 | 85.62 | XLON | 25-08-2026 | 12:34:49 | 00198600638TRLO1 |
| 3,691 | 85.52 | XLON | 25-08-2026 | 12:35:34 | 00198600737TRLO1 |
| 3,811 | 85.50 | XLON | 25-08-2026 | 12:35:35 | 00198600741TRLO1 |
| 3,778 | 85.58 | XLON | 25-08-2026 | 12:37:27 | 00198600838TRLO1 |
| 3,787 | 85.54 | XLON | 25-08-2026 | 12:38:15 | 00198600882TRLO1 |
| 3,495 | 85.82 | XLON | 25-08-2026 | 12:38:36 | 00198600896TRLO1 |
| 3,302 | 85.82 | XLON | 25-08-2026 | 12:38:42 | 00198600903TRLO1 |
| 3,718 | 85.74 | XLON | 25-08-2026 | 12:39:25 | 00198600954TRLO1 |
| 3,259 | 85.86 | XLON | 25-08-2026 | 12:39:57 | 00198600986TRLO1 |
| 3,774 | 85.88 | XLON | 25-08-2026 | 12:39:57 | 00198600987TRLO1 |
| 3,423 | 85.86 | XLON | 25-08-2026 | 12:41:53 | 00198601105TRLO1 |
| 343,704 | 85.76 | XLON | 25-08-2026 | 12:42:07 | 00198601122TRLO1 |
| 1,584 | 85.74 | XLON | 25-08-2026 | 12:43:04 | 00198601178TRLO1 |
| 2,280 | 85.60 | XLON | 25-08-2026 | 12:46:05 | 00198601353TRLO1 |
| 1,392 | 85.66 | XLON | 25-08-2026 | 12:48:39 | 00198601508TRLO1 |
| 888 | 85.66 | XLON | 25-08-2026 | 12:48:39 | 00198601509TRLO1 |
| 1,776 | 85.48 | XLON | 25-08-2026 | 12:48:39 | 00198601510TRLO1 |
| 2,280 | 85.44 | XLON | 25-08-2026 | 12:51:02 | 00198601663TRLO1 |
| 2,280 | 85.50 | XLON | 25-08-2026 | 12:58:12 | 00198602054TRLO1 |
| 760 | 85.50 | XLON | 25-08-2026 | 12:58:12 | 00198602055TRLO1 |
| 2,280 | 85.86 | XLON | 25-08-2026 | 13:06:00 | 00198602466TRLO1 |
| 728 | 85.80 | XLON | 25-08-2026 | 13:06:55 | 00198602496TRLO1 |
| 1,552 | 85.80 | XLON | 25-08-2026 | 13:06:55 | 00198602497TRLO1 |
| 1,292 | 85.76 | XLON | 25-08-2026 | 13:07:43 | 00198602561TRLO1 |
| 988 | 85.76 | XLON | 25-08-2026 | 13:07:43 | 00198602562TRLO1 |
| 403 | 85.76 | XLON | 25-08-2026 | 13:08:23 | 00198602604TRLO1 |
| 2,280 | 85.76 | XLON | 25-08-2026 | 13:09:41 | 00198602671TRLO1 |
| 3,040 | 85.70 | XLON | 25-08-2026 | 13:09:42 | 00198602672TRLO1 |
| 3,040 | 85.70 | XLON | 25-08-2026 | 13:10:20 | 00198602715TRLO1 |
| 746 | 85.68 | XLON | 25-08-2026 | 13:10:24 | 00198602722TRLO1 |
| 2,294 | 85.68 | XLON | 25-08-2026 | 13:10:24 | 00198602723TRLO1 |
| 55 | 85.66 | XLON | 25-08-2026 | 13:12:17 | 00198602787TRLO1 |
| 2,985 | 85.66 | XLON | 25-08-2026 | 13:12:17 | 00198602788TRLO1 |
| 2,301 | 85.62 | XLON | 25-08-2026 | 13:13:34 | 00198602861TRLO1 |
| 792 | 85.62 | XLON | 25-08-2026 | 13:13:34 | 00198602862TRLO1 |
| 2,280 | 85.76 | XLON | 25-08-2026 | 13:20:16 | 00198603230TRLO1 |
| 1 | 85.76 | XLON | 25-08-2026 | 13:21:36 | 00198603324TRLO1 |
| 2,279 | 85.76 | XLON | 25-08-2026 | 13:24:20 | 00198603459TRLO1 |
| 2,280 | 85.76 | XLON | 25-08-2026 | 13:24:20 | 00198603460TRLO1 |
| 2,280 | 85.76 | XLON | 25-08-2026 | 13:25:06 | 00198603496TRLO1 |
| 2,280 | 85.74 | XLON | 25-08-2026 | 13:25:06 | 00198603497TRLO1 |
| 2,280 | 85.70 | XLON | 25-08-2026 | 13:25:06 | 00198603498TRLO1 |
| 792 | 85.60 | XLON | 25-08-2026 | 13:25:46 | 00198603544TRLO1 |
| 2,160 | 85.60 | XLON | 25-08-2026 | 13:25:46 | 00198603545TRLO1 |
| 350 | 85.48 | XLON | 25-08-2026 | 13:28:55 | 00198603744TRLO1 |
| 1,930 | 85.48 | XLON | 25-08-2026 | 13:28:55 | 00198603745TRLO1 |
| 2,280 | 85.42 | XLON | 25-08-2026 | 13:31:11 | 00198603841TRLO1 |
| 2,280 | 85.38 | XLON | 25-08-2026 | 13:31:34 | 00198603871TRLO1 |
| 2,280 | 85.64 | XLON | 25-08-2026 | 13:34:07 | 00198604010TRLO1 |
| 1,547 | 85.58 | XLON | 25-08-2026 | 13:35:20 | 00198604060TRLO1 |
| 421 | 85.58 | XLON | 25-08-2026 | 13:35:20 | 00198604061TRLO1 |
| 312 | 85.58 | XLON | 25-08-2026 | 13:35:20 | 00198604062TRLO1 |
| 2,064 | 85.58 | XLON | 25-08-2026 | 13:35:25 | 00198604065TRLO1 |
| 1,584 | 85.48 | XLON | 25-08-2026 | 13:37:45 | 00198604195TRLO1 |
| 696 | 85.48 | XLON | 25-08-2026 | 13:37:45 | 00198604196TRLO1 |
| 888 | 85.38 | XLON | 25-08-2026 | 13:38:17 | 00198604226TRLO1 |
| 2,280 | 85.48 | XLON | 25-08-2026 | 13:41:40 | 00198604471TRLO1 |
| 2,280 | 85.50 | XLON | 25-08-2026 | 13:43:03 | 00198604564TRLO1 |
| 2,568 | 85.46 | XLON | 25-08-2026 | 13:43:03 | 00198604565TRLO1 |
| 792 | 85.44 | XLON | 25-08-2026 | 13:45:05 | 00198604671TRLO1 |
| 1,584 | 85.44 | XLON | 25-08-2026 | 13:45:05 | 00198604672TRLO1 |
| 1,584 | 85.30 | XLON | 25-08-2026 | 13:46:52 | 00198604770TRLO1 |
| 696 | 85.30 | XLON | 25-08-2026 | 13:46:52 | 00198604771TRLO1 |
| 888 | 85.40 | XLON | 25-08-2026 | 13:47:12 | 00198604795TRLO1 |
| 696 | 85.38 | XLON | 25-08-2026 | 13:50:13 | 00198604959TRLO1 |
| 1,584 | 85.38 | XLON | 25-08-2026 | 13:50:13 | 00198604960TRLO1 |
| 2,280 | 85.44 | XLON | 25-08-2026 | 13:52:10 | 00198605053TRLO1 |
| 2,568 | 85.40 | XLON | 25-08-2026 | 13:52:10 | 00198605054TRLO1 |
| 696 | 85.28 | XLON | 25-08-2026 | 13:54:24 | 00198605180TRLO1 |
| 1,584 | 85.28 | XLON | 25-08-2026 | 13:54:24 | 00198605181TRLO1 |
| 2,280 | 85.58 | XLON | 25-08-2026 | 14:00:57 | 00198605578TRLO1 |
| 2,280 | 85.58 | XLON | 25-08-2026 | 14:01:14 | 00198605595TRLO1 |
| 2,280 | 85.56 | XLON | 25-08-2026 | 14:01:40 | 00198605624TRLO1 |
| 2,280 | 85.56 | XLON | 25-08-2026 | 14:01:40 | 00198605625TRLO1 |
| 2,064 | 85.42 | XLON | 25-08-2026 | 14:01:41 | 00198605628TRLO1 |
| 4,560 | 85.70 | XLON | 25-08-2026 | 14:05:28 | 00198605887TRLO1 |
| 1,584 | 85.72 | XLON | 25-08-2026 | 14:06:58 | 00198605965TRLO1 |
| 2,568 | 85.72 | XLON | 25-08-2026 | 14:06:58 | 00198605966TRLO1 |
| 2,280 | 86.18 | XLON | 25-08-2026 | 14:15:21 | 00198606686TRLO1 |
| 2,280 | 86.22 | XLON | 25-08-2026 | 14:18:03 | 00198606952TRLO1 |
| 2,280 | 86.12 | XLON | 25-08-2026 | 14:18:03 | 00198606953TRLO1 |
| 2,280 | 86.10 | XLON | 25-08-2026 | 14:18:23 | 00198606978TRLO1 |
| 2,280 | 86.04 | XLON | 25-08-2026 | 14:19:07 | 00198607020TRLO1 |
| 2,280 | 85.98 | XLON | 25-08-2026 | 14:19:07 | 00198607021TRLO1 |
| 2,280 | 85.98 | XLON | 25-08-2026 | 14:19:07 | 00198607022TRLO1 |
| 1,464 | 85.98 | XLON | 25-08-2026 | 14:19:08 | 00198607024TRLO1 |
| 792 | 85.96 | XLON | 25-08-2026 | 14:19:47 | 00198607050TRLO1 |
| 2,280 | 85.90 | XLON | 25-08-2026 | 14:24:28 | 00198607520TRLO1 |
| 2,280 | 85.88 | XLON | 25-08-2026 | 14:24:28 | 00198607521TRLO1 |
| 2,280 | 85.88 | XLON | 25-08-2026 | 14:24:28 | 00198607522TRLO1 |
| 1,080 | 85.88 | XLON | 25-08-2026 | 14:24:30 | 00198607524TRLO1 |
| 2,376 | 85.90 | XLON | 25-08-2026 | 14:25:07 | 00198607566TRLO1 |
| 2,280 | 86.12 | XLON | 25-08-2026 | 14:30:55 | 00198608567TRLO1 |
| 1,651 | 86.10 | XLON | 25-08-2026 | 14:30:57 | 00198608570TRLO1 |
| 629 | 86.10 | XLON | 25-08-2026 | 14:30:57 | 00198608571TRLO1 |
| 1,520 | 86.10 | XLON | 25-08-2026 | 14:31:13 | 00198608789TRLO1 |
| 760 | 86.10 | XLON | 25-08-2026 | 14:31:13 | 00198608790TRLO1 |
| 2,280 | 86.04 | XLON | 25-08-2026 | 14:31:13 | 00198608791TRLO1 |
| 2,280 | 86.04 | XLON | 25-08-2026 | 14:31:13 | 00198608792TRLO1 |
| 2,280 | 86.02 | XLON | 25-08-2026 | 14:31:16 | 00198608802TRLO1 |
| 2,952 | 86.00 | XLON | 25-08-2026 | 14:31:16 | 00198608803TRLO1 |
| 2,280 | 85.88 | XLON | 25-08-2026 | 14:31:57 | 00198608998TRLO1 |
| 1,680 | 85.84 | XLON | 25-08-2026 | 14:31:58 | 00198608999TRLO1 |
| 2,280 | 85.76 | XLON | 25-08-2026 | 14:33:34 | 00198609501TRLO1 |
| 2,280 | 85.72 | XLON | 25-08-2026 | 14:33:37 | 00198609505TRLO1 |
| 2,280 | 85.68 | XLON | 25-08-2026 | 14:33:52 | 00198609560TRLO1 |
| 1,872 | 85.66 | XLON | 25-08-2026 | 14:33:53 | 00198609563TRLO1 |
| 3,800 | 85.60 | XLON | 25-08-2026 | 14:36:02 | 00198610150TRLO1 |
| 3,800 | 85.66 | XLON | 25-08-2026 | 14:36:08 | 00198610169TRLO1 |
| 2,696 | 85.62 | XLON | 25-08-2026 | 14:36:08 | 00198610170TRLO1 |
| 2,280 | 85.34 | XLON | 25-08-2026 | 14:38:12 | 00198610433TRLO1 |
| 2,280 | 85.40 | XLON | 25-08-2026 | 14:40:15 | 00198610774TRLO1 |
| 2,280 | 85.32 | XLON | 25-08-2026 | 14:40:15 | 00198610775TRLO1 |
| 2,280 | 85.26 | XLON | 25-08-2026 | 14:41:14 | 00198610880TRLO1 |
| 2,280 | 85.26 | XLON | 25-08-2026 | 14:41:26 | 00198610911TRLO1 |
| 2,280 | 85.18 | XLON | 25-08-2026 | 14:41:35 | 00198610920TRLO1 |
| 2,280 | 85.14 | XLON | 25-08-2026 | 14:41:36 | 00198610924TRLO1 |
| 2,256 | 85.16 | XLON | 25-08-2026 | 14:43:01 | 00198611051TRLO1 |
| 2,280 | 85.02 | XLON | 25-08-2026 | 14:45:11 | 00198611252TRLO1 |
| 2,280 | 85.00 | XLON | 25-08-2026 | 14:45:11 | 00198611253TRLO1 |
| 2,280 | 84.96 | XLON | 25-08-2026 | 14:45:11 | 00198611254TRLO1 |
| 2,280 | 85.00 | XLON | 25-08-2026 | 14:46:16 | 00198611383TRLO1 |
| 879 | 84.96 | XLON | 25-08-2026 | 14:46:16 | 00198611384TRLO1 |
| 1,401 | 84.96 | XLON | 25-08-2026 | 14:46:16 | 00198611385TRLO1 |
| 2,280 | 84.94 | XLON | 25-08-2026 | 14:46:41 | 00198611441TRLO1 |
| 2,160 | 84.90 | XLON | 25-08-2026 | 14:46:43 | 00198611446TRLO1 |
| 2,376 | 84.86 | XLON | 25-08-2026 | 14:47:10 | 00198611504TRLO1 |
| 1,584 | 84.86 | XLON | 25-08-2026 | 14:48:54 | 00198611828TRLO1 |
| 1,456 | 84.86 | XLON | 25-08-2026 | 14:48:54 | 00198611829TRLO1 |
| 3,040 | 84.94 | XLON | 25-08-2026 | 14:52:00 | 00198612343TRLO1 |
| 3,040 | 84.90 | XLON | 25-08-2026 | 14:52:09 | 00198612357TRLO1 |
| 3,040 | 84.86 | XLON | 25-08-2026 | 14:52:09 | 00198612358TRLO1 |
| 678 | 84.84 | XLON | 25-08-2026 | 14:53:25 | 00198612575TRLO1 |
| 2,362 | 84.84 | XLON | 25-08-2026 | 14:53:25 | 00198612576TRLO1 |
| 3,040 | 85.12 | XLON | 25-08-2026 | 14:57:06 | 00198613041TRLO1 |
| 1,706 | 85.08 | XLON | 25-08-2026 | 14:57:16 | 00198613056TRLO1 |
| 1,141 | 85.08 | XLON | 25-08-2026 | 14:57:16 | 00198613057TRLO1 |
| 193 | 85.08 | XLON | 25-08-2026 | 14:57:16 | 00198613058TRLO1 |
| 2,847 | 85.04 | XLON | 25-08-2026 | 14:58:29 | 00198613156TRLO1 |
| 3,040 | 85.02 | XLON | 25-08-2026 | 15:01:55 | 00198613584TRLO1 |
| 219 | 84.90 | XLON | 25-08-2026 | 15:01:55 | 00198613585TRLO1 |
| 2,821 | 84.90 | XLON | 25-08-2026 | 15:01:55 | 00198613586TRLO1 |
| 3,040 | 84.96 | XLON | 25-08-2026 | 15:02:26 | 00198613670TRLO1 |
| 3,040 | 84.94 | XLON | 25-08-2026 | 15:02:51 | 00198613739TRLO1 |
| 321 | 84.90 | XLON | 25-08-2026 | 15:03:10 | 00198613782TRLO1 |
| 2,719 | 84.90 | XLON | 25-08-2026 | 15:03:10 | 00198613783TRLO1 |
| 3,040 | 84.84 | XLON | 25-08-2026 | 15:03:13 | 00198613794TRLO1 |
| 3,040 | 85.02 | XLON | 25-08-2026 | 15:06:10 | 00198614122TRLO1 |
| 3,040 | 85.12 | XLON | 25-08-2026 | 15:09:05 | 00198614605TRLO1 |
| 3,040 | 85.22 | XLON | 25-08-2026 | 15:10:29 | 00198614806TRLO1 |
| 3,040 | 85.20 | XLON | 25-08-2026 | 15:11:10 | 00198614905TRLO1 |
| 3,040 | 85.18 | XLON | 25-08-2026 | 15:11:10 | 00198614906TRLO1 |
| 3,040 | 85.14 | XLON | 25-08-2026 | 15:12:18 | 00198615116TRLO1 |
| 3,040 | 85.10 | XLON | 25-08-2026 | 15:13:25 | 00198615305TRLO1 |
| 3,040 | 85.08 | XLON | 25-08-2026 | 15:13:25 | 00198615306TRLO1 |
| 3,040 | 85.04 | XLON | 25-08-2026 | 15:13:26 | 00198615307TRLO1 |
| 3,040 | 85.12 | XLON | 25-08-2026 | 15:16:15 | 00198615666TRLO1 |
| 3,040 | 85.08 | XLON | 25-08-2026 | 15:16:16 | 00198615668TRLO1 |
| 3,040 | 85.04 | XLON | 25-08-2026 | 15:17:49 | 00198615824TRLO1 |
| 3,040 | 85.06 | XLON | 25-08-2026 | 15:22:02 | 00198616378TRLO1 |
| 3,040 | 85.10 | XLON | 25-08-2026 | 15:25:04 | 00198616724TRLO1 |
| 3,040 | 85.08 | XLON | 25-08-2026 | 15:25:04 | 00198616725TRLO1 |
| 3,040 | 85.04 | XLON | 25-08-2026 | 15:25:35 | 00198616761TRLO1 |
| 1,317 | 85.00 | XLON | 25-08-2026 | 15:26:28 | 00198616863TRLO1 |
| 1,312 | 85.00 | XLON | 25-08-2026 | 15:26:28 | 00198616864TRLO1 |
| 411 | 85.00 | XLON | 25-08-2026 | 15:26:46 | 00198616885TRLO1 |
| 2,280 | 85.00 | XLON | 25-08-2026 | 15:26:46 | 00198616886TRLO1 |
| 3,040 | 85.10 | XLON | 25-08-2026 | 15:30:31 | 00198617370TRLO1 |
| 3,040 | 85.06 | XLON | 25-08-2026 | 15:30:32 | 00198617373TRLO1 |
| 3,040 | 85.18 | XLON | 25-08-2026 | 15:34:11 | 00198617940TRLO1 |
| 191 | 85.16 | XLON | 25-08-2026 | 15:34:16 | 00198617945TRLO1 |
| 1,290 | 85.16 | XLON | 25-08-2026 | 15:34:16 | 00198617946TRLO1 |
| 124 | 85.16 | XLON | 25-08-2026 | 15:34:16 | 00198617947TRLO1 |
| 1,435 | 85.16 | XLON | 25-08-2026 | 15:34:16 | 00198617948TRLO1 |
| 3,040 | 85.14 | XLON | 25-08-2026 | 15:34:17 | 00198617951TRLO1 |
| 3,040 | 85.22 | XLON | 25-08-2026 | 15:37:36 | 00198618510TRLO1 |
| 3,040 | 85.18 | XLON | 25-08-2026 | 15:37:49 | 00198618536TRLO1 |
| 3,040 | 85.16 | XLON | 25-08-2026 | 15:38:35 | 00198618636TRLO1 |
| 3,040 | 85.10 | XLON | 25-08-2026 | 15:39:17 | 00198618761TRLO1 |
| 1,350 | 85.08 | XLON | 25-08-2026 | 15:39:18 | 00198618763TRLO1 |
| 1,690 | 85.08 | XLON | 25-08-2026 | 15:40:05 | 00198618901TRLO1 |
| 1,350 | 85.08 | XLON | 25-08-2026 | 15:40:05 | 00198618902TRLO1 |
| 595 | 85.08 | XLON | 25-08-2026 | 15:40:55 | 00198618972TRLO1 |
| 2,445 | 85.08 | XLON | 25-08-2026 | 15:40:55 | 00198618973TRLO1 |
| 274 | 85.06 | XLON | 25-08-2026 | 15:41:36 | 00198619048TRLO1 |
| 351 | 85.06 | XLON | 25-08-2026 | 15:41:47 | 00198619059TRLO1 |
| 39 | 85.06 | XLON | 25-08-2026 | 15:41:47 | 00198619060TRLO1 |
| 2,376 | 85.06 | XLON | 25-08-2026 | 15:41:47 | 00198619061TRLO1 |
| 3,040 | 85.04 | XLON | 25-08-2026 | 15:41:53 | 00198619065TRLO1 |
| 3,040 | 85.00 | XLON | 25-08-2026 | 15:42:00 | 00198619073TRLO1 |
| 3,040 | 85.08 | XLON | 25-08-2026 | 15:43:18 | 00198619256TRLO1 |
| 3,040 | 85.04 | XLON | 25-08-2026 | 15:43:30 | 00198619261TRLO1 |
| 3,040 | 85.00 | XLON | 25-08-2026 | 15:47:43 | 00198619736TRLO1 |
| 3,040 | 84.96 | XLON | 25-08-2026 | 15:47:47 | 00198619743TRLO1 |
| 3,040 | 84.90 | XLON | 25-08-2026 | 15:50:22 | 00198620054TRLO1 |
| 3,040 | 84.88 | XLON | 25-08-2026 | 15:51:08 | 00198620124TRLO1 |
| 3,040 | 84.82 | XLON | 25-08-2026 | 15:51:28 | 00198620163TRLO1 |
| 3,040 | 84.86 | XLON | 25-08-2026 | 15:55:00 | 00198620574TRLO1 |
| 3,040 | 84.80 | XLON | 25-08-2026 | 15:55:04 | 00198620588TRLO1 |
| 1,198 | 84.82 | XLON | 25-08-2026 | 15:56:00 | 00198620667TRLO1 |
| 1,842 | 84.82 | XLON | 25-08-2026 | 15:56:00 | 00198620668TRLO1 |
| 2,000 | 84.92 | XLON | 25-08-2026 | 16:00:32 | 00198621310TRLO1 |
| 795 | 84.92 | XLON | 25-08-2026 | 16:00:32 | 00198621311TRLO1 |
| 245 | 84.92 | XLON | 25-08-2026 | 16:00:32 | 00198621312TRLO1 |
| 2,795 | 84.96 | XLON | 25-08-2026 | 16:02:17 | 00198621538TRLO1 |
| 3,040 | 84.94 | XLON | 25-08-2026 | 16:02:17 | 00198621539TRLO1 |
| 3,040 | 84.90 | XLON | 25-08-2026 | 16:03:24 | 00198621679TRLO1 |
| 3,040 | 84.86 | XLON | 25-08-2026 | 16:05:23 | 00198621992TRLO1 |
| 3,040 | 84.84 | XLON | 25-08-2026 | 16:05:59 | 00198622075TRLO1 |
| 3,040 | 84.82 | XLON | 25-08-2026 | 16:05:59 | 00198622076TRLO1 |
| 3,040 | 84.78 | XLON | 25-08-2026 | 16:05:59 | 00198622078TRLO1 |
| 1,338 | 84.80 | XLON | 25-08-2026 | 16:09:43 | 00198622657TRLO1 |
| 3,040 | 84.86 | XLON | 25-08-2026 | 16:11:04 | 00198622793TRLO1 |
| 3,040 | 84.88 | XLON | 25-08-2026 | 16:11:20 | 00198622814TRLO1 |
| 2,020 | 84.92 | XLON | 25-08-2026 | 16:13:54 | 00198623164TRLO1 |
| 1,020 | 84.92 | XLON | 25-08-2026 | 16:14:02 | 00198623180TRLO1 |
| 2,020 | 84.92 | XLON | 25-08-2026 | 16:14:02 | 00198623181TRLO1 |
| 3,040 | 85.24 | XLON | 25-08-2026 | 16:16:48 | 00198623561TRLO1 |
| 3,040 | 85.24 | XLON | 25-08-2026 | 16:16:48 | 00198623562TRLO1 |
| 3,040 | 85.24 | XLON | 25-08-2026 | 16:16:48 | 00198623563TRLO1 |
| 3,040 | 85.24 | XLON | 25-08-2026 | 16:16:48 | 00198623564TRLO1 |
| 3,040 | 85.28 | XLON | 25-08-2026 | 16:17:23 | 00198623657TRLO1 |
| 3,040 | 85.24 | XLON | 25-08-2026 | 16:17:23 | 00198623658TRLO1 |
| 3,040 | 85.30 | XLON | 25-08-2026 | 16:17:50 | 00198623721TRLO1 |
| 3,040 | 85.28 | XLON | 25-08-2026 | 16:18:02 | 00198623743TRLO1 |
| 2,898 | 85.28 | XLON | 25-08-2026 | 16:18:15 | 00198623772TRLO1 |
| 3,040 | 85.38 | XLON | 25-08-2026 | 16:19:05 | 00198623882TRLO1 |
| 1,684 | 85.42 | XLON | 25-08-2026 | 16:20:18 | 00198624090TRLO1 |
| 1,356 | 85.42 | XLON | 25-08-2026 | 16:20:18 | 00198624091TRLO1 |
| 3,040 | 85.38 | XLON | 25-08-2026 | 16:20:37 | 00198624141TRLO1 |
| 3,040 | 85.40 | XLON | 25-08-2026 | 16:22:45 | 00198624525TRLO1 |
| 3,040 | 85.42 | XLON | 25-08-2026 | 16:24:13 | 00198624779TRLO1 |
| 3,040 | 85.40 | XLON | 25-08-2026 | 16:24:35 | 00198624837TRLO1 |
| 3,040 | 85.36 | XLON | 25-08-2026 | 16:24:55 | 00198624877TRLO1 |
| 3,040 | 85.36 | XLON | 25-08-2026 | 16:25:10 | 00198624934TRLO1 |
| 3,040 | 85.36 | XLON | 25-08-2026 | 16:25:30 | 00198625022TRLO1 |
| 3,040 | 85.34 | XLON | 25-08-2026 | 16:25:50 | 00198625101TRLO1 |
| 3,040 | 85.30 | XLON | 25-08-2026 | 16:26:46 | 00198625360TRLO1 |
| 3,040 | 85.38 | XLON | 25-08-2026 | 16:27:12 | 00198625431TRLO1 |
| 3,040 | 85.38 | XLON | 25-08-2026 | 16:27:12 | 00198625432TRLO1 |
| 3,040 | 85.38 | XLON | 25-08-2026 | 16:27:32 | 00198625487TRLO1 |
| 1,667 | 85.38 | XLON | 25-08-2026 | 16:27:32 | 00198625488TRLO1 |
| 1,373 | 85.38 | XLON | 25-08-2026 | 16:27:32 | 00198625489TRLO1 |
| 3,040 | 85.38 | XLON | 25-08-2026 | 16:27:36 | 00198625495TRLO1 |
| 3,040 | 85.36 | XLON | 25-08-2026 | 16:27:38 | 00198625503TRLO1 |
| 3,040 | 85.36 | XLON | 25-08-2026 | 16:27:38 | 00198625504TRLO1 |
| 3,040 | 85.40 | XLON | 25-08-2026 | 16:29:04 | 00198625825TRLO1 |
| 3,040 | 85.40 | XLON | 25-08-2026 | 16:29:04 | 00198625826TRLO1 |
| 6,080 | 85.38 | XLON | 25-08-2026 | 16:29:10 | 00198625843TRLO1 |
| 6,080 | 85.36 | XLON | 25-08-2026 | 16:29:22 | 00198625905TRLO1 |
| 2,304 | 85.34 | XLON | 25-08-2026 | 16:29:22 | 00198625906TRLO1 |
| 792 | 85.34 | XLON | 25-08-2026 | 16:29:22 | 00198625908TRLO1 |
| 171 | 86.64 | XLON | 26-08-2026 | 08:00:12 | 00198633606TRLO1 |
| 85 | 86.64 | XLON | 26-08-2026 | 08:00:12 | 00198633607TRLO1 |
| 30 | 86.64 | XLON | 26-08-2026 | 08:00:12 | 00198633608TRLO1 |
| 36 | 86.64 | XLON | 26-08-2026 | 08:00:12 | 00198633609TRLO1 |
| 1,615 | 86.58 | XLON | 26-08-2026 | 08:00:12 | 00198633610TRLO1 |
| 403 | 86.58 | XLON | 26-08-2026 | 08:00:12 | 00198633611TRLO1 |
| 1,172 | 86.60 | XLON | 26-08-2026 | 08:00:12 | 00198633612TRLO1 |
| 447 | 86.16 | XLON | 26-08-2026 | 08:00:15 | 00198633637TRLO1 |
| 3,169 | 86.16 | XLON | 26-08-2026 | 08:00:15 | 00198633638TRLO1 |
| 3,524 | 86.34 | XLON | 26-08-2026 | 08:01:14 | 00198634033TRLO1 |
| 3,601 | 86.34 | XLON | 26-08-2026 | 08:01:28 | 00198634069TRLO1 |
| 610 | 86.18 | XLON | 26-08-2026 | 08:01:34 | 00198634080TRLO1 |
| 2,979 | 86.18 | XLON | 26-08-2026 | 08:01:34 | 00198634081TRLO1 |
| 3,691 | 86.22 | XLON | 26-08-2026 | 08:02:28 | 00198634203TRLO1 |
| 3,681 | 86.04 | XLON | 26-08-2026 | 08:02:33 | 00198634212TRLO1 |
| 3,794 | 85.94 | XLON | 26-08-2026 | 08:03:27 | 00198634332TRLO1 |
| 3,206 | 86.02 | XLON | 26-08-2026 | 08:09:07 | 00198634963TRLO1 |
| 3,649 | 85.88 | XLON | 26-08-2026 | 08:09:41 | 00198634992TRLO1 |
| 3,749 | 85.84 | XLON | 26-08-2026 | 08:10:04 | 00198635018TRLO1 |
| 3,862 | 85.82 | XLON | 26-08-2026 | 08:10:28 | 00198635057TRLO1 |
| 3,687 | 85.90 | XLON | 26-08-2026 | 08:11:32 | 00198635142TRLO1 |
| 3,540 | 85.86 | XLON | 26-08-2026 | 08:16:32 | 00198635770TRLO1 |
| 1,009 | 86.02 | XLON | 26-08-2026 | 08:19:33 | 00198635988TRLO1 |
| 1,008 | 86.02 | XLON | 26-08-2026 | 08:19:33 | 00198635989TRLO1 |
| 1,303 | 86.02 | XLON | 26-08-2026 | 08:19:33 | 00198635990TRLO1 |
| 3,761 | 86.04 | XLON | 26-08-2026 | 08:21:33 | 00198636189TRLO1 |
| 3,621 | 85.94 | XLON | 26-08-2026 | 08:24:50 | 00198636405TRLO1 |
| 1,092 | 85.96 | XLON | 26-08-2026 | 08:25:02 | 00198636428TRLO1 |
| 2,715 | 85.96 | XLON | 26-08-2026 | 08:25:02 | 00198636429TRLO1 |
| 3,897 | 85.92 | XLON | 26-08-2026 | 08:27:23 | 00198636629TRLO1 |
| 3,479 | 86.12 | XLON | 26-08-2026 | 08:32:19 | 00198637218TRLO1 |
| 3,472 | 86.10 | XLON | 26-08-2026 | 08:33:08 | 00198637304TRLO1 |
| 3,698 | 85.90 | XLON | 26-08-2026 | 08:33:53 | 00198637411TRLO1 |
| 3,744 | 85.86 | XLON | 26-08-2026 | 08:34:12 | 00198637491TRLO1 |
| 919 | 85.72 | XLON | 26-08-2026 | 08:36:18 | 00198637633TRLO1 |
| 2,914 | 85.72 | XLON | 26-08-2026 | 08:36:18 | 00198637634TRLO1 |
| 3,821 | 85.70 | XLON | 26-08-2026 | 08:36:37 | 00198637650TRLO1 |
| 3,664 | 85.78 | XLON | 26-08-2026 | 08:40:28 | 00198637868TRLO1 |
| 3,728 | 85.82 | XLON | 26-08-2026 | 08:43:15 | 00198638053TRLO1 |
| 3,495 | 85.70 | XLON | 26-08-2026 | 08:43:32 | 00198638090TRLO1 |
| 3,463 | 85.64 | XLON | 26-08-2026 | 08:44:08 | 00198638126TRLO1 |
| 306 | 85.58 | XLON | 26-08-2026 | 08:45:25 | 00198638213TRLO1 |
| 682 | 85.58 | XLON | 26-08-2026 | 08:45:25 | 00198638214TRLO1 |
| 3,667 | 85.64 | XLON | 26-08-2026 | 08:48:04 | 00198638391TRLO1 |
| 3,842 | 85.60 | XLON | 26-08-2026 | 08:50:10 | 00198638501TRLO1 |
| 3,613 | 85.52 | XLON | 26-08-2026 | 08:51:31 | 00198638581TRLO1 |
| 109 | 85.60 | XLON | 26-08-2026 | 08:51:43 | 00198638595TRLO1 |
| 3,649 | 85.60 | XLON | 26-08-2026 | 08:51:43 | 00198638596TRLO1 |
| 1,585 | 85.56 | XLON | 26-08-2026 | 08:51:55 | 00198638603TRLO1 |
| 2,032 | 85.56 | XLON | 26-08-2026 | 08:51:55 | 00198638604TRLO1 |
| 3,732 | 85.52 | XLON | 26-08-2026 | 08:52:12 | 00198638621TRLO1 |
| 3,304 | 85.82 | XLON | 26-08-2026 | 08:55:41 | 00198638802TRLO1 |
| 1,306 | 85.86 | XLON | 26-08-2026 | 09:00:10 | 00198639046TRLO1 |
| 2,116 | 85.86 | XLON | 26-08-2026 | 09:00:10 | 00198639047TRLO1 |
| 3,341 | 85.88 | XLON | 26-08-2026 | 09:00:10 | 00198639048TRLO1 |
| 3,730 | 85.80 | XLON | 26-08-2026 | 09:00:12 | 00198639051TRLO1 |
| 3,813 | 85.78 | XLON | 26-08-2026 | 09:00:15 | 00198639057TRLO1 |
| 3,355 | 86.02 | XLON | 26-08-2026 | 09:03:24 | 00198639258TRLO1 |
| 3,638 | 85.98 | XLON | 26-08-2026 | 09:04:23 | 00198639322TRLO1 |
| 3,368 | 85.92 | XLON | 26-08-2026 | 09:04:57 | 00198639356TRLO1 |
| 3,896 | 85.82 | XLON | 26-08-2026 | 09:06:58 | 00198639469TRLO1 |
| 3,196 | 85.76 | XLON | 26-08-2026 | 09:08:21 | 00198639549TRLO1 |
| 3,507 | 85.80 | XLON | 26-08-2026 | 09:12:06 | 00198639790TRLO1 |
| 3,354 | 85.80 | XLON | 26-08-2026 | 09:17:08 | 00198640180TRLO1 |
| 3,697 | 85.82 | XLON | 26-08-2026 | 09:17:25 | 00198640202TRLO1 |
| 3,264 | 85.76 | XLON | 26-08-2026 | 09:19:14 | 00198640332TRLO1 |
| 99 | 85.76 | XLON | 26-08-2026 | 09:19:14 | 00198640333TRLO1 |
| 3,261 | 85.70 | XLON | 26-08-2026 | 09:24:14 | 00198640638TRLO1 |
| 3,348 | 85.66 | XLON | 26-08-2026 | 09:26:08 | 00198640744TRLO1 |
| 3,273 | 85.60 | XLON | 26-08-2026 | 09:26:10 | 00198640751TRLO1 |
| 3,607 | 86.00 | XLON | 26-08-2026 | 09:33:51 | 00198641249TRLO1 |
| 3,371 | 86.02 | XLON | 26-08-2026 | 09:33:51 | 00198641250TRLO1 |
| 3,301 | 85.96 | XLON | 26-08-2026 | 09:33:53 | 00198641255TRLO1 |
| 3,417 | 86.22 | XLON | 26-08-2026 | 09:37:10 | 00198641523TRLO1 |
| 2,470 | 86.18 | XLON | 26-08-2026 | 09:37:37 | 00198641558TRLO1 |
| 1,030 | 86.18 | XLON | 26-08-2026 | 09:37:37 | 00198641559TRLO1 |
| 3,425 | 86.12 | XLON | 26-08-2026 | 09:38:13 | 00198641596TRLO1 |
| 2,835 | 86.06 | XLON | 26-08-2026 | 09:38:18 | 00198641599TRLO1 |
| 936 | 86.06 | XLON | 26-08-2026 | 09:38:18 | 00198641600TRLO1 |
| 3,613 | 86.06 | XLON | 26-08-2026 | 09:39:44 | 00198641678TRLO1 |
| 3,290 | 86.12 | XLON | 26-08-2026 | 09:42:05 | 00198641863TRLO1 |
| 3,400 | 86.22 | XLON | 26-08-2026 | 09:50:44 | 00198642395TRLO1 |
| 3,381 | 86.14 | XLON | 26-08-2026 | 09:51:07 | 00198642417TRLO1 |
| 3,457 | 86.14 | XLON | 26-08-2026 | 09:51:35 | 00198642449TRLO1 |
| 3,674 | 86.14 | XLON | 26-08-2026 | 09:51:45 | 00198642456TRLO1 |
| 3,199 | 86.14 | XLON | 26-08-2026 | 09:53:57 | 00198642598TRLO1 |
| 3,833 | 86.08 | XLON | 26-08-2026 | 09:56:30 | 00198642733TRLO1 |
| 3,457 | 86.10 | XLON | 26-08-2026 | 09:59:34 | 00198642937TRLO1 |
| 3,289 | 86.16 | XLON | 26-08-2026 | 10:02:03 | 00198643125TRLO1 |
| 3,445 | 86.12 | XLON | 26-08-2026 | 10:04:30 | 00198643256TRLO1 |
| 3,835 | 86.06 | XLON | 26-08-2026 | 10:05:35 | 00198643305TRLO1 |
| 53 | 86.02 | XLON | 26-08-2026 | 10:07:32 | 00198643426TRLO1 |
| 3,285 | 86.02 | XLON | 26-08-2026 | 10:07:32 | 00198643427TRLO1 |
| 3,425 | 85.96 | XLON | 26-08-2026 | 10:08:33 | 00198643480TRLO1 |
| 3,384 | 86.02 | XLON | 26-08-2026 | 10:14:11 | 00198643829TRLO1 |
| 3,520 | 85.90 | XLON | 26-08-2026 | 10:14:14 | 00198643834TRLO1 |
| 3,444 | 85.84 | XLON | 26-08-2026 | 10:15:30 | 00198643935TRLO1 |
| 3,900 | 85.92 | XLON | 26-08-2026 | 10:18:57 | 00198644154TRLO1 |
| 3,541 | 85.96 | XLON | 26-08-2026 | 10:20:19 | 00198644234TRLO1 |
| 864 | 85.98 | XLON | 26-08-2026 | 10:20:19 | 00198644235TRLO1 |
| 1,491 | 85.98 | XLON | 26-08-2026 | 10:20:19 | 00198644236TRLO1 |
| 1,453 | 85.98 | XLON | 26-08-2026 | 10:20:20 | 00198644238TRLO1 |
| 3,280 | 85.98 | XLON | 26-08-2026 | 10:22:39 | 00198644422TRLO1 |
| 3,259 | 86.16 | XLON | 26-08-2026 | 10:23:09 | 00198644437TRLO1 |
| 241 | 86.16 | XLON | 26-08-2026 | 10:24:00 | 00198644480TRLO1 |
| 3,463 | 86.16 | XLON | 26-08-2026 | 10:24:00 | 00198644481TRLO1 |
| 1,056 | 86.14 | XLON | 26-08-2026 | 10:24:04 | 00198644483TRLO1 |
| 2,665 | 86.14 | XLON | 26-08-2026 | 10:24:04 | 00198644484TRLO1 |
| 1,204 | 86.12 | XLON | 26-08-2026 | 10:24:05 | 00198644486TRLO1 |
| 2,143 | 86.12 | XLON | 26-08-2026 | 10:24:06 | 00198644489TRLO1 |
| 3,207 | 86.06 | XLON | 26-08-2026 | 10:26:39 | 00198644652TRLO1 |
| 3,300 | 86.26 | XLON | 26-08-2026 | 10:26:45 | 00198644655TRLO1 |
| 3,894 | 86.36 | XLON | 26-08-2026 | 10:27:49 | 00198644724TRLO1 |
| 3,806 | 86.56 | XLON | 26-08-2026 | 10:30:27 | 00198644959TRLO1 |
| 3,339 | 86.52 | XLON | 26-08-2026 | 10:32:31 | 00198645091TRLO1 |
| 3,714 | 86.50 | XLON | 26-08-2026 | 10:33:24 | 00198645138TRLO1 |
| 3,796 | 86.50 | XLON | 26-08-2026 | 10:34:22 | 00198645209TRLO1 |
| 3,785 | 86.52 | XLON | 26-08-2026 | 10:34:38 | 00198645225TRLO1 |
| 3,536 | 86.50 | XLON | 26-08-2026 | 10:34:43 | 00198645231TRLO1 |
| 3,622 | 86.68 | XLON | 26-08-2026 | 10:37:08 | 00198645369TRLO1 |
| 3,409 | 86.66 | XLON | 26-08-2026 | 10:41:15 | 00198645600TRLO1 |
| 3,430 | 86.66 | XLON | 26-08-2026 | 10:41:36 | 00198645661TRLO1 |
| 3,661 | 86.72 | XLON | 26-08-2026 | 10:45:02 | 00198645918TRLO1 |
| 3,332 | 86.70 | XLON | 26-08-2026 | 10:45:08 | 00198645924TRLO1 |
| 3,840 | 86.70 | XLON | 26-08-2026 | 10:46:47 | 00198646092TRLO1 |
| 3,844 | 86.68 | XLON | 26-08-2026 | 10:49:24 | 00198646254TRLO1 |
| 3,542 | 86.64 | XLON | 26-08-2026 | 10:50:49 | 00198646307TRLO1 |
| 2,578 | 86.64 | XLON | 26-08-2026 | 10:53:04 | 00198646448TRLO1 |
| 1,105 | 86.64 | XLON | 26-08-2026 | 10:53:04 | 00198646449TRLO1 |
| 1,056 | 86.62 | XLON | 26-08-2026 | 10:59:27 | 00198646819TRLO1 |
| 2,833 | 86.62 | XLON | 26-08-2026 | 10:59:27 | 00198646820TRLO1 |
| 3,889 | 86.62 | XLON | 26-08-2026 | 10:59:35 | 00198646830TRLO1 |
| 3,478 | 86.60 | XLON | 26-08-2026 | 10:59:52 | 00198646842TRLO1 |
| 1,659 | 86.52 | XLON | 26-08-2026 | 11:00:04 | 00198646855TRLO1 |
| 2,147 | 86.52 | XLON | 26-08-2026 | 11:00:04 | 00198646856TRLO1 |
| 3,353 | 86.54 | XLON | 26-08-2026 | 11:00:18 | 00198646869TRLO1 |
| 3,178 | 86.58 | XLON | 26-08-2026 | 11:00:44 | 00198646909TRLO1 |
| 504 | 86.58 | XLON | 26-08-2026 | 11:00:44 | 00198646910TRLO1 |
| 3,561 | 86.56 | XLON | 26-08-2026 | 11:02:38 | 00198647040TRLO1 |
| 1,236 | 86.68 | XLON | 26-08-2026 | 11:02:45 | 00198647048TRLO1 |
| 2,494 | 86.68 | XLON | 26-08-2026 | 11:02:45 | 00198647049TRLO1 |
| 3,670 | 86.66 | XLON | 26-08-2026 | 11:02:47 | 00198647057TRLO1 |
| 3,805 | 86.78 | XLON | 26-08-2026 | 11:03:04 | 00198647072TRLO1 |
| 3,797 | 86.76 | XLON | 26-08-2026 | 11:04:01 | 00198647135TRLO1 |
| 3,208 | 86.74 | XLON | 26-08-2026 | 11:04:21 | 00198647150TRLO1 |
| 3,832 | 86.70 | XLON | 26-08-2026 | 11:04:54 | 00198647187TRLO1 |
| 3,736 | 86.68 | XLON | 26-08-2026 | 11:06:05 | 00198647263TRLO1 |
| 3,765 | 86.64 | XLON | 26-08-2026 | 11:06:09 | 00198647267TRLO1 |
| 3,470 | 86.78 | XLON | 26-08-2026 | 11:08:24 | 00198647428TRLO1 |
| 3,653 | 86.82 | XLON | 26-08-2026 | 11:10:57 | 00198647559TRLO1 |
| 3,307 | 86.78 | XLON | 26-08-2026 | 11:13:52 | 00198647692TRLO1 |
| 3,405 | 86.88 | XLON | 26-08-2026 | 11:15:57 | 00198647815TRLO1 |
| 3,785 | 86.84 | XLON | 26-08-2026 | 11:16:43 | 00198647854TRLO1 |
| 3,523 | 86.80 | XLON | 26-08-2026 | 11:17:23 | 00198647872TRLO1 |
| 3,691 | 86.90 | XLON | 26-08-2026 | 11:19:05 | 00198647982TRLO1 |
| 3,456 | 86.86 | XLON | 26-08-2026 | 11:19:10 | 00198647992TRLO1 |
| 3,251 | 86.80 | XLON | 26-08-2026 | 11:20:15 | 00198648050TRLO1 |
| 3,166 | 86.78 | XLON | 26-08-2026 | 11:21:15 | 00198648108TRLO1 |
| 611 | 86.78 | XLON | 26-08-2026 | 11:21:15 | 00198648109TRLO1 |
| 3,281 | 86.68 | XLON | 26-08-2026 | 11:21:26 | 00198648116TRLO1 |
| 3,855 | 86.66 | XLON | 26-08-2026 | 11:24:04 | 00198648264TRLO1 |
| 3,878 | 86.62 | XLON | 26-08-2026 | 11:24:06 | 00198648269TRLO1 |
| 3,612 | 86.64 | XLON | 26-08-2026 | 11:25:03 | 00198648322TRLO1 |
| 1,308 | 86.74 | XLON | 26-08-2026 | 11:25:08 | 00198648325TRLO1 |
| 2,302 | 86.74 | XLON | 26-08-2026 | 11:25:08 | 00198648326TRLO1 |
| 2,285 | 86.68 | XLON | 26-08-2026 | 11:25:16 | 00198648336TRLO1 |
| 1,547 | 86.68 | XLON | 26-08-2026 | 11:25:16 | 00198648337TRLO1 |
| 3,778 | 86.70 | XLON | 26-08-2026 | 11:27:42 | 00198648502TRLO1 |
| 3,462 | 86.80 | XLON | 26-08-2026 | 11:33:01 | 00198648833TRLO1 |
| 3,354 | 86.86 | XLON | 26-08-2026 | 11:34:58 | 00198648953TRLO1 |
| 3,296 | 86.78 | XLON | 26-08-2026 | 11:36:04 | 00198649041TRLO1 |
| 3,653 | 86.76 | XLON | 26-08-2026 | 11:39:57 | 00198649277TRLO1 |
| 3,694 | 86.78 | XLON | 26-08-2026 | 11:41:39 | 00198649379TRLO1 |
| 3,892 | 86.76 | XLON | 26-08-2026 | 11:43:06 | 00198649491TRLO1 |
| 3,383 | 86.72 | XLON | 26-08-2026 | 11:43:50 | 00198649519TRLO1 |
| 3,772 | 86.72 | XLON | 26-08-2026 | 11:51:49 | 00198649922TRLO1 |
| 3,569 | 86.72 | XLON | 26-08-2026 | 11:52:45 | 00198649975TRLO1 |
| 2,693 | 86.68 | XLON | 26-08-2026 | 11:52:51 | 00198649985TRLO1 |
| 794 | 86.68 | XLON | 26-08-2026 | 11:52:57 | 00198650002TRLO1 |
| 3,616 | 86.62 | XLON | 26-08-2026 | 11:54:22 | 00198650088TRLO1 |
| 3,415 | 86.56 | XLON | 26-08-2026 | 11:55:24 | 00198650121TRLO1 |
| 3,347 | 86.56 | XLON | 26-08-2026 | 11:58:28 | 00198650258TRLO1 |
| 422 | 86.50 | XLON | 26-08-2026 | 11:59:10 | 00198650297TRLO1 |
| 2,698 | 86.50 | XLON | 26-08-2026 | 11:59:10 | 00198650298TRLO1 |
| 313 | 86.50 | XLON | 26-08-2026 | 11:59:10 | 00198650299TRLO1 |
| 3,372 | 86.52 | XLON | 26-08-2026 | 12:02:53 | 00198650449TRLO1 |
| 3,615 | 86.52 | XLON | 26-08-2026 | 12:08:10 | 00198650700TRLO1 |
| 500,000 | 86.52 | XLON | 26-08-2026 | 12:08:21 | 00198650715TRLO1 |
| 750,000 | 86.90 | XLON | 26-08-2026 | 13:15:20 | 00198654075TRLO1 |
| 10,000 | 87.10 | XLON | 26-08-2026 | 13:54:38 | 00198656683TRLO1 |
| 1 | 87.52 | XLON | 26-08-2026 | 14:09:08 | 00198657557TRLO1 |
| 3,214 | 87.54 | XLON | 26-08-2026 | 14:11:55 | 00198657775TRLO1 |
| 3,534 | 87.56 | XLON | 26-08-2026 | 14:14:48 | 00198658053TRLO1 |
| 3,214 | 87.72 | XLON | 26-08-2026 | 14:20:05 | 00198658416TRLO1 |
| 3,698 | 87.72 | XLON | 26-08-2026 | 14:21:17 | 00198658532TRLO1 |
| 3,604 | 87.66 | XLON | 26-08-2026 | 14:21:56 | 00198658586TRLO1 |
| 3,659 | 87.60 | XLON | 26-08-2026 | 14:21:57 | 00198658588TRLO1 |
| 3,305 | 87.68 | XLON | 26-08-2026 | 14:23:46 | 00198658705TRLO1 |
| 3,554 | 87.64 | XLON | 26-08-2026 | 14:24:06 | 00198658724TRLO1 |
| 199,716 | 87.62 | XLON | 26-08-2026 | 14:24:17 | 00198658733TRLO1 |
| 3,305 | 87.64 | XLON | 26-08-2026 | 14:24:35 | 00198658756TRLO1 |
| 3,736 | 87.62 | XLON | 26-08-2026 | 14:25:32 | 00198658842TRLO1 |
| 3,394 | 87.58 | XLON | 26-08-2026 | 14:25:42 | 00198658850TRLO1 |
| 3,867 | 87.52 | XLON | 26-08-2026 | 14:26:09 | 00198658921TRLO1 |
| 3,437 | 87.54 | XLON | 26-08-2026 | 14:26:46 | 00198658972TRLO1 |
| 3,247 | 87.54 | XLON | 26-08-2026 | 14:27:20 | 00198659007TRLO1 |
| 3,622 | 87.60 | XLON | 26-08-2026 | 14:30:32 | 00198659606TRLO1 |
| 3,667 | 87.60 | XLON | 26-08-2026 | 14:30:55 | 00198659640TRLO1 |
| 3,508 | 87.58 | XLON | 26-08-2026 | 14:31:11 | 00198659712TRLO1 |
| 3,236 | 87.50 | XLON | 26-08-2026 | 14:31:37 | 00198659771TRLO1 |
| 3,398 | 87.38 | XLON | 26-08-2026 | 14:31:40 | 00198659814TRLO1 |
| 3,457 | 87.32 | XLON | 26-08-2026 | 14:32:10 | 00198660045TRLO1 |
| 2,563 | 87.26 | XLON | 26-08-2026 | 14:32:25 | 00198660085TRLO1 |
| 1,142 | 87.26 | XLON | 26-08-2026 | 14:32:25 | 00198660086TRLO1 |
| 3,479 | 87.34 | XLON | 26-08-2026 | 14:32:40 | 00198660146TRLO1 |
| 323,159 | 87.30 | XLON | 26-08-2026 | 14:33:50 | 00198660924TRLO1 |
| 988 | 87.56 | XLON | 27-08-2026 | 08:08:02 | 00198682630TRLO1 |
| 1,543 | 87.68 | XLON | 27-08-2026 | 08:12:56 | 00198683239TRLO1 |
| 2,177 | 87.68 | XLON | 27-08-2026 | 08:12:56 | 00198683240TRLO1 |
| 3,519 | 87.54 | XLON | 27-08-2026 | 08:16:00 | 00198683436TRLO1 |
| 3,974 | 87.74 | XLON | 27-08-2026 | 08:34:40 | 00198685068TRLO1 |
| 3,464 | 87.76 | XLON | 27-08-2026 | 08:37:09 | 00198685254TRLO1 |
| 3,429 | 87.72 | XLON | 27-08-2026 | 08:37:10 | 00198685256TRLO1 |
| 356 | 87.72 | XLON | 27-08-2026 | 08:37:10 | 00198685257TRLO1 |
| 3,852 | 88.00 | XLON | 27-08-2026 | 08:44:18 | 00198685840TRLO1 |
| 2,676 | 87.98 | XLON | 27-08-2026 | 08:44:19 | 00198685842TRLO1 |
| 3,761 | 87.80 | XLON | 27-08-2026 | 09:16:53 | 00198687999TRLO1 |
| 3,348 | 87.88 | XLON | 27-08-2026 | 09:16:54 | 00198688001TRLO1 |
| 3,700 | 87.80 | XLON | 27-08-2026 | 09:17:02 | 00198688017TRLO1 |
| 3,519 | 87.76 | XLON | 27-08-2026 | 09:17:05 | 00198688027TRLO1 |
| 3,624 | 87.72 | XLON | 27-08-2026 | 09:18:54 | 00198688122TRLO1 |
| 3,293 | 87.92 | XLON | 27-08-2026 | 09:19:04 | 00198688127TRLO1 |
| 3,653 | 87.82 | XLON | 27-08-2026 | 09:20:04 | 00198688177TRLO1 |
| 3,745 | 87.82 | XLON | 27-08-2026 | 09:20:24 | 00198688199TRLO1 |
| 3,318 | 87.82 | XLON | 27-08-2026 | 09:20:25 | 00198688200TRLO1 |
| 640 | 87.78 | XLON | 27-08-2026 | 09:20:30 | 00198688206TRLO1 |
| 300 | 87.78 | XLON | 27-08-2026 | 09:21:11 | 00198688254TRLO1 |
| 2,336 | 87.78 | XLON | 27-08-2026 | 09:21:45 | 00198688299TRLO1 |
| 1,107 | 87.76 | XLON | 27-08-2026 | 09:21:51 | 00198688305TRLO1 |
| 2,605 | 87.76 | XLON | 27-08-2026 | 09:21:51 | 00198688306TRLO1 |
| 3,662 | 87.70 | XLON | 27-08-2026 | 09:22:55 | 00198688366TRLO1 |
| 3,655 | 87.68 | XLON | 27-08-2026 | 09:22:56 | 00198688371TRLO1 |
| 280 | 87.68 | XLON | 27-08-2026 | 09:22:56 | 00198688372TRLO1 |
| 3,569 | 87.64 | XLON | 27-08-2026 | 09:23:43 | 00198688424TRLO1 |
| 3,691 | 87.64 | XLON | 27-08-2026 | 09:24:40 | 00198688486TRLO1 |
| 3,362 | 87.66 | XLON | 27-08-2026 | 09:25:50 | 00198688546TRLO1 |
| 3,841 | 87.90 | XLON | 27-08-2026 | 09:27:12 | 00198688683TRLO1 |
| 3,557 | 87.96 | XLON | 27-08-2026 | 09:27:49 | 00198688757TRLO1 |
| 3,846 | 87.94 | XLON | 27-08-2026 | 09:27:50 | 00198688761TRLO1 |
| 3,576 | 87.94 | XLON | 27-08-2026 | 09:27:51 | 00198688769TRLO1 |
| 3,381 | 88.02 | XLON | 27-08-2026 | 09:29:20 | 00198688863TRLO1 |
| 3,266 | 87.96 | XLON | 27-08-2026 | 09:29:26 | 00198688868TRLO1 |
| 3,817 | 87.92 | XLON | 27-08-2026 | 09:29:27 | 00198688869TRLO1 |
| 3,665 | 87.94 | XLON | 27-08-2026 | 09:32:23 | 00198689021TRLO1 |
| 3,650 | 87.94 | XLON | 27-08-2026 | 09:32:24 | 00198689025TRLO1 |
| 3,484 | 87.92 | XLON | 27-08-2026 | 09:32:25 | 00198689029TRLO1 |
| 533 | 87.90 | XLON | 27-08-2026 | 09:32:35 | 00198689042TRLO1 |
| 3,231 | 87.90 | XLON | 27-08-2026 | 09:32:35 | 00198689043TRLO1 |
| 3,287 | 87.90 | XLON | 27-08-2026 | 09:32:36 | 00198689044TRLO1 |
| 2,394 | 87.86 | XLON | 27-08-2026 | 09:32:37 | 00198689045TRLO1 |
| 905 | 87.86 | XLON | 27-08-2026 | 09:32:37 | 00198689046TRLO1 |
| 3,903 | 87.86 | XLON | 27-08-2026 | 09:32:38 | 00198689047TRLO1 |
| 3,980 | 87.98 | XLON | 27-08-2026 | 09:35:05 | 00198690054TRLO1 |
| 3,938 | 87.96 | XLON | 27-08-2026 | 09:35:36 | 00198690083TRLO1 |
| 3,281 | 87.92 | XLON | 27-08-2026 | 09:36:11 | 00198690126TRLO1 |
| 2,514 | 87.92 | XLON | 27-08-2026 | 09:37:00 | 00198690168TRLO1 |
| 1,156 | 87.92 | XLON | 27-08-2026 | 09:37:00 | 00198690169TRLO1 |
| 3,459 | 87.98 | XLON | 27-08-2026 | 09:40:02 | 00198690401TRLO1 |
| 3,420 | 87.94 | XLON | 27-08-2026 | 09:40:04 | 00198690406TRLO1 |
| 559 | 87.92 | XLON | 27-08-2026 | 09:40:36 | 00198690439TRLO1 |
| 1,671 | 87.92 | XLON | 27-08-2026 | 09:41:27 | 00198690458TRLO1 |
| 1,346 | 87.92 | XLON | 27-08-2026 | 09:41:27 | 00198690459TRLO1 |
| 3,901 | 87.92 | XLON | 27-08-2026 | 09:41:28 | 00198690460TRLO1 |
| 3,877 | 87.90 | XLON | 27-08-2026 | 09:41:29 | 00198690463TRLO1 |
| 3,281 | 87.86 | XLON | 27-08-2026 | 09:41:39 | 00198690484TRLO1 |
| 3,437 | 87.92 | XLON | 27-08-2026 | 09:42:13 | 00198690547TRLO1 |
| 93 | 87.88 | XLON | 27-08-2026 | 09:43:25 | 00198690614TRLO1 |
| 3,358 | 87.88 | XLON | 27-08-2026 | 09:43:25 | 00198690615TRLO1 |
| 3,709 | 87.88 | XLON | 27-08-2026 | 09:43:35 | 00198690626TRLO1 |
| 3,268 | 87.88 | XLON | 27-08-2026 | 09:43:36 | 00198690647TRLO1 |
| 3,394 | 87.84 | XLON | 27-08-2026 | 09:44:17 | 00198690702TRLO1 |
| 3,663 | 87.94 | XLON | 27-08-2026 | 09:45:14 | 00198690770TRLO1 |
| 100,000 | 87.89 | XLON | 27-08-2026 | 09:46:29 | 00198690884TRLO1 |
| 3,846 | 87.92 | XLON | 27-08-2026 | 09:46:40 | 00198690902TRLO1 |
| 3,291 | 87.90 | XLON | 27-08-2026 | 09:46:41 | 00198690908TRLO1 |
| 3,324 | 87.90 | XLON | 27-08-2026 | 09:46:46 | 00198690915TRLO1 |
| 3,316 | 87.96 | XLON | 27-08-2026 | 09:51:26 | 00198691217TRLO1 |
| 547 | 88.00 | XLON | 27-08-2026 | 09:51:52 | 00198691227TRLO1 |
| 635 | 88.00 | XLON | 27-08-2026 | 09:52:16 | 00198691243TRLO1 |
| 2,378 | 88.00 | XLON | 27-08-2026 | 09:52:16 | 00198691244TRLO1 |
| 3,321 | 88.00 | XLON | 27-08-2026 | 09:52:17 | 00198691245TRLO1 |
| 3,840 | 87.98 | XLON | 27-08-2026 | 09:52:27 | 00198691257TRLO1 |
| 628 | 87.96 | XLON | 27-08-2026 | 09:52:37 | 00198691266TRLO1 |
| 2,848 | 87.96 | XLON | 27-08-2026 | 09:52:37 | 00198691267TRLO1 |
| 3,259 | 87.96 | XLON | 27-08-2026 | 09:53:57 | 00198691345TRLO1 |
| 3,440 | 87.94 | XLON | 27-08-2026 | 09:55:40 | 00198691455TRLO1 |
| 3,066 | 87.94 | XLON | 27-08-2026 | 09:56:11 | 00198691490TRLO1 |
| 549 | 87.94 | XLON | 27-08-2026 | 09:56:11 | 00198691491TRLO1 |
| 3,386 | 87.94 | XLON | 27-08-2026 | 09:56:35 | 00198691531TRLO1 |
| 3,296 | 87.94 | XLON | 27-08-2026 | 09:56:36 | 00198691532TRLO1 |
| 3,407 | 87.90 | XLON | 27-08-2026 | 09:56:37 | 00198691549TRLO1 |
| 3,751 | 87.96 | XLON | 27-08-2026 | 09:58:31 | 00198691690TRLO1 |
| 78 | 87.96 | XLON | 27-08-2026 | 09:59:29 | 00198691744TRLO1 |
| 3,192 | 87.96 | XLON | 27-08-2026 | 10:00:10 | 00198691786TRLO1 |
| 780 | 88.04 | XLON | 27-08-2026 | 10:02:19 | 00198691956TRLO1 |
| 2,985 | 88.04 | XLON | 27-08-2026 | 10:02:19 | 00198691957TRLO1 |
| 3,806 | 88.02 | XLON | 27-08-2026 | 10:03:22 | 00198692035TRLO1 |
| 3,963 | 88.02 | XLON | 27-08-2026 | 10:03:23 | 00198692038TRLO1 |
| 3,795 | 87.96 | XLON | 27-08-2026 | 10:03:24 | 00198692041TRLO1 |
| 3,718 | 87.94 | XLON | 27-08-2026 | 10:04:08 | 00198692105TRLO1 |
| 3,415 | 88.00 | XLON | 27-08-2026 | 10:04:54 | 00198692148TRLO1 |
| 3,591 | 88.02 | XLON | 27-08-2026 | 10:04:57 | 00198692149TRLO1 |
| 3,479 | 88.18 | XLON | 27-08-2026 | 10:07:24 | 00198692339TRLO1 |
| 3,421 | 88.16 | XLON | 27-08-2026 | 10:07:25 | 00198692340TRLO1 |
| 849 | 88.16 | XLON | 27-08-2026 | 10:08:10 | 00198692400TRLO1 |
| 848 | 88.16 | XLON | 27-08-2026 | 10:08:10 | 00198692401TRLO1 |
| 2,256 | 88.16 | XLON | 27-08-2026 | 10:08:35 | 00198692472TRLO1 |
| 3,893 | 88.18 | XLON | 27-08-2026 | 10:09:41 | 00198692557TRLO1 |
| 636 | 88.14 | XLON | 27-08-2026 | 10:09:48 | 00198692562TRLO1 |
| 2,758 | 88.14 | XLON | 27-08-2026 | 10:10:30 | 00198692601TRLO1 |
| 442 | 88.14 | XLON | 27-08-2026 | 10:10:30 | 00198692602TRLO1 |
| 3,782 | 88.22 | XLON | 27-08-2026 | 10:12:19 | 00198692710TRLO1 |
| 3,685 | 88.20 | XLON | 27-08-2026 | 10:14:41 | 00198692896TRLO1 |
| 3,574 | 88.16 | XLON | 27-08-2026 | 10:14:46 | 00198692909TRLO1 |
| 899 | 88.14 | XLON | 27-08-2026 | 10:14:47 | 00198692911TRLO1 |
| 899 | 88.14 | XLON | 27-08-2026 | 10:14:47 | 00198692912TRLO1 |
| 1,625 | 88.14 | XLON | 27-08-2026 | 10:14:47 | 00198692913TRLO1 |
| 3,792 | 88.12 | XLON | 27-08-2026 | 10:14:48 | 00198692916TRLO1 |
| 1,855 | 88.04 | XLON | 27-08-2026 | 10:14:49 | 00198692921TRLO1 |
| 1,132 | 88.04 | XLON | 27-08-2026 | 10:14:49 | 00198692922TRLO1 |
| 393 | 88.04 | XLON | 27-08-2026 | 10:15:02 | 00198692934TRLO1 |
| 2,582 | 88.06 | XLON | 27-08-2026 | 10:16:38 | 00198693117TRLO1 |
| 1,223 | 88.06 | XLON | 27-08-2026 | 10:16:38 | 00198693118TRLO1 |
| 3,804 | 88.08 | XLON | 27-08-2026 | 10:17:09 | 00198693151TRLO1 |
| 3,831 | 88.16 | XLON | 27-08-2026 | 10:20:06 | 00198693330TRLO1 |
| 3,602 | 88.16 | XLON | 27-08-2026 | 10:20:11 | 00198693340TRLO1 |
| 3,348 | 88.14 | XLON | 27-08-2026 | 10:20:42 | 00198693369TRLO1 |
| 775 | 88.18 | XLON | 27-08-2026 | 10:20:42 | 00198693370TRLO1 |
| 1,643 | 88.18 | XLON | 27-08-2026 | 10:20:42 | 00198693371TRLO1 |
| 39 | 88.18 | XLON | 27-08-2026 | 10:20:42 | 00198693372TRLO1 |
| 1,390 | 88.18 | XLON | 27-08-2026 | 10:20:42 | 00198693373TRLO1 |
| 3,848 | 88.16 | XLON | 27-08-2026 | 10:20:43 | 00198693374TRLO1 |
| 209 | 88.18 | XLON | 27-08-2026 | 10:21:34 | 00198693428TRLO1 |
| 3,247 | 88.18 | XLON | 27-08-2026 | 10:21:34 | 00198693429TRLO1 |
| 3,762 | 88.14 | XLON | 27-08-2026 | 10:21:35 | 00198693432TRLO1 |
| 3,898 | 88.12 | XLON | 27-08-2026 | 10:21:54 | 00198693453TRLO1 |
| 3,829 | 88.08 | XLON | 27-08-2026 | 10:22:38 | 00198693509TRLO1 |
| 3,963 | 88.08 | XLON | 27-08-2026 | 10:24:25 | 00198693628TRLO1 |
| 3,521 | 88.12 | XLON | 27-08-2026 | 10:25:54 | 00198693719TRLO1 |
| 3,628 | 88.10 | XLON | 27-08-2026 | 10:25:55 | 00198693720TRLO1 |
| 3,262 | 88.08 | XLON | 27-08-2026 | 10:26:57 | 00198693787TRLO1 |
| 3,812 | 88.06 | XLON | 27-08-2026 | 10:26:59 | 00198693790TRLO1 |
| 2,094 | 88.06 | XLON | 27-08-2026 | 10:26:59 | 00198693791TRLO1 |
| 1,799 | 88.08 | XLON | 27-08-2026 | 10:26:59 | 00198693792TRLO1 |
| 3,689 | 88.06 | XLON | 27-08-2026 | 10:27:01 | 00198693793TRLO1 |
| 3,510 | 88.04 | XLON | 27-08-2026 | 10:27:02 | 00198693794TRLO1 |
| 2,959 | 88.04 | XLON | 27-08-2026 | 10:27:11 | 00198693811TRLO1 |
| 468 | 88.04 | XLON | 27-08-2026 | 10:27:11 | 00198693812TRLO1 |
| 3,943 | 88.04 | XLON | 27-08-2026 | 10:27:12 | 00198693813TRLO1 |
| 3,553 | 88.02 | XLON | 27-08-2026 | 10:28:13 | 00198693855TRLO1 |
| 3,720 | 88.08 | XLON | 27-08-2026 | 10:30:40 | 00198694005TRLO1 |
| 3,326 | 88.02 | XLON | 27-08-2026 | 10:30:41 | 00198694006TRLO1 |
| 633 | 88.02 | XLON | 27-08-2026 | 10:32:20 | 00198694177TRLO1 |
| 3,012 | 88.02 | XLON | 27-08-2026 | 10:32:20 | 00198694178TRLO1 |
| 3,273 | 88.00 | XLON | 27-08-2026 | 10:32:27 | 00198694195TRLO1 |
| 3,290 | 88.00 | XLON | 27-08-2026 | 10:32:28 | 00198694198TRLO1 |
| 3,861 | 88.04 | XLON | 27-08-2026 | 10:32:56 | 00198694242TRLO1 |
| 3,287 | 88.00 | XLON | 27-08-2026 | 10:35:07 | 00198694355TRLO1 |
| 3,756 | 87.92 | XLON | 27-08-2026 | 10:35:08 | 00198694356TRLO1 |
| 3,804 | 87.92 | XLON | 27-08-2026 | 10:35:09 | 00198694361TRLO1 |
| 3,502 | 87.92 | XLON | 27-08-2026 | 10:35:10 | 00198694363TRLO1 |
| 3,762 | 87.92 | XLON | 27-08-2026 | 10:35:16 | 00198694369TRLO1 |
| 3,911 | 87.90 | XLON | 27-08-2026 | 10:35:20 | 00198694392TRLO1 |
| 3,973 | 87.90 | XLON | 27-08-2026 | 10:35:45 | 00198694428TRLO1 |
| 3,491 | 87.84 | XLON | 27-08-2026 | 10:35:47 | 00198694446TRLO1 |
| 3,762 | 87.82 | XLON | 27-08-2026 | 10:35:52 | 00198694457TRLO1 |
| 3,398 | 87.78 | XLON | 27-08-2026 | 10:36:48 | 00198694551TRLO1 |
| 3,418 | 87.78 | XLON | 27-08-2026 | 10:36:49 | 00198694553TRLO1 |
| 3,323 | 87.78 | XLON | 27-08-2026 | 10:36:50 | 00198694554TRLO1 |
| 3,605 | 87.78 | XLON | 27-08-2026 | 10:36:51 | 00198694559TRLO1 |
| 3,612 | 87.78 | XLON | 27-08-2026 | 10:36:52 | 00198694561TRLO1 |
| 3,643 | 87.76 | XLON | 27-08-2026 | 10:36:53 | 00198694563TRLO1 |
| 428 | 87.70 | XLON | 27-08-2026 | 10:37:43 | 00198694670TRLO1 |
| 3,387 | 87.70 | XLON | 27-08-2026 | 10:37:43 | 00198694671TRLO1 |
| 3,641 | 87.70 | XLON | 27-08-2026 | 10:37:44 | 00198694673TRLO1 |
| 3,411 | 87.64 | XLON | 27-08-2026 | 10:37:50 | 00198694675TRLO1 |
| 3,318 | 87.56 | XLON | 27-08-2026 | 10:38:17 | 00198694701TRLO1 |
| 768 | 87.50 | XLON | 27-08-2026 | 10:38:47 | 00198694731TRLO1 |
| 2,625 | 87.50 | XLON | 27-08-2026 | 10:38:47 | 00198694732TRLO1 |
| 3,930 | 87.52 | XLON | 27-08-2026 | 10:40:24 | 00198694898TRLO1 |
| 3,527 | 87.56 | XLON | 27-08-2026 | 10:44:43 | 00198695158TRLO1 |
| 3,559 | 87.52 | XLON | 27-08-2026 | 10:44:44 | 00198695159TRLO1 |
| 3,364 | 87.48 | XLON | 27-08-2026 | 10:45:10 | 00198695202TRLO1 |
| 20 | 87.48 | XLON | 27-08-2026 | 10:45:10 | 00198695203TRLO1 |
| 3,239 | 87.48 | XLON | 27-08-2026 | 10:45:11 | 00198695204TRLO1 |
| 55 | 87.48 | XLON | 27-08-2026 | 10:45:11 | 00198695205TRLO1 |
| 3,171 | 87.48 | XLON | 27-08-2026 | 10:45:15 | 00198695214TRLO1 |
| 547 | 87.48 | XLON | 27-08-2026 | 10:45:15 | 00198695215TRLO1 |
| 3,739 | 87.48 | XLON | 27-08-2026 | 10:45:27 | 00198695225TRLO1 |
| 3,888 | 87.48 | XLON | 27-08-2026 | 10:45:28 | 00198695229TRLO1 |
| 3,426 | 87.48 | XLON | 27-08-2026 | 10:45:29 | 00198695232TRLO1 |
| 3,801 | 87.56 | XLON | 27-08-2026 | 10:49:34 | 00198695536TRLO1 |
| 3,941 | 87.52 | XLON | 27-08-2026 | 10:49:35 | 00198695540TRLO1 |
| 3,260 | 87.52 | XLON | 27-08-2026 | 10:49:36 | 00198695541TRLO1 |
| 3,603 | 87.52 | XLON | 27-08-2026 | 10:50:34 | 00198695590TRLO1 |
| 3,677 | 87.52 | XLON | 27-08-2026 | 10:50:35 | 00198695591TRLO1 |
| 3,694 | 87.46 | XLON | 27-08-2026 | 10:50:45 | 00198695598TRLO1 |
| 1,005 | 87.44 | XLON | 27-08-2026 | 10:51:32 | 00198695639TRLO1 |
| 2,481 | 87.44 | XLON | 27-08-2026 | 10:51:32 | 00198695640TRLO1 |
| 3,538 | 87.44 | XLON | 27-08-2026 | 10:51:33 | 00198695643TRLO1 |
| 3,668 | 87.44 | XLON | 27-08-2026 | 10:51:41 | 00198695645TRLO1 |
| 75,000 | 87.89 | XLON | 27-08-2026 | 10:35:00 | 00198696036TRLO1 |
| 3,613 | 87.62 | XLON | 27-08-2026 | 10:59:06 | 00198696048TRLO1 |
| 3,802 | 87.68 | XLON | 27-08-2026 | 10:59:10 | 00198696057TRLO1 |
| 3,506 | 87.84 | XLON | 27-08-2026 | 11:00:11 | 00198696186TRLO1 |
| 3,785 | 87.88 | XLON | 27-08-2026 | 11:00:13 | 00198696191TRLO1 |
| 90,000 | 87.67 | XLON | 27-08-2026 | 11:00:22 | 00198696204TRLO1 |
| 3,844 | 87.84 | XLON | 27-08-2026 | 11:00:25 | 00198696206TRLO1 |
| 3,842 | 87.82 | XLON | 27-08-2026 | 11:01:02 | 00198696265TRLO1 |
| 3,486 | 87.86 | XLON | 27-08-2026 | 11:02:22 | 00198696342TRLO1 |
| 2,582 | 87.82 | XLON | 27-08-2026 | 11:02:50 | 00198696366TRLO1 |
| 773 | 87.82 | XLON | 27-08-2026 | 11:02:50 | 00198696367TRLO1 |
| 3,510 | 87.86 | XLON | 27-08-2026 | 11:04:44 | 00198696493TRLO1 |
| 3,294 | 87.84 | XLON | 27-08-2026 | 11:05:10 | 00198696505TRLO1 |
| 3,510 | 87.84 | XLON | 27-08-2026 | 11:05:11 | 00198696513TRLO1 |
| 3,280 | 87.76 | XLON | 27-08-2026 | 11:05:13 | 00198696535TRLO1 |
| 175,000 | 87.78 | XLON | 27-08-2026 | 11:06:02 | 00198696606TRLO1 |
| 3,635 | 87.74 | XLON | 27-08-2026 | 11:06:03 | 00198696610TRLO1 |
| 25,000 | 87.72 | XLON | 27-08-2026 | 11:06:58 | 00198696703TRLO1 |
| 180,000 | 87.47 | XLON | 27-08-2026 | 11:30:25 | 00198698286TRLO1 |
| 75,000 | 87.48 | XLON | 27-08-2026 | 11:39:00 | 00198698951TRLO1 |
| 75,000 | 87.16 | XLON | 27-08-2026 | 11:50:29 | 00198699723TRLO1 |
| 60,000 | 87.15 | XLON | 27-08-2026 | 11:53:00 | 00198701219TRLO1 |
| 175,000 | 87.18 | XLON | 27-08-2026 | 12:35:38 | 00198702616TRLO1 |
| 125,000 | 87.10 | XLON | 27-08-2026 | 12:46:00 | 00198703336TRLO1 |
| 85,000 | 86.97 | XLON | 27-08-2026 | 13:14:40 | 00198704875TRLO1 |
| 155,000 | 86.92 | XLON | 27-08-2026 | 14:07:39 | 00198708692TRLO1 |
| 165,000 | 86.83 | XLON | 27-08-2026 | 14:27:33 | 00198710052TRLO1 |
| 225,000 | 86.83 | XLON | 27-08-2026 | 14:43:44 | 00198713125TRLO1 |
| 80,000 | 86.89 | XLON | 27-08-2026 | 15:36:41 | 00198720464TRLO1 |
| 980 | 86.88 | XLON | 27-08-2026 | 15:38:54 | 00198720682TRLO1 |
| 250,000 | 84.87 | XLON | 28-08-2026 | 08:25:07 | 00198738409TRLO1 |
| 250,000 | 86.25 | XLON | 28-08-2026 | 08:26:43 | 00198738604TRLO1 |
| 1,500,000 | 85.90 | XLON | 28-08-2026 | 10:13:16 | 00198745931TRLO1 |
| 453,468 | 86.20 | XLON | 28-08-2026 | 15:19:52 | 00198766002TRLO1 |

   
 

 The LEI reference for JD Sports Fashion Plc is 213800HROV6Y9MUU8375

 For further information contact:

|  |  |
| --- | --- |
| JD Sports Fashion Plc | Tel: 0161 767 1000 |
| Theresa Casey, General Counsel & Company Secretary  Maj Nazir, Investor Relations Director |  |
| Headland | Tel: 020 3805 4822 |
| Lucy Legh  Rob Walker  Eleanor Evans |  |

This information is provided by RNS, the news service of the London Stock Exchange. RNS is approved by the Financial Conduct Authority to act as a Primary Information Provider in the United Kingdom. Terms and conditions relating to the use and distribution of this information may apply. For further information, please contact [rns@lseg.com](mailto:rns@lseg.com) or visit [www.rns.com](http://www.rns.com/).  
  
RNS may use your IP address to confirm compliance with the terms and conditions, to analyse how you engage with the information contained in this communication, and to share such analysis on an anonymised basis with others as part of our commercial services. For further information about how RNS and the London Stock Exchange use the personal data you provide us, please see our [Privacy Policy](https://www.lseg.com/privacy-and-cookie-policy).

END

POSAKFBDABKDNFB",404010,Retailers 
17763007,2026-09-01 06:00:11,Transaction in Own Shares,Currys PLC,CURY,POS,RNS,6952S,https://www.londonstockexchange.com/news-article/CURY/transaction-in-own-shares/17763007,"/\*<![CDATA[\*/
/\*\*/
/\*\*/
/\*\*/
h1{margin-top:18.0pt;margin-right:0cm;margin-bottom:4.0pt;margin-left:0cm;line-height:107%;font-size:20.0pt;font-family:""Aptos Display"",""sans-serif"";color:#0F4761;font-weight:normal;}h2{margin-top:8.0pt;margin-right:0cm;margin-bottom:4.0pt;margin-left:0cm;line-height:107%;font-size:16.0pt;font-family:""Aptos Display"",""sans-serif"";color:#0F4761;font-weight:normal;}h3{margin-top:8.0pt;margin-right:0cm;margin-bottom:4.0pt;margin-left:0cm;line-height:107%;font-size:14.0pt;font-family:""Aptos"",""sans-serif"";color:#0F4761;font-weight:normal;}h4{margin-top:4.0pt;margin-right:0cm;margin-bottom:2.0pt;margin-left:0cm;line-height:107%;font-size:11.0pt;font-family:""Aptos"",""sans-serif"";color:#0F4761;font-weight:normal;font-style:italic;}h5{margin-top:4.0pt;margin-right:0cm;margin-bottom:2.0pt;margin-left:0cm;line-height:107%;font-size:11.0pt;font-family:""Aptos"",""sans-serif"";color:#0F4761;font-weight:normal;}h6{margin-top:2.0pt;margin-right:0cm;margin-bottom:0cm;margin-left:0cm;margin-bottom:.0001pt;line-height:107%;font-size:11.0pt;font-family:""Aptos"",""sans-serif"";color:#595959;font-weight:normal;font-style:italic;}link{ color: blue }visited{ color: purple }
.bh{size:595.3pt 841.9pt;margin:72.0pt 72.0pt 72.0pt 72.0pt;}div.bh{}p.a,li.a,div.a{margin-top:0cm;margin-right:0cm;margin-bottom:8.0pt;margin-left:0cm;line-height:107%;font-size:11.0pt;font-family:""Aptos"",""sans-serif"";}span.cr{font-size:10.0pt;line-height: 107%;font-family:""Arial"",""sans-serif""}span.cq{font-size:10.0pt;line-height:107%; font-family:""Arial"",""sans-serif""}p.ct{margin-top:0cm;margin-right:0cm;margin-bottom:8.0pt;margin-left:0cm;line-height:107%;font-size:11.0pt;font-family:""Aptos"",""sans-serif"";text-align:center}span.cp{font-size:10.0pt;line-height:107%;font-family:""Arial"",""sans-serif""}p.cu{margin-top:0cm;margin-right:0cm;margin-bottom:8.0pt;margin-left:0cm;line-height:107%;font-size:11.0pt;font-family:""Aptos"",""sans-serif"";text-align:justify}table.cv{margin-left:auto;margin-right:auto;border-collapse:collapse;border:none}tr.ci{height:28.0pt}
td.ck{width:20.0%;border:solid windowtext 1.0pt; padding:0cm 5.4pt 0cm 5.4pt;height:28.0pt}p.cw{margin-top:0cm;margin-right:0cm;margin-bottom:8.0pt;margin-left:0cm;line-height:107%;font-size:11.0pt;font-family:""Aptos"",""sans-serif"";margin-bottom:0cm;margin-bottom:.0001pt; text-align:center;line-height:normal}span.cm{font-size: 10.0pt;font-family:""Arial"",""sans-serif"";color:black}td.cj{width:20.0%;border:solid windowtext 1.0pt; border-left:none;padding:0cm 5.4pt 0cm 5.4pt;height:28.0pt}tr.ce{height:13.9pt}td.cg{width:20.0%;border:solid windowtext 1.0pt;border-top: none;padding:0cm 5.4pt 0cm 5.4pt;height:13.9pt}p.cx{margin-top:0cm;margin-right:0cm;margin-bottom:8.0pt;margin-left:0cm;line-height:107%;font-size:11.0pt;font-family:""Aptos"",""sans-serif"";margin-bottom:0cm;margin-bottom:.0001pt; text-align:center}td.cf{width:20.0%;border-top:none;border-left:none; border-bottom:solid windowtext 1.0pt;border-right:solid windowtext 1.0pt; padding:0cm 5.4pt 0cm 5.4pt;height:13.9pt}table.cy{width:12.0cm;border-collapse:collapse}tr.bz{height:15.0pt}
td.cc{width:74.9pt;padding:0cm 0cm 0cm 0cm; height:15.0pt}td.cb{width:157.95pt;padding:0cm 0cm 0cm 0cm; height:15.0pt}td.ca{width:107.35pt;padding:0cm 0cm 0cm 0cm; height:15.0pt}table.cz{width:442.7pt;margin-left:-5.9pt;border-collapse:collapse;border:none}tr.bu{height:27.1pt}td.bw{width:129.9pt;border:solid windowtext 1.0pt;padding:0cm 5.4pt 0cm 5.4pt;height:27.1pt}span.bx{font-size:10.0pt;line-height:107%;font-family:""Arial"",""sans-serif""; color:black}td.bv{width:140.2pt;border:solid windowtext 1.0pt;border-left: none;padding:0cm 5.4pt 0cm 5.4pt;height:27.1pt}td.bt{width:129.9pt;border:solid windowtext 1.0pt; border-top:none;padding:0cm 5.4pt 0cm 5.4pt}td.bs{width:140.2pt;border-top:none;border-left: none;border-bottom:solid windowtext 1.0pt;border-right:solid windowtext 1.0pt; padding:0cm 5.4pt 0cm 5.4pt}
p.l,li.l,div.l{margin-top:0cm;margin-right:0cm;margin-bottom:9.0pt;margin-left:0cm;text-align:justify;line-height:14.0pt;font-size:12.0pt;font-family:""Times New Roman"",""serif"";}span.bq{font-size:10.0pt;font-family:""Arial"",""sans-serif""; color:black}p.da{margin-top:0cm;margin-right:0cm;margin-bottom:8.0pt;margin-left:0cm;line-height:107%;font-size:11.0pt;font-family:""Aptos"",""sans-serif"";background:white}span.bp{font-size:10.0pt;line-height:107%;font-family:""Arial"",""sans-serif""; color:#212721}table.db{width:495.75pt;border-collapse:collapse;border:none}td.bm{width:88.35pt;border:solid windowtext 1.0pt;padding: 0cm 5.4pt 0cm 5.4pt;height:13.9pt}p.dc{margin-top:0cm;margin-right:0cm;margin-bottom:8.0pt;margin-left:0cm;line-height:107%;font-size:11.0pt;font-family:""Aptos"",""sans-serif"";margin-bottom:0cm;margin-bottom:.0001pt;line-height: normal}td.bl{width:88.35pt;border:solid windowtext 1.0pt; border-left:none;padding:0cm 5.4pt 0cm 5.4pt;height:13.9pt}td.bk{width:88.35pt;border:solid windowtext 1.0pt; border-top:none;padding:0cm 5.4pt 0cm 5.4pt;height:13.9pt}td.bj{width:88.35pt;border-top:none; border-left:none;border-bottom:solid windowtext 1.0pt;border-right:solid windowtext 1.0pt; padding:0cm 5.4pt 0cm 5.4pt;height:13.9pt}
.fr-view-element{font-family: sans-serif;font-size: 12pt;line-height: 140%;padding: 20px;box-sizing: border-box;overflow-x: auto;min-height: 60px;text-align: left;margin-bottom: 10px;width: 837px;} .fr-view-element img{padding: 0 1px;} .fr-view-element .bh{margin: 63.8pt 1.6cm 62.35pt 1.6cm;} .fr-view-element p{font-size: 10pt;}
/\*\*/
/\*\*/
/\*\*/
/\*]]>\*/

RNS Number : 6952S

Currys PLC

01 September 2026

1 September 2026

 

Currys Plc (the 'Company')

 

Transaction in Own Shares

and

Total Voting Rights

The Company announces that in accordance with the authority given by its shareholders at its Annual General Meeting on 4 September 2025 and pursuant to the Company's share buy-back announced on 2 July 2026, it has purchased for cancellation through Panmure Liberum Limited, the following ordinary shares in the capital of the Company (""Ordinary Shares"") in the period from 25 August 2026 to 28 August 2026:

  

|  |  |  |  |  |
| --- | --- | --- | --- | --- |
| Date of purchase | Aggregate number of Ordinary Shares purchased | Lowest price paid per share (p) | Highest price paid per share (p) | Average price paid per share (p) |
| 25 August 2026 | 272,498 | 146.80 | 148.80 | 148.13 |
| 26 August 2026 | 232,821 | 147.90 | 149.00 | 148.67 |
| 27 August 2026 | 591,169 | 146.60 | 150.00 | 149.67 |
| 28 August 2026 | 245,000 | 150.10 | 152.00 | 150.94 |

 

Following cancellation of the above Ordinary Shares, the Company will have 1,083,111,684 Ordinary Shares in issue. No Ordinary Shares are held in treasury.

This number represents the total voting rights in the Company and may be used by shareholders as the denominator for the calculations by which they can determine if they are required to notify their interest in, or a change to their interest in the Company under the Financial Conduct Authority's Disclosure Guidance and Transparency Rules.

 

For further information, please contact:

|  |  |  |
| --- | --- | --- |
| Dan Homan | Investor Relations Director | +44 (0)7401 400 442 |

 

Transaction details

Issuer name: Currys Plc

LEI: 2138001E12GWLLDQQF16

ISIN: GB00B4Y7R145

Classification: 2.4. Acquisition or disposal of the issuer's own shares

Intermediary name: Panmure Liberum Limited

Intermediary Code: PMURGB3L

Timezone: BST

Currency: GBp

 

Aggregate Information:

|  |  |  |
| --- | --- | --- |
| Venue | Weekly weighted average price of shares acquired (GBp) | Aggregated weekly total volume (in number of shares) |
| XLON | 149.39 | 903,380 |
| CHIX | 149.37 | 92,010 |
| BATE | 149.50 | 307,835 |
| TRQX | 149.48 | 38,263 |

 

Individual Transactions

|  |  |  |  |  |
| --- | --- | --- | --- | --- |
| Transaction Date | Transaction Time | Volume | Price (p) | Platform code |
| 25 Aug 2026 | 08:03:43 | 141 | 147.60 | BATE |
| 25 Aug 2026 | 08:04:05 | 500 | 147.50 | BATE |
| 25 Aug 2026 | 08:10:16 | 1,260 | 147.60 | BATE |
| 25 Aug 2026 | 08:10:16 | 1,338 | 147.50 | CHIX |
| 25 Aug 2026 | 08:10:16 | 544 | 147.50 | TRQX |
| 25 Aug 2026 | 08:10:16 | 831 | 147.50 | XLON |
| 25 Aug 2026 | 08:10:16 | 869 | 147.50 | XLON |
| 25 Aug 2026 | 08:10:16 | 1,872 | 147.60 | XLON |
| 25 Aug 2026 | 08:10:16 | 175 | 147.60 | XLON |
| 25 Aug 2026 | 08:10:28 | 977 | 147.30 | XLON |
| 25 Aug 2026 | 08:18:35 | 338 | 147.30 | XLON |
| 25 Aug 2026 | 08:19:20 | 657 | 147.20 | BATE |
| 25 Aug 2026 | 08:19:20 | 1,362 | 147.20 | XLON |
| 25 Aug 2026 | 08:22:46 | 742 | 147.10 | XLON |
| 25 Aug 2026 | 08:48:11 | 831 | 147.40 | XLON |
| 25 Aug 2026 | 08:48:11 | 1,723 | 147.30 | BATE |
| 25 Aug 2026 | 08:48:11 | 395 | 147.30 | TRQX |
| 25 Aug 2026 | 08:48:11 | 831 | 147.20 | XLON |
| 25 Aug 2026 | 08:48:20 | 33 | 147.10 | XLON |
| 25 Aug 2026 | 08:48:20 | 288 | 147.00 | XLON |
| 25 Aug 2026 | 08:48:20 | 2,018 | 147.00 | XLON |
| 25 Aug 2026 | 08:50:44 | 991 | 146.90 | CHIX |
| 25 Aug 2026 | 08:50:44 | 287 | 146.90 | XLON |
| 25 Aug 2026 | 09:01:15 | 1,735 | 146.90 | XLON |
| 25 Aug 2026 | 09:10:21 | 1,287 | 146.80 | BATE |
| 25 Aug 2026 | 09:10:21 | 649 | 146.90 | XLON |
| 25 Aug 2026 | 09:10:21 | 728 | 146.80 | XLON |
| 25 Aug 2026 | 09:23:33 | 1 | 146.80 | XLON |
| 25 Aug 2026 | 09:24:10 | 1,751 | 146.90 | XLON |
| 25 Aug 2026 | 09:48:04 | 1,728 | 146.90 | XLON |
| 25 Aug 2026 | 10:00:03 | 2,240 | 147.00 | BATE |
| 25 Aug 2026 | 10:00:03 | 511 | 147.00 | TRQX |
| 25 Aug 2026 | 10:00:03 | 2,240 | 147.00 | XLON |
| 25 Aug 2026 | 10:15:07 | 345 | 147.10 | XLON |
| 25 Aug 2026 | 10:22:03 | 1,869 | 147.40 | XLON |
| 25 Aug 2026 | 10:24:20 | 1,080 | 147.20 | CHIX |
| 25 Aug 2026 | 10:24:20 | 983 | 147.20 | BATE |
| 25 Aug 2026 | 10:43:47 | 2,297 | 147.80 | XLON |
| 25 Aug 2026 | 11:01:28 | 1,366 | 147.60 | BATE |
| 25 Aug 2026 | 11:01:28 | 806 | 147.70 | XLON |
| 25 Aug 2026 | 11:03:30 | 699 | 147.60 | XLON |
| 25 Aug 2026 | 11:06:12 | 631 | 147.50 | XLON |
| 25 Aug 2026 | 11:26:01 | 2,156 | 147.60 | XLON |
| 25 Aug 2026 | 12:01:17 | 1,261 | 147.90 | BATE |
| 25 Aug 2026 | 12:01:17 | 615 | 147.90 | TRQX |
| 25 Aug 2026 | 12:15:12 | 1,792 | 148.00 | BATE |
| 25 Aug 2026 | 12:27:59 | 1,843 | 147.90 | CHIX |
| 25 Aug 2026 | 12:27:59 | 1,490 | 147.90 | BATE |
| 25 Aug 2026 | 12:27:59 | 1,189 | 147.90 | XLON |
| 25 Aug 2026 | 12:27:59 | 2,500 | 148.00 | XLON |
| 25 Aug 2026 | 12:27:59 | 761 | 148.00 | XLON |
| 25 Aug 2026 | 12:27:59 | 288 | 148.00 | XLON |
| 25 Aug 2026 | 12:27:59 | 565 | 148.00 | XLON |
| 25 Aug 2026 | 12:27:59 | 1,219 | 147.80 | XLON |
| 25 Aug 2026 | 12:28:00 | 3 | 147.70 | XLON |
| 25 Aug 2026 | 12:40:18 | 3 | 148.10 | XLON |
| 25 Aug 2026 | 12:43:34 | 2,134 | 148.10 | BATE |
| 25 Aug 2026 | 12:43:34 | 1,274 | 148.10 | XLON |
| 25 Aug 2026 | 12:43:34 | 1,966 | 148.10 | XLON |
| 25 Aug 2026 | 12:43:34 | 865 | 148.10 | XLON |
| 25 Aug 2026 | 12:43:34 | 1,077 | 148.10 | XLON |
| 25 Aug 2026 | 12:53:05 | 1,282 | 148.00 | XLON |
| 25 Aug 2026 | 12:53:05 | 18 | 148.10 | XLON |
| 25 Aug 2026 | 12:53:05 | 290 | 148.10 | XLON |
| 25 Aug 2026 | 12:53:05 | 351 | 148.10 | XLON |
| 25 Aug 2026 | 12:53:05 | 1,218 | 148.10 | XLON |
| 25 Aug 2026 | 12:56:07 | 956 | 147.90 | CHIX |
| 25 Aug 2026 | 12:56:07 | 661 | 147.90 | BATE |
| 25 Aug 2026 | 12:56:07 | 27 | 148.00 | XLON |
| 25 Aug 2026 | 12:56:07 | 1,268 | 147.90 | XLON |
| 25 Aug 2026 | 12:56:07 | 677 | 148.00 | XLON |
| 25 Aug 2026 | 12:57:29 | 45 | 147.90 | XLON |
| 25 Aug 2026 | 12:57:54 | 615 | 147.90 | XLON |
| 25 Aug 2026 | 12:59:45 | 440 | 148.00 | BATE |
| 25 Aug 2026 | 13:04:01 | 526 | 148.20 | CHIX |
| 25 Aug 2026 | 13:04:01 | 1 | 148.30 | XLON |
| 25 Aug 2026 | 13:04:01 | 822 | 148.20 | BATE |
| 25 Aug 2026 | 13:04:01 | 2,441 | 148.20 | XLON |
| 25 Aug 2026 | 13:12:17 | 1,246 | 148.10 | XLON |
| 25 Aug 2026 | 13:12:17 | 498 | 148.10 | XLON |
| 25 Aug 2026 | 13:18:54 | 1,608 | 148.30 | XLON |
| 25 Aug 2026 | 13:18:54 | 1,331 | 148.30 | BATE |
| 25 Aug 2026 | 13:18:54 | 499 | 148.30 | XLON |
| 25 Aug 2026 | 13:23:46 | 1,302 | 148.00 | BATE |
| 25 Aug 2026 | 13:23:46 | 1,284 | 148.00 | CHIX |
| 25 Aug 2026 | 13:23:46 | 1,029 | 148.00 | XLON |
| 25 Aug 2026 | 13:23:46 | 514 | 148.00 | TRQX |
| 25 Aug 2026 | 13:23:46 | 1,486 | 148.00 | XLON |
| 25 Aug 2026 | 13:23:54 | 832 | 147.90 | XLON |
| 25 Aug 2026 | 13:23:54 | 133 | 147.90 | XLON |
| 25 Aug 2026 | 13:25:16 | 232 | 147.90 | TRQX |
| 25 Aug 2026 | 13:38:26 | 707 | 148.00 | BATE |
| 25 Aug 2026 | 13:38:26 | 477 | 148.00 | CHIX |
| 25 Aug 2026 | 13:38:26 | 1,372 | 148.00 | XLON |
| 25 Aug 2026 | 13:38:26 | 951 | 148.00 | CHIX |
| 25 Aug 2026 | 13:38:26 | 64 | 147.90 | CHIX |
| 25 Aug 2026 | 13:38:26 | 891 | 147.90 | BATE |
| 25 Aug 2026 | 13:45:10 | 1,401 | 148.00 | XLON |
| 25 Aug 2026 | 13:50:16 | 690 | 147.90 | XLON |
| 25 Aug 2026 | 13:52:13 | 683 | 147.80 | BATE |
| 25 Aug 2026 | 13:52:13 | 1,325 | 147.90 | BATE |
| 25 Aug 2026 | 13:52:13 | 1,115 | 147.90 | XLON |
| 25 Aug 2026 | 13:52:13 | 397 | 147.90 | TRQX |
| 25 Aug 2026 | 13:52:13 | 220 | 147.90 | TRQX |
| 25 Aug 2026 | 13:52:13 | 1,215 | 147.90 | XLON |
| 25 Aug 2026 | 13:52:13 | 1,243 | 147.80 | XLON |
| 25 Aug 2026 | 13:52:15 | 1,151 | 147.70 | XLON |
| 25 Aug 2026 | 13:52:15 | 1,055 | 147.70 | XLON |
| 25 Aug 2026 | 14:02:49 | 588 | 147.80 | CHIX |
| 25 Aug 2026 | 14:34:11 | 1,414 | 148.10 | XLON |
| 25 Aug 2026 | 14:34:11 | 2,013 | 148.00 | XLON |
| 25 Aug 2026 | 14:34:11 | 395 | 148.10 | CHIX |
| 25 Aug 2026 | 14:34:11 | 831 | 148.10 | BATE |
| 25 Aug 2026 | 14:35:38 | 8 | 148.30 | XLON |
| 25 Aug 2026 | 14:37:16 | 909 | 148.20 | CHIX |
| 25 Aug 2026 | 14:37:16 | 1,464 | 148.20 | XLON |
| 25 Aug 2026 | 14:37:16 | 831 | 148.20 | BATE |
| 25 Aug 2026 | 14:37:16 | 721 | 148.20 | TRQX |
| 25 Aug 2026 | 14:37:16 | 455 | 148.30 | XLON |
| 25 Aug 2026 | 14:37:16 | 2,500 | 148.30 | XLON |
| 25 Aug 2026 | 14:37:16 | 1,000 | 148.30 | XLON |
| 25 Aug 2026 | 14:37:16 | 528 | 148.30 | XLON |
| 25 Aug 2026 | 14:37:16 | 1,014 | 148.30 | BATE |
| 25 Aug 2026 | 14:37:16 | 19 | 148.30 | XLON |
| 25 Aug 2026 | 14:37:16 | 4,291 | 148.30 | BATE |
| 25 Aug 2026 | 14:37:16 | 4,981 | 148.30 | XLON |
| 25 Aug 2026 | 14:37:17 | 10,603 | 148.10 | XLON |
| 25 Aug 2026 | 14:37:17 | 831 | 148.00 | BATE |
| 25 Aug 2026 | 14:37:17 | 916 | 148.10 | BATE |
| 25 Aug 2026 | 14:37:17 | 1,885 | 148.00 | CHIX |
| 25 Aug 2026 | 14:37:17 | 1,930 | 148.00 | XLON |
| 25 Aug 2026 | 14:37:17 | 1,946 | 148.00 | XLON |
| 25 Aug 2026 | 14:37:17 | 373 | 148.00 | BATE |
| 25 Aug 2026 | 14:37:17 | 981 | 148.00 | TRQX |
| 25 Aug 2026 | 14:37:19 | 1,867 | 147.90 | XLON |
| 25 Aug 2026 | 14:37:19 | 693 | 147.90 | XLON |
| 25 Aug 2026 | 14:42:22 | 522 | 148.00 | BATE |
| 25 Aug 2026 | 14:42:22 | 831 | 148.00 | BATE |
| 25 Aug 2026 | 14:43:47 | 24 | 148.00 | BATE |
| 25 Aug 2026 | 14:47:46 | 495 | 148.00 | XLON |
| 25 Aug 2026 | 14:47:46 | 1,263 | 148.00 | XLON |
| 25 Aug 2026 | 14:48:18 | 831 | 148.00 | BATE |
| 25 Aug 2026 | 14:48:18 | 266 | 148.00 | BATE |
| 25 Aug 2026 | 14:49:36 | 454 | 148.20 | XLON |
| 25 Aug 2026 | 14:49:36 | 260 | 148.20 | XLON |
| 25 Aug 2026 | 14:49:36 | 5,949 | 148.20 | XLON |
| 25 Aug 2026 | 14:49:36 | 681 | 148.10 | CHIX |
| 25 Aug 2026 | 14:49:36 | 89 | 148.10 | CHIX |
| 25 Aug 2026 | 14:51:28 | 1,879 | 148.00 | BATE |
| 25 Aug 2026 | 14:51:28 | 386 | 148.00 | BATE |
| 25 Aug 2026 | 14:52:33 | 137 | 148.00 | XLON |
| 25 Aug 2026 | 14:52:33 | 544 | 148.00 | XLON |
| 25 Aug 2026 | 14:52:33 | 1,057 | 148.00 | XLON |
| 25 Aug 2026 | 14:53:48 | 525 | 148.00 | BATE |
| 25 Aug 2026 | 14:53:48 | 1,164 | 148.00 | BATE |
| 25 Aug 2026 | 15:02:17 | 1,537 | 148.20 | XLON |
| 25 Aug 2026 | 15:02:17 | 2,271 | 148.20 | BATE |
| 25 Aug 2026 | 15:02:17 | 2,500 | 148.20 | XLON |
| 25 Aug 2026 | 15:02:17 | 284 | 148.20 | XLON |
| 25 Aug 2026 | 15:02:17 | 705 | 148.20 | XLON |
| 25 Aug 2026 | 15:07:17 | 941 | 148.40 | CHIX |
| 25 Aug 2026 | 15:07:17 | 1,679 | 148.40 | XLON |
| 25 Aug 2026 | 15:13:30 | 1,624 | 148.40 | BATE |
| 25 Aug 2026 | 15:13:30 | 847 | 148.40 | BATE |
| 25 Aug 2026 | 15:13:31 | 709 | 148.40 | XLON |
| 25 Aug 2026 | 15:13:31 | 881 | 148.40 | XLON |
| 25 Aug 2026 | 15:18:39 | 646 | 148.50 | XLON |
| 25 Aug 2026 | 15:28:00 | 165 | 148.60 | XLON |
| 25 Aug 2026 | 15:28:00 | 1,000 | 148.60 | XLON |
| 25 Aug 2026 | 15:36:55 | 68 | 148.70 | BATE |
| 25 Aug 2026 | 15:36:55 | 744 | 148.70 | BATE |
| 25 Aug 2026 | 15:36:55 | 958 | 148.70 | CHIX |
| 25 Aug 2026 | 15:36:55 | 38 | 148.70 | CHIX |
| 25 Aug 2026 | 15:37:15 | 405 | 148.70 | CHIX |
| 25 Aug 2026 | 15:37:15 | 831 | 148.70 | BATE |
| 25 Aug 2026 | 15:37:15 | 2,330 | 148.70 | XLON |
| 25 Aug 2026 | 15:37:15 | 261 | 148.70 | XLON |
| 25 Aug 2026 | 15:38:27 | 831 | 148.60 | BATE |
| 25 Aug 2026 | 15:38:27 | 2,508 | 148.60 | XLON |
| 25 Aug 2026 | 15:38:27 | 1,031 | 148.60 | TRQX |
| 25 Aug 2026 | 15:38:27 | 1,294 | 148.70 | BATE |
| 25 Aug 2026 | 15:38:27 | 925 | 148.70 | BATE |
| 25 Aug 2026 | 15:38:27 | 609 | 148.70 | BATE |
| 25 Aug 2026 | 15:38:27 | 810 | 148.70 | XLON |
| 25 Aug 2026 | 15:38:27 | 1,294 | 148.70 | XLON |
| 25 Aug 2026 | 15:38:27 | 2,035 | 148.70 | XLON |
| 25 Aug 2026 | 15:38:27 | 7,748 | 148.70 | XLON |
| 25 Aug 2026 | 15:38:27 | 2,148 | 148.70 | XLON |
| 25 Aug 2026 | 15:38:27 | 785 | 148.70 | XLON |
| 25 Aug 2026 | 15:38:27 | 804 | 148.70 | XLON |
| 25 Aug 2026 | 15:38:27 | 1,090 | 148.70 | XLON |
| 25 Aug 2026 | 16:00:16 | 936 | 148.70 | BATE |
| 25 Aug 2026 | 16:00:16 | 406 | 148.70 | CHIX |
| 25 Aug 2026 | 16:00:16 | 2,726 | 148.70 | XLON |
| 25 Aug 2026 | 16:00:16 | 1,079 | 148.80 | BATE |
| 25 Aug 2026 | 16:00:16 | 560 | 148.80 | XLON |
| 25 Aug 2026 | 16:00:16 | 1,293 | 148.80 | BATE |
| 25 Aug 2026 | 16:00:16 | 699 | 148.80 | XLON |
| 25 Aug 2026 | 16:00:16 | 1,972 | 148.80 | BATE |
| 25 Aug 2026 | 16:00:16 | 967 | 148.80 | XLON |
| 25 Aug 2026 | 16:00:16 | 1,904 | 148.80 | XLON |
| 25 Aug 2026 | 16:00:16 | 8,572 | 148.80 | XLON |
| 25 Aug 2026 | 16:00:22 | 387 | 148.60 | TRQX |
| 25 Aug 2026 | 16:00:22 | 2,525 | 148.60 | XLON |
| 25 Aug 2026 | 16:00:22 | 512 | 148.60 | CHIX |
| 25 Aug 2026 | 16:00:22 | 1,040 | 148.60 | BATE |
| 25 Aug 2026 | 16:00:24 | 3 | 148.40 | TRQX |
| 25 Aug 2026 | 16:00:24 | 341 | 148.40 | TRQX |
| 25 Aug 2026 | 16:02:17 | 768 | 148.70 | XLON |
| 25 Aug 2026 | 16:03:12 | 1,489 | 148.60 | XLON |
| 25 Aug 2026 | 16:03:12 | 658 | 148.60 | BATE |
| 25 Aug 2026 | 16:03:12 | 396 | 148.60 | CHIX |
| 25 Aug 2026 | 16:07:02 | 731 | 148.50 | BATE |
| 25 Aug 2026 | 16:07:02 | 3,550 | 148.50 | XLON |
| 25 Aug 2026 | 16:08:38 | 785 | 148.40 | XLON |
| 25 Aug 2026 | 16:08:38 | 713 | 148.40 | BATE |
| 25 Aug 2026 | 16:12:14 | 1,375 | 148.50 | BATE |
| 25 Aug 2026 | 16:12:14 | 3,736 | 148.50 | XLON |
| 25 Aug 2026 | 16:15:15 | 689 | 148.40 | XLON |
| 25 Aug 2026 | 16:15:28 | 91 | 148.40 | BATE |
| 25 Aug 2026 | 16:15:37 | 40 | 148.40 | BATE |
| 25 Aug 2026 | 16:15:48 | 559 | 148.40 | CHIX |
| 25 Aug 2026 | 16:15:48 | 529 | 148.40 | BATE |
| 25 Aug 2026 | 16:15:49 | 45 | 148.40 | XLON |
| 25 Aug 2026 | 16:16:38 | 514 | 148.30 | BATE |
| 25 Aug 2026 | 16:16:38 | 739 | 148.30 | XLON |
| 25 Aug 2026 | 16:19:08 | 738 | 148.40 | XLON |
| 25 Aug 2026 | 16:19:08 | 681 | 148.40 | BATE |
| 25 Aug 2026 | 16:20:00 | 269 | 148.60 | XLON |
| 25 Aug 2026 | 16:20:00 | 1,022 | 148.60 | XLON |
| 25 Aug 2026 | 16:20:00 | 1,058 | 148.60 | XLON |
| 25 Aug 2026 | 16:20:01 | 769 | 148.50 | BATE |
| 25 Aug 2026 | 16:20:49 | 681 | 148.50 | XLON |
| 25 Aug 2026 | 16:20:49 | 691 | 148.50 | XLON |
| 25 Aug 2026 | 16:20:49 | 3,040 | 148.50 | XLON |
| 25 Aug 2026 | 16:24:08 | 640 | 148.40 | BATE |
| 25 Aug 2026 | 16:24:08 | 576 | 148.40 | CHIX |
| 25 Aug 2026 | 16:24:08 | 4,367 | 148.40 | XLON |
| 25 Aug 2026 | 16:24:08 | 612 | 148.40 | BATE |
| 25 Aug 2026 | 16:24:08 | 814 | 148.40 | BATE |
| 25 Aug 2026 | 16:25:10 | 272 | 148.40 | CHIX |
| 25 Aug 2026 | 16:25:12 | 130 | 148.40 | BATE |
| 25 Aug 2026 | 16:25:12 | 496 | 148.40 | BATE |
| 25 Aug 2026 | 16:25:19 | 94 | 148.30 | BATE |
| 26 Aug 2026 | 08:09:16 | 1,664 | 148.40 | CHIX |
| 26 Aug 2026 | 08:09:16 | 668 | 148.40 | XLON |
| 26 Aug 2026 | 08:09:16 | 626 | 148.40 | TRQX |
| 26 Aug 2026 | 08:18:32 | 134 | 148.60 | BATE |
| 26 Aug 2026 | 08:18:32 | 679 | 148.50 | BATE |
| 26 Aug 2026 | 08:18:32 | 813 | 148.60 | XLON |
| 26 Aug 2026 | 08:18:32 | 813 | 148.40 | XLON |
| 26 Aug 2026 | 08:18:32 | 1,173 | 148.40 | BATE |
| 26 Aug 2026 | 08:18:32 | 1,884 | 148.30 | BATE |
| 26 Aug 2026 | 08:18:33 | 813 | 148.20 | XLON |
| 26 Aug 2026 | 08:18:42 | 1,841 | 148.00 | CHIX |
| 26 Aug 2026 | 08:18:42 | 1,478 | 148.00 | BATE |
| 26 Aug 2026 | 08:18:42 | 2,087 | 148.00 | XLON |
| 26 Aug 2026 | 08:18:42 | 697 | 148.00 | TRQX |
| 26 Aug 2026 | 08:18:42 | 327 | 148.10 | XLON |
| 26 Aug 2026 | 08:18:42 | 656 | 148.10 | XLON |
| 26 Aug 2026 | 08:18:42 | 279 | 148.20 | XLON |
| 26 Aug 2026 | 08:18:42 | 279 | 147.90 | XLON |
| 26 Aug 2026 | 08:18:42 | 2,309 | 147.90 | XLON |
| 26 Aug 2026 | 08:20:55 | 1,511 | 148.10 | XLON |
| 26 Aug 2026 | 08:23:18 | 2,288 | 148.00 | XLON |
| 26 Aug 2026 | 08:34:15 | 1,866 | 148.00 | XLON |
| 26 Aug 2026 | 08:34:15 | 1,379 | 148.00 | BATE |
| 26 Aug 2026 | 08:34:15 | 813 | 148.00 | XLON |
| 26 Aug 2026 | 08:36:18 | 921 | 147.90 | BATE |
| 26 Aug 2026 | 08:36:18 | 13 | 147.90 | BATE |
| 26 Aug 2026 | 08:36:18 | 813 | 147.90 | XLON |
| 26 Aug 2026 | 08:36:18 | 575 | 148.00 | XLON |
| 26 Aug 2026 | 08:36:18 | 1,845 | 148.00 | XLON |
| 26 Aug 2026 | 08:44:26 | 16 | 148.00 | XLON |
| 26 Aug 2026 | 08:44:26 | 295 | 148.00 | XLON |
| 26 Aug 2026 | 08:44:26 | 616 | 148.00 | XLON |
| 26 Aug 2026 | 08:44:30 | 481 | 148.00 | XLON |
| 26 Aug 2026 | 08:44:30 | 617 | 148.00 | XLON |
| 26 Aug 2026 | 08:45:34 | 608 | 148.00 | XLON |
| 26 Aug 2026 | 08:45:34 | 664 | 148.00 | XLON |
| 26 Aug 2026 | 08:49:23 | 1,612 | 148.00 | CHIX |
| 26 Aug 2026 | 08:49:23 | 300 | 148.00 | XLON |
| 26 Aug 2026 | 08:49:23 | 1,240 | 148.00 | XLON |
| 26 Aug 2026 | 08:49:23 | 513 | 148.00 | XLON |
| 26 Aug 2026 | 08:52:17 | 619 | 148.00 | TRQX |
| 26 Aug 2026 | 08:52:17 | 895 | 148.00 | XLON |
| 26 Aug 2026 | 10:05:03 | 813 | 148.90 | XLON |
| 26 Aug 2026 | 10:05:03 | 813 | 148.90 | BATE |
| 26 Aug 2026 | 10:05:03 | 988 | 148.90 | CHIX |
| 26 Aug 2026 | 10:05:03 | 813 | 148.80 | BATE |
| 26 Aug 2026 | 10:05:03 | 2,434 | 148.80 | CHIX |
| 26 Aug 2026 | 10:05:03 | 813 | 148.80 | XLON |
| 26 Aug 2026 | 10:05:03 | 656 | 148.80 | TRQX |
| 26 Aug 2026 | 10:05:03 | 801 | 148.90 | XLON |
| 26 Aug 2026 | 10:05:03 | 536 | 148.90 | XLON |
| 26 Aug 2026 | 10:05:03 | 1,163 | 148.90 | XLON |
| 26 Aug 2026 | 10:05:04 | 763 | 148.90 | XLON |
| 26 Aug 2026 | 10:05:04 | 135 | 148.90 | XLON |
| 26 Aug 2026 | 10:05:04 | 622 | 148.90 | XLON |
| 26 Aug 2026 | 10:05:06 | 813 | 148.70 | XLON |
| 26 Aug 2026 | 10:05:06 | 108 | 148.70 | TRQX |
| 26 Aug 2026 | 10:05:06 | 813 | 148.70 | BATE |
| 26 Aug 2026 | 10:05:06 | 806 | 148.70 | XLON |
| 26 Aug 2026 | 10:05:06 | 801 | 148.70 | XLON |
| 26 Aug 2026 | 10:05:06 | 1,847 | 148.70 | XLON |
| 26 Aug 2026 | 10:05:06 | 240 | 148.80 | XLON |
| 26 Aug 2026 | 10:05:06 | 801 | 148.80 | XLON |
| 26 Aug 2026 | 10:05:06 | 656 | 148.80 | XLON |
| 26 Aug 2026 | 10:05:06 | 844 | 148.80 | XLON |
| 26 Aug 2026 | 10:05:06 | 510 | 148.80 | XLON |
| 26 Aug 2026 | 10:05:06 | 296 | 148.80 | XLON |
| 26 Aug 2026 | 10:05:06 | 3,323 | 148.80 | XLON |
| 26 Aug 2026 | 10:05:06 | 398 | 148.80 | BATE |
| 26 Aug 2026 | 10:05:06 | 843 | 148.80 | BATE |
| 26 Aug 2026 | 10:05:06 | 1,443 | 148.80 | BATE |
| 26 Aug 2026 | 10:05:07 | 136 | 148.60 | BATE |
| 26 Aug 2026 | 10:05:07 | 813 | 148.60 | XLON |
| 26 Aug 2026 | 10:05:07 | 2,033 | 148.60 | BATE |
| 26 Aug 2026 | 10:29:47 | 827 | 148.50 | XLON |
| 26 Aug 2026 | 10:29:47 | 537 | 148.50 | XLON |
| 26 Aug 2026 | 10:29:47 | 315 | 148.50 | XLON |
| 26 Aug 2026 | 10:29:47 | 21 | 148.50 | XLON |
| 26 Aug 2026 | 10:29:47 | 628 | 148.50 | XLON |
| 26 Aug 2026 | 10:44:25 | 1 | 148.40 | XLON |
| 26 Aug 2026 | 10:55:28 | 812 | 148.40 | XLON |
| 26 Aug 2026 | 10:55:28 | 1,439 | 148.40 | BATE |
| 26 Aug 2026 | 11:31:53 | 1,221 | 148.40 | BATE |
| 26 Aug 2026 | 11:34:03 | 279 | 148.40 | BATE |
| 26 Aug 2026 | 11:34:03 | 373 | 148.40 | BATE |
| 26 Aug 2026 | 11:38:41 | 52 | 148.40 | XLON |
| 26 Aug 2026 | 11:40:13 | 813 | 148.40 | XLON |
| 26 Aug 2026 | 11:40:13 | 2,167 | 148.40 | BATE |
| 26 Aug 2026 | 11:40:13 | 2,500 | 148.40 | XLON |
| 26 Aug 2026 | 11:40:13 | 1,000 | 148.40 | XLON |
| 26 Aug 2026 | 11:40:13 | 943 | 148.40 | XLON |
| 26 Aug 2026 | 11:40:13 | 65 | 148.40 | XLON |
| 26 Aug 2026 | 11:40:13 | 800 | 148.40 | XLON |
| 26 Aug 2026 | 11:40:39 | 183 | 148.40 | XLON |
| 26 Aug 2026 | 11:40:39 | 706 | 148.40 | XLON |
| 26 Aug 2026 | 11:41:13 | 237 | 148.40 | XLON |
| 26 Aug 2026 | 11:41:13 | 733 | 148.40 | XLON |
| 26 Aug 2026 | 11:41:35 | 243 | 148.40 | XLON |
| 26 Aug 2026 | 11:41:35 | 722 | 148.40 | XLON |
| 26 Aug 2026 | 11:41:35 | 250 | 148.40 | XLON |
| 26 Aug 2026 | 11:41:35 | 946 | 148.40 | XLON |
| 26 Aug 2026 | 11:41:35 | 771 | 148.40 | XLON |
| 26 Aug 2026 | 11:41:48 | 861 | 148.40 | XLON |
| 26 Aug 2026 | 11:41:51 | 254 | 148.30 | XLON |
| 26 Aug 2026 | 11:47:44 | 609 | 148.50 | XLON |
| 26 Aug 2026 | 11:51:29 | 781 | 148.50 | XLON |
| 26 Aug 2026 | 11:55:39 | 698 | 148.30 | BATE |
| 26 Aug 2026 | 11:55:39 | 499 | 148.30 | TRQX |
| 26 Aug 2026 | 11:55:39 | 2,774 | 148.30 | XLON |
| 26 Aug 2026 | 12:07:55 | 177 | 148.30 | BATE |
| 26 Aug 2026 | 12:10:30 | 23 | 148.50 | XLON |
| 26 Aug 2026 | 12:10:30 | 735 | 148.50 | XLON |
| 26 Aug 2026 | 12:15:05 | 190 | 148.50 | XLON |
| 26 Aug 2026 | 12:15:05 | 650 | 148.50 | XLON |
| 26 Aug 2026 | 12:20:00 | 675 | 148.60 | XLON |
| 26 Aug 2026 | 12:24:55 | 215 | 148.60 | XLON |
| 26 Aug 2026 | 12:24:55 | 762 | 148.60 | XLON |
| 26 Aug 2026 | 12:43:11 | 24 | 148.70 | BATE |
| 26 Aug 2026 | 13:03:01 | 49 | 148.90 | XLON |
| 26 Aug 2026 | 13:03:01 | 763 | 148.90 | XLON |
| 26 Aug 2026 | 13:03:01 | 190 | 148.90 | XLON |
| 26 Aug 2026 | 13:04:48 | 4,063 | 149.00 | XLON |
| 26 Aug 2026 | 13:05:00 | 653 | 149.00 | XLON |
| 26 Aug 2026 | 13:05:00 | 166 | 149.00 | BATE |
| 26 Aug 2026 | 13:05:00 | 124 | 149.00 | BATE |
| 26 Aug 2026 | 13:05:00 | 262 | 149.00 | XLON |
| 26 Aug 2026 | 13:05:00 | 123 | 149.00 | BATE |
| 26 Aug 2026 | 13:25:27 | 2,087 | 149.00 | CHIX |
| 26 Aug 2026 | 13:25:27 | 1,244 | 149.00 | XLON |
| 26 Aug 2026 | 13:25:27 | 354 | 149.00 | BATE |
| 26 Aug 2026 | 13:43:00 | 35 | 148.90 | BATE |
| 26 Aug 2026 | 13:43:34 | 59 | 149.00 | XLON |
| 26 Aug 2026 | 13:43:35 | 82 | 149.00 | XLON |
| 26 Aug 2026 | 14:12:00 | 57 | 149.00 | BATE |
| 26 Aug 2026 | 14:31:00 | 937 | 149.00 | CHIX |
| 26 Aug 2026 | 14:31:00 | 963 | 149.00 | XLON |
| 26 Aug 2026 | 14:31:00 | 756 | 149.00 | BATE |
| 26 Aug 2026 | 14:31:00 | 652 | 149.00 | TRQX |
| 26 Aug 2026 | 14:31:00 | 1,590 | 149.00 | XLON |
| 26 Aug 2026 | 14:32:54 | 177 | 148.80 | BATE |
| 26 Aug 2026 | 14:32:54 | 3,297 | 148.80 | BATE |
| 26 Aug 2026 | 14:32:54 | 637 | 148.80 | XLON |
| 26 Aug 2026 | 14:32:54 | 374 | 148.80 | TRQX |
| 26 Aug 2026 | 14:33:09 | 642 | 148.70 | XLON |
| 26 Aug 2026 | 14:36:35 | 1,343 | 148.70 | XLON |
| 26 Aug 2026 | 14:36:35 | 260 | 148.70 | BATE |
| 26 Aug 2026 | 14:36:35 | 553 | 148.70 | BATE |
| 26 Aug 2026 | 14:36:35 | 1,000 | 148.80 | XLON |
| 26 Aug 2026 | 14:36:35 | 1,000 | 148.80 | XLON |
| 26 Aug 2026 | 14:36:35 | 776 | 148.80 | XLON |
| 26 Aug 2026 | 14:36:35 | 138 | 148.80 | XLON |
| 26 Aug 2026 | 14:36:37 | 111 | 148.70 | BATE |
| 26 Aug 2026 | 14:36:40 | 702 | 148.60 | BATE |
| 26 Aug 2026 | 14:36:40 | 1,201 | 148.60 | CHIX |
| 26 Aug 2026 | 14:36:40 | 1,371 | 148.60 | XLON |
| 26 Aug 2026 | 14:36:41 | 813 | 148.60 | BATE |
| 26 Aug 2026 | 14:37:09 | 175 | 148.50 | BATE |
| 26 Aug 2026 | 14:37:09 | 721 | 148.50 | XLON |
| 26 Aug 2026 | 14:37:54 | 282 | 148.50 | BATE |
| 26 Aug 2026 | 14:42:14 | 1,328 | 148.50 | XLON |
| 26 Aug 2026 | 14:42:14 | 502 | 148.50 | XLON |
| 26 Aug 2026 | 14:45:04 | 813 | 148.70 | BATE |
| 26 Aug 2026 | 14:45:04 | 1,352 | 148.70 | XLON |
| 26 Aug 2026 | 15:05:34 | 1,805 | 148.80 | CHIX |
| 26 Aug 2026 | 15:05:34 | 1,891 | 148.80 | XLON |
| 26 Aug 2026 | 15:05:34 | 152 | 148.80 | BATE |
| 26 Aug 2026 | 15:05:34 | 661 | 148.80 | BATE |
| 26 Aug 2026 | 15:16:41 | 1,021 | 148.90 | TRQX |
| 26 Aug 2026 | 15:16:41 | 1,797 | 148.90 | XLON |
| 26 Aug 2026 | 15:16:41 | 813 | 148.90 | BATE |
| 26 Aug 2026 | 15:22:09 | 2,250 | 148.80 | XLON |
| 26 Aug 2026 | 15:22:09 | 813 | 148.80 | BATE |
| 26 Aug 2026 | 15:22:09 | 498 | 148.80 | XLON |
| 26 Aug 2026 | 15:22:09 | 208 | 148.80 | BATE |
| 26 Aug 2026 | 15:22:09 | 262 | 148.80 | XLON |
| 26 Aug 2026 | 15:22:09 | 246 | 148.80 | XLON |
| 26 Aug 2026 | 15:22:12 | 48 | 148.80 | BATE |
| 26 Aug 2026 | 15:22:12 | 160 | 148.80 | XLON |
| 26 Aug 2026 | 15:22:12 | 2,184 | 148.80 | XLON |
| 26 Aug 2026 | 15:22:49 | 56 | 148.80 | BATE |
| 26 Aug 2026 | 15:23:46 | 170 | 148.80 | XLON |
| 26 Aug 2026 | 15:33:31 | 71 | 148.80 | BATE |
| 26 Aug 2026 | 15:37:35 | 67 | 148.80 | BATE |
| 26 Aug 2026 | 15:40:37 | 1,186 | 148.80 | BATE |
| 26 Aug 2026 | 15:40:37 | 1,392 | 148.80 | XLON |
| 26 Aug 2026 | 15:40:37 | 1,446 | 148.80 | XLON |
| 26 Aug 2026 | 15:40:43 | 818 | 148.70 | BATE |
| 26 Aug 2026 | 15:40:43 | 2,898 | 148.70 | XLON |
| 26 Aug 2026 | 15:40:43 | 337 | 148.70 | BATE |
| 26 Aug 2026 | 15:40:43 | 406 | 148.70 | TRQX |
| 26 Aug 2026 | 15:40:43 | 620 | 148.70 | CHIX |
| 26 Aug 2026 | 15:40:43 | 370 | 148.70 | CHIX |
| 26 Aug 2026 | 15:40:43 | 2,500 | 148.70 | XLON |
| 26 Aug 2026 | 15:40:43 | 690 | 148.70 | XLON |
| 26 Aug 2026 | 15:40:43 | 153 | 148.70 | XLON |
| 26 Aug 2026 | 15:40:43 | 900 | 148.70 | XLON |
| 26 Aug 2026 | 15:40:43 | 1,072 | 148.70 | XLON |
| 26 Aug 2026 | 15:40:43 | 1,044 | 148.70 | XLON |
| 26 Aug 2026 | 15:40:47 | 1,035 | 148.60 | BATE |
| 26 Aug 2026 | 15:41:25 | 77 | 148.70 | XLON |
| 26 Aug 2026 | 15:43:27 | 3,036 | 149.00 | XLON |
| 26 Aug 2026 | 15:43:34 | 1,117 | 149.00 | BATE |
| 26 Aug 2026 | 15:43:34 | 2,360 | 149.00 | XLON |
| 26 Aug 2026 | 15:44:08 | 415 | 148.90 | CHIX |
| 26 Aug 2026 | 15:54:40 | 976 | 149.00 | CHIX |
| 26 Aug 2026 | 15:54:40 | 514 | 149.00 | XLON |
| 26 Aug 2026 | 15:57:14 | 376 | 149.00 | XLON |
| 26 Aug 2026 | 16:15:14 | 1,699 | 149.00 | XLON |
| 26 Aug 2026 | 16:15:17 | 1,455 | 149.00 | XLON |
| 26 Aug 2026 | 16:15:41 | 1,255 | 149.00 | BATE |
| 26 Aug 2026 | 16:15:41 | 2,585 | 149.00 | BATE |
| 26 Aug 2026 | 16:15:41 | 452 | 149.00 | TRQX |
| 26 Aug 2026 | 16:15:41 | 4,417 | 149.00 | XLON |
| 26 Aug 2026 | 16:15:41 | 1,408 | 149.00 | CHIX |
| 26 Aug 2026 | 16:15:41 | 2,500 | 149.00 | XLON |
| 26 Aug 2026 | 16:15:41 | 1,124 | 149.00 | XLON |
| 26 Aug 2026 | 16:15:41 | 803 | 149.00 | XLON |
| 26 Aug 2026 | 16:15:41 | 615 | 149.00 | XLON |
| 26 Aug 2026 | 16:15:41 | 78 | 149.00 | BATE |
| 26 Aug 2026 | 16:15:41 | 1,170 | 149.00 | BATE |
| 26 Aug 2026 | 16:16:40 | 486 | 149.00 | XLON |
| 26 Aug 2026 | 16:16:47 | 3,145 | 149.00 | BATE |
| 26 Aug 2026 | 16:16:47 | 4,003 | 149.00 | XLON |
| 26 Aug 2026 | 16:16:47 | 435 | 149.00 | XLON |
| 26 Aug 2026 | 16:17:11 | 2,879 | 149.00 | BATE |
| 26 Aug 2026 | 16:17:11 | 4,384 | 149.00 | XLON |
| 26 Aug 2026 | 16:17:11 | 2,638 | 149.00 | XLON |
| 26 Aug 2026 | 16:17:15 | 113 | 148.90 | BATE |
| 26 Aug 2026 | 16:18:03 | 2,348 | 148.90 | BATE |
| 26 Aug 2026 | 16:18:03 | 1,791 | 148.90 | XLON |
| 26 Aug 2026 | 16:18:03 | 206 | 149.00 | TRQX |
| 26 Aug 2026 | 16:18:03 | 2,903 | 148.80 | BATE |
| 26 Aug 2026 | 16:18:03 | 95 | 148.80 | CHIX |
| 26 Aug 2026 | 16:18:04 | 955 | 148.70 | BATE |
| 26 Aug 2026 | 16:18:47 | 245 | 148.70 | BATE |
| 26 Aug 2026 | 16:20:29 | 929 | 148.80 | XLON |
| 26 Aug 2026 | 16:20:29 | 1,437 | 148.80 | XLON |
| 26 Aug 2026 | 16:20:29 | 57 | 148.80 | BATE |
| 26 Aug 2026 | 16:20:29 | 1,662 | 148.80 | BATE |
| 26 Aug 2026 | 16:20:29 | 439 | 148.80 | BATE |
| 26 Aug 2026 | 16:20:29 | 1,264 | 148.80 | BATE |
| 26 Aug 2026 | 16:20:29 | 791 | 148.80 | BATE |
| 26 Aug 2026 | 16:20:40 | 489 | 148.70 | XLON |
| 26 Aug 2026 | 16:20:40 | 246 | 148.70 | XLON |
| 26 Aug 2026 | 16:21:02 | 113 | 148.70 | XLON |
| 26 Aug 2026 | 16:21:05 | 818 | 148.70 | BATE |
| 26 Aug 2026 | 16:21:05 | 1,878 | 148.70 | XLON |
| 26 Aug 2026 | 16:29:35 | 642 | 149.00 | XLON |
| 26 Aug 2026 | 16:29:46 | 6 | 149.00 | XLON |
| 26 Aug 2026 | 16:29:46 | 208 | 149.00 | XLON |
| 26 Aug 2026 | 16:29:46 | 597 | 149.00 | XLON |
| 26 Aug 2026 | 16:29:56 | 194 | 149.00 | XLON |
| 26 Aug 2026 | 16:29:56 | 388 | 149.00 | XLON |
| 26 Aug 2026 | 16:29:56 | 683 | 149.00 | XLON |
| 27 Aug 2026 | 08:01:30 | 1,050 | 146.70 | XLON |
| 27 Aug 2026 | 08:01:30 | 1,402 | 146.70 | CHIX |
| 27 Aug 2026 | 08:01:30 | 859 | 146.60 | XLON |
| 27 Aug 2026 | 08:01:30 | 577 | 146.70 | TRQX |
| 27 Aug 2026 | 09:36:38 | 1,271 | 150.00 | CHIX |
| 27 Aug 2026 | 09:36:38 | 1,114 | 150.00 | XLON |
| 27 Aug 2026 | 09:36:38 | 1,018 | 150.00 | BATE |
| 27 Aug 2026 | 09:36:57 | 611 | 149.70 | BATE |
| 27 Aug 2026 | 09:45:35 | 667 | 149.80 | XLON |
| 27 Aug 2026 | 09:49:40 | 637 | 149.80 | XLON |
| 27 Aug 2026 | 09:53:45 | 714 | 149.80 | XLON |
| 27 Aug 2026 | 09:57:15 | 1,980 | 149.50 | BATE |
| 27 Aug 2026 | 09:57:15 | 2,055 | 149.50 | XLON |
| 27 Aug 2026 | 09:58:06 | 672 | 149.30 | BATE |
| 27 Aug 2026 | 09:58:06 | 498 | 149.40 | XLON |
| 27 Aug 2026 | 09:58:06 | 177 | 149.30 | XLON |
| 27 Aug 2026 | 09:59:21 | 464 | 149.50 | TRQX |
| 27 Aug 2026 | 10:02:00 | 705 | 149.60 | XLON |
| 27 Aug 2026 | 10:03:01 | 344 | 149.70 | TRQX |
| 27 Aug 2026 | 10:03:05 | 669 | 149.80 | BATE |
| 27 Aug 2026 | 10:26:31 | 835 | 150.00 | XLON |
| 27 Aug 2026 | 10:39:26 | 953 | 149.90 | CHIX |
| 27 Aug 2026 | 10:39:26 | 1,567 | 149.90 | BATE |
| 27 Aug 2026 | 10:39:26 | 690 | 149.90 | XLON |
| 27 Aug 2026 | 10:39:26 | 442 | 149.90 | TRQX |
| 27 Aug 2026 | 10:40:18 | 949 | 149.80 | XLON |
| 27 Aug 2026 | 10:40:18 | 93 | 149.80 | XLON |
| 27 Aug 2026 | 10:41:07 | 1,861 | 149.80 | XLON |
| 27 Aug 2026 | 10:47:53 | 415,000 | 149.70 | XLON |
| 27 Aug 2026 | 10:47:54 | 792 | 149.70 | BATE |
| 27 Aug 2026 | 10:47:54 | 2,033 | 149.70 | XLON |
| 27 Aug 2026 | 10:47:55 | 2,698 | 149.40 | BATE |
| 27 Aug 2026 | 10:48:28 | 368 | 149.30 | XLON |
| 27 Aug 2026 | 10:48:28 | 607 | 149.20 | XLON |
| 27 Aug 2026 | 10:50:38 | 912 | 148.80 | XLON |
| 27 Aug 2026 | 10:56:06 | 972 | 148.50 | CHIX |
| 27 Aug 2026 | 10:58:49 | 692 | 148.40 | CHIX |
| 27 Aug 2026 | 10:58:49 | 1,602 | 148.40 | BATE |
| 27 Aug 2026 | 10:58:49 | 1,405 | 148.40 | TRQX |
| 27 Aug 2026 | 10:58:51 | 1,530 | 148.30 | BATE |
| 27 Aug 2026 | 11:21:44 | 7,770 | 149.20 | BATE |
| 27 Aug 2026 | 11:22:52 | 2,866 | 149.40 | BATE |
| 27 Aug 2026 | 11:22:52 | 2,108 | 149.40 | CHIX |
| 27 Aug 2026 | 11:22:52 | 2,009 | 149.40 | XLON |
| 27 Aug 2026 | 11:22:52 | 81 | 149.40 | TRQX |
| 27 Aug 2026 | 11:22:52 | 581 | 149.40 | TRQX |
| 27 Aug 2026 | 11:22:52 | 346 | 149.40 | TRQX |
| 27 Aug 2026 | 11:22:53 | 648 | 149.30 | BATE |
| 27 Aug 2026 | 11:30:45 | 711 | 149.00 | BATE |
| 27 Aug 2026 | 11:31:06 | 2,331 | 149.00 | BATE |
| 27 Aug 2026 | 11:32:49 | 600 | 149.10 | XLON |
| 27 Aug 2026 | 11:33:09 | 987 | 149.10 | CHIX |
| 27 Aug 2026 | 11:33:13 | 277 | 149.00 | BATE |
| 27 Aug 2026 | 11:34:33 | 323 | 149.00 | BATE |
| 27 Aug 2026 | 11:44:00 | 794 | 148.90 | BATE |
| 27 Aug 2026 | 11:44:00 | 932 | 148.90 | BATE |
| 27 Aug 2026 | 11:49:29 | 655 | 149.30 | BATE |
| 27 Aug 2026 | 11:49:29 | 1,081 | 149.30 | BATE |
| 27 Aug 2026 | 11:49:31 | 1,170 | 149.20 | BATE |
| 27 Aug 2026 | 11:49:36 | 1,704 | 149.20 | CHIX |
| 27 Aug 2026 | 11:49:36 | 1,980 | 149.20 | BATE |
| 27 Aug 2026 | 11:49:36 | 1,133 | 149.20 | XLON |
| 27 Aug 2026 | 11:49:40 | 253 | 149.10 | TRQX |
| 27 Aug 2026 | 11:49:40 | 481 | 149.10 | TRQX |
| 27 Aug 2026 | 11:49:40 | 256 | 149.10 | TRQX |
| 27 Aug 2026 | 11:58:20 | 1,204 | 149.20 | BATE |
| 27 Aug 2026 | 12:00:17 | 843 | 149.20 | BATE |
| 27 Aug 2026 | 12:02:20 | 100 | 149.20 | BATE |
| 27 Aug 2026 | 12:03:05 | 1,941 | 149.50 | BATE |
| 27 Aug 2026 | 12:03:05 | 66 | 149.50 | CHIX |
| 27 Aug 2026 | 12:06:46 | 1,439 | 149.40 | CHIX |
| 27 Aug 2026 | 12:06:46 | 950 | 149.40 | XLON |
| 27 Aug 2026 | 12:06:46 | 3,208 | 149.40 | BATE |
| 27 Aug 2026 | 12:22:45 | 346 | 149.60 | XLON |
| 27 Aug 2026 | 12:22:48 | 1,878 | 149.60 | CHIX |
| 27 Aug 2026 | 12:22:48 | 1,881 | 149.60 | BATE |
| 27 Aug 2026 | 12:22:48 | 876 | 149.60 | XLON |
| 27 Aug 2026 | 12:23:47 | 7 | 149.50 | BATE |
| 27 Aug 2026 | 12:31:42 | 1,311 | 149.70 | BATE |
| 27 Aug 2026 | 12:31:42 | 4,975 | 149.70 | BATE |
| 27 Aug 2026 | 12:34:07 | 1,202 | 149.90 | CHIX |
| 27 Aug 2026 | 12:34:07 | 3,205 | 149.90 | BATE |
| 27 Aug 2026 | 12:39:07 | 1,667 | 149.80 | BATE |
| 27 Aug 2026 | 12:39:07 | 881 | 149.80 | XLON |
| 27 Aug 2026 | 12:39:07 | 602 | 149.70 | CHIX |
| 27 Aug 2026 | 12:39:07 | 1,675 | 149.70 | TRQX |
| 27 Aug 2026 | 12:47:44 | 720 | 149.80 | BATE |
| 27 Aug 2026 | 12:48:52 | 400 | 149.90 | BATE |
| 27 Aug 2026 | 12:55:56 | 2,925 | 149.90 | BATE |
| 27 Aug 2026 | 12:55:56 | 640 | 149.90 | CHIX |
| 27 Aug 2026 | 12:56:12 | 898 | 149.80 | CHIX |
| 27 Aug 2026 | 12:56:12 | 998 | 149.80 | XLON |
| 27 Aug 2026 | 12:56:49 | 1,164 | 149.70 | BATE |
| 27 Aug 2026 | 13:52:28 | 1 | 150.00 | BATE |
| 27 Aug 2026 | 13:54:28 | 1,555 | 150.00 | XLON |
| 27 Aug 2026 | 13:54:28 | 595 | 150.00 | CHIX |
| 27 Aug 2026 | 14:17:45 | 941 | 150.00 | CHIX |
| 27 Aug 2026 | 14:17:45 | 5,733 | 150.00 | BATE |
| 27 Aug 2026 | 14:17:45 | 260 | 150.00 | TRQX |
| 27 Aug 2026 | 14:17:45 | 1,367 | 150.00 | TRQX |
| 27 Aug 2026 | 14:24:42 | 726 | 149.80 | XLON |
| 27 Aug 2026 | 14:25:39 | 610 | 150.00 | CHIX |
| 27 Aug 2026 | 14:25:39 | 286 | 150.00 | CHIX |
| 27 Aug 2026 | 14:30:55 | 229 | 150.00 | BATE |
| 27 Aug 2026 | 14:42:07 | 275 | 150.00 | BATE |
| 27 Aug 2026 | 14:43:55 | 224 | 150.00 | BATE |
| 27 Aug 2026 | 14:43:55 | 1,020 | 150.00 | TRQX |
| 27 Aug 2026 | 14:43:55 | 1,997 | 150.00 | XLON |
| 27 Aug 2026 | 14:43:55 | 2,079 | 150.00 | CHIX |
| 27 Aug 2026 | 14:43:55 | 6,156 | 150.00 | BATE |
| 27 Aug 2026 | 14:44:04 | 1,753 | 149.90 | TRQX |
| 27 Aug 2026 | 14:44:10 | 14 | 149.80 | BATE |
| 27 Aug 2026 | 14:49:36 | 657 | 150.00 | XLON |
| 27 Aug 2026 | 14:49:36 | 642 | 150.00 | CHIX |
| 27 Aug 2026 | 14:49:36 | 4,479 | 150.00 | BATE |
| 27 Aug 2026 | 14:49:36 | 456 | 150.00 | CHIX |
| 27 Aug 2026 | 15:23:29 | 842 | 150.00 | CHIX |
| 27 Aug 2026 | 15:30:00 | 1,315 | 149.90 | TRQX |
| 27 Aug 2026 | 15:30:00 | 309 | 149.90 | BATE |
| 27 Aug 2026 | 15:30:00 | 732 | 149.90 | BATE |
| 27 Aug 2026 | 15:30:11 | 1 | 149.80 | CHIX |
| 27 Aug 2026 | 15:30:11 | 3,523 | 149.80 | CHIX |
| 27 Aug 2026 | 15:34:57 | 4,602 | 150.00 | BATE |
| 27 Aug 2026 | 15:34:57 | 2,854 | 150.00 | XLON |
| 27 Aug 2026 | 15:42:35 | 603 | 149.80 | CHIX |
| 27 Aug 2026 | 15:54:37 | 6,032 | 150.00 | BATE |
| 27 Aug 2026 | 15:54:37 | 3,510 | 150.00 | CHIX |
| 27 Aug 2026 | 15:54:37 | 1,803 | 150.00 | XLON |
| 27 Aug 2026 | 15:54:37 | 2,435 | 149.90 | TRQX |
| 27 Aug 2026 | 15:54:37 | 613 | 149.90 | XLON |
| 27 Aug 2026 | 16:00:14 | 2,841 | 149.90 | BATE |
| 27 Aug 2026 | 16:00:14 | 3,535 | 149.90 | CHIX |
| 28 Aug 2026 | 08:46:13 | 725 | 152.00 | XLON |
| 28 Aug 2026 | 08:46:13 | 619 | 152.00 | BATE |
| 28 Aug 2026 | 08:47:06 | 1,288 | 151.90 | CHIX |
| 28 Aug 2026 | 08:47:06 | 888 | 151.90 | XLON |
| 28 Aug 2026 | 08:47:06 | 602 | 151.90 | BATE |
| 28 Aug 2026 | 08:47:06 | 1,249 | 152.00 | TRQX |
| 28 Aug 2026 | 08:52:07 | 562 | 151.50 | XLON |
| 28 Aug 2026 | 08:52:07 | 524 | 151.50 | BATE |
| 28 Aug 2026 | 08:52:09 | 600 | 151.40 | XLON |
| 28 Aug 2026 | 09:01:41 | 1,857 | 152.00 | BATE |
| 28 Aug 2026 | 09:11:05 | 624 | 152.00 | BATE |
| 28 Aug 2026 | 09:11:05 | 688 | 152.00 | XLON |
| 28 Aug 2026 | 09:11:07 | 535 | 151.90 | BATE |
| 28 Aug 2026 | 09:11:07 | 688 | 151.90 | XLON |
| 28 Aug 2026 | 09:11:07 | 705 | 152.00 | XLON |
| 28 Aug 2026 | 09:13:45 | 439 | 151.90 | XLON |
| 28 Aug 2026 | 09:13:45 | 299 | 151.90 | XLON |
| 28 Aug 2026 | 09:16:55 | 1,921 | 151.80 | XLON |
| 28 Aug 2026 | 09:26:36 | 73 | 151.90 | BATE |
| 28 Aug 2026 | 09:26:36 | 495 | 151.90 | BATE |
| 28 Aug 2026 | 09:26:50 | 984 | 151.70 | CHIX |
| 28 Aug 2026 | 09:26:50 | 1,804 | 151.70 | BATE |
| 28 Aug 2026 | 09:26:50 | 588 | 151.70 | XLON |
| 28 Aug 2026 | 09:26:50 | 1,223 | 151.70 | XLON |
| 28 Aug 2026 | 09:27:57 | 520 | 151.60 | XLON |
| 28 Aug 2026 | 09:45:05 | 322 | 151.50 | BATE |
| 28 Aug 2026 | 09:45:05 | 485 | 151.60 | XLON |
| 28 Aug 2026 | 09:45:05 | 79 | 151.60 | XLON |
| 28 Aug 2026 | 09:45:16 | 920 | 151.60 | XLON |
| 28 Aug 2026 | 09:45:16 | 104 | 151.60 | XLON |
| 28 Aug 2026 | 09:52:20 | 688 | 151.50 | BATE |
| 28 Aug 2026 | 09:52:20 | 961 | 151.50 | TRQX |
| 28 Aug 2026 | 09:52:20 | 2,208 | 151.50 | XLON |
| 28 Aug 2026 | 09:52:20 | 125 | 151.60 | XLON |
| 28 Aug 2026 | 09:52:20 | 37 | 151.60 | XLON |
| 28 Aug 2026 | 09:52:20 | 738 | 151.60 | XLON |
| 28 Aug 2026 | 09:52:20 | 202 | 151.60 | XLON |
| 28 Aug 2026 | 09:52:20 | 324 | 151.60 | XLON |
| 28 Aug 2026 | 09:53:31 | 49 | 151.40 | CHIX |
| 28 Aug 2026 | 09:55:59 | 860 | 151.40 | CHIX |
| 28 Aug 2026 | 09:55:59 | 1,358 | 151.40 | BATE |
| 28 Aug 2026 | 10:01:20 | 558 | 151.50 | XLON |
| 28 Aug 2026 | 10:01:20 | 1,794 | 151.50 | BATE |
| 28 Aug 2026 | 10:03:15 | 529 | 151.10 | XLON |
| 28 Aug 2026 | 10:10:47 | 740 | 151.00 | BATE |
| 28 Aug 2026 | 10:10:47 | 1,087 | 151.00 | XLON |
| 28 Aug 2026 | 10:10:47 | 559 | 150.90 | BATE |
| 28 Aug 2026 | 10:31:39 | 900 | 151.00 | BATE |
| 28 Aug 2026 | 10:31:39 | 688 | 151.00 | XLON |
| 28 Aug 2026 | 10:31:39 | 582 | 151.10 | XLON |
| 28 Aug 2026 | 10:31:39 | 927 | 151.10 | XLON |
| 28 Aug 2026 | 10:31:39 | 405 | 151.10 | XLON |
| 28 Aug 2026 | 10:31:39 | 596 | 151.10 | XLON |
| 28 Aug 2026 | 10:31:39 | 427 | 151.10 | XLON |
| 28 Aug 2026 | 10:31:39 | 1,470 | 151.00 | BATE |
| 28 Aug 2026 | 10:55:54 | 688 | 150.90 | BATE |
| 28 Aug 2026 | 10:55:54 | 688 | 150.90 | XLON |
| 28 Aug 2026 | 10:55:54 | 1,279 | 150.90 | CHIX |
| 28 Aug 2026 | 10:55:54 | 885 | 151.00 | XLON |
| 28 Aug 2026 | 10:55:54 | 989 | 151.00 | XLON |
| 28 Aug 2026 | 10:55:54 | 966 | 151.00 | XLON |
| 28 Aug 2026 | 10:55:55 | 1,152 | 150.70 | BATE |
| 28 Aug 2026 | 10:55:56 | 1,468 | 150.70 | BATE |
| 28 Aug 2026 | 10:56:55 | 765 | 150.70 | XLON |
| 28 Aug 2026 | 11:07:45 | 569 | 151.10 | BATE |
| 28 Aug 2026 | 11:07:45 | 1,828 | 151.10 | XLON |
| 28 Aug 2026 | 11:07:45 | 804 | 151.00 | BATE |
| 28 Aug 2026 | 11:07:45 | 1,040 | 151.00 | TRQX |
| 28 Aug 2026 | 11:07:45 | 913 | 151.00 | CHIX |
| 28 Aug 2026 | 11:07:45 | 6 | 151.00 | TRQX |
| 28 Aug 2026 | 11:17:31 | 266 | 150.90 | BATE |
| 28 Aug 2026 | 11:17:31 | 595 | 150.90 | XLON |
| 28 Aug 2026 | 11:17:31 | 533 | 150.90 | BATE |
| 28 Aug 2026 | 11:17:31 | 569 | 150.80 | XLON |
| 28 Aug 2026 | 11:38:00 | 1,769 | 151.10 | BATE |
| 28 Aug 2026 | 11:38:00 | 688 | 151.10 | XLON |
| 28 Aug 2026 | 11:38:00 | 2,477 | 151.00 | XLON |
| 28 Aug 2026 | 11:47:27 | 1,187 | 150.70 | BATE |
| 28 Aug 2026 | 11:47:27 | 616 | 150.70 | XLON |
| 28 Aug 2026 | 11:47:27 | 572 | 150.60 | XLON |
| 28 Aug 2026 | 11:54:18 | 380 | 150.60 | CHIX |
| 28 Aug 2026 | 11:56:28 | 45 | 150.60 | BATE |
| 28 Aug 2026 | 12:00:03 | 45 | 150.60 | CHIX |
| 28 Aug 2026 | 12:09:59 | 431 | 151.00 | BATE |
| 28 Aug 2026 | 12:09:59 | 628 | 151.00 | BATE |
| 28 Aug 2026 | 12:18:15 | 810 | 150.90 | XLON |
| 28 Aug 2026 | 12:18:18 | 184 | 150.90 | XLON |
| 28 Aug 2026 | 12:18:18 | 651 | 150.90 | XLON |
| 28 Aug 2026 | 12:18:45 | 245 | 150.80 | BATE |
| 28 Aug 2026 | 12:19:34 | 326 | 150.90 | XLON |
| 28 Aug 2026 | 12:19:34 | 1,137 | 150.90 | XLON |
| 28 Aug 2026 | 12:19:34 | 638 | 150.90 | XLON |
| 28 Aug 2026 | 12:20:02 | 943 | 150.80 | XLON |
| 28 Aug 2026 | 12:20:02 | 1,780 | 150.80 | BATE |
| 28 Aug 2026 | 12:20:02 | 982 | 150.70 | CHIX |
| 28 Aug 2026 | 12:20:02 | 134 | 150.70 | XLON |
| 28 Aug 2026 | 12:24:16 | 825 | 150.80 | BATE |
| 28 Aug 2026 | 12:28:45 | 553 | 150.70 | XLON |
| 28 Aug 2026 | 12:31:35 | 596 | 150.60 | BATE |
| 28 Aug 2026 | 12:35:36 | 1,470 | 150.80 | XLON |
| 28 Aug 2026 | 12:36:07 | 729 | 150.70 | BATE |
| 28 Aug 2026 | 12:36:07 | 100 | 150.70 | XLON |
| 28 Aug 2026 | 12:45:35 | 1,147 | 150.60 | XLON |
| 28 Aug 2026 | 12:45:35 | 953 | 150.60 | TRQX |
| 28 Aug 2026 | 12:48:45 | 493 | 150.50 | BATE |
| 28 Aug 2026 | 12:51:34 | 551 | 150.50 | XLON |
| 28 Aug 2026 | 12:51:34 | 727 | 150.50 | XLON |
| 28 Aug 2026 | 12:52:54 | 1,159 | 150.50 | BATE |
| 28 Aug 2026 | 13:06:51 | 937 | 150.40 | CHIX |
| 28 Aug 2026 | 13:06:51 | 1,776 | 150.40 | XLON |
| 28 Aug 2026 | 13:06:51 | 530 | 150.40 | BATE |
| 28 Aug 2026 | 13:06:51 | 642 | 150.50 | XLON |
| 28 Aug 2026 | 13:06:51 | 1,192 | 150.30 | BATE |
| 28 Aug 2026 | 13:22:09 | 537 | 150.40 | XLON |
| 28 Aug 2026 | 13:25:45 | 584 | 150.40 | XLON |
| 28 Aug 2026 | 13:26:28 | 471 | 150.10 | BATE |
| 28 Aug 2026 | 13:29:21 | 838 | 150.40 | XLON |
| 28 Aug 2026 | 13:32:03 | 441 | 150.40 | XLON |
| 28 Aug 2026 | 13:32:03 | 135 | 150.40 | XLON |
| 28 Aug 2026 | 13:32:20 | 507 | 150.20 | BATE |
| 28 Aug 2026 | 13:33:55 | 401 | 150.30 | BATE |
| 28 Aug 2026 | 13:35:54 | 248 | 150.50 | BATE |
| 28 Aug 2026 | 13:35:54 | 419 | 150.50 | BATE |
| 28 Aug 2026 | 13:40:48 | 2,348 | 150.30 | BATE |
| 28 Aug 2026 | 13:40:48 | 780 | 150.30 | XLON |
| 28 Aug 2026 | 13:46:18 | 688 | 150.40 | XLON |
| 28 Aug 2026 | 13:48:50 | 688 | 150.40 | XLON |
| 28 Aug 2026 | 13:55:42 | 713 | 150.50 | BATE |
| 28 Aug 2026 | 14:00:12 | 794 | 150.50 | BATE |
| 28 Aug 2026 | 14:00:12 | 8 | 150.50 | BATE |
| 28 Aug 2026 | 14:03:21 | 1,923 | 150.60 | BATE |
| 28 Aug 2026 | 14:03:21 | 876 | 150.60 | CHIX |
| 28 Aug 2026 | 14:03:21 | 370 | 150.60 | XLON |
| 28 Aug 2026 | 14:15:10 | 1,397 | 150.50 | CHIX |
| 28 Aug 2026 | 14:15:10 | 1,371 | 150.50 | TRQX |
| 28 Aug 2026 | 14:15:10 | 1,840 | 150.50 | BATE |
| 28 Aug 2026 | 14:15:10 | 755 | 150.50 | XLON |
| 28 Aug 2026 | 14:15:10 | 1,000 | 150.60 | XLON |
| 28 Aug 2026 | 14:15:10 | 2,500 | 150.60 | XLON |
| 28 Aug 2026 | 14:15:10 | 789 | 150.60 | XLON |
| 28 Aug 2026 | 14:15:10 | 2,263 | 150.60 | XLON |
| 28 Aug 2026 | 14:15:10 | 863 | 150.60 | XLON |
| 28 Aug 2026 | 14:15:14 | 784 | 150.40 | XLON |
| 28 Aug 2026 | 14:15:14 | 588 | 150.40 | BATE |
| 28 Aug 2026 | 14:15:14 | 318 | 150.40 | XLON |
| 28 Aug 2026 | 14:28:05 | 1,059 | 150.60 | BATE |
| 28 Aug 2026 | 14:28:05 | 846 | 150.60 | XLON |
| 28 Aug 2026 | 14:28:05 | 1,006 | 150.60 | BATE |
| 28 Aug 2026 | 14:28:05 | 760 | 150.60 | XLON |
| 28 Aug 2026 | 14:28:09 | 87 | 150.60 | XLON |
| 28 Aug 2026 | 14:31:30 | 1,835 | 150.80 | BATE |
| 28 Aug 2026 | 14:31:30 | 679 | 150.80 | XLON |
| 28 Aug 2026 | 14:31:55 | 715 | 150.80 | XLON |
| 28 Aug 2026 | 14:32:36 | 1,601 | 150.80 | BATE |
| 28 Aug 2026 | 14:32:36 | 408 | 150.80 | XLON |
| 28 Aug 2026 | 14:36:39 | 13 | 150.90 | BATE |
| 28 Aug 2026 | 14:36:39 | 714 | 150.90 | BATE |
| 28 Aug 2026 | 14:36:39 | 786 | 150.90 | XLON |
| 28 Aug 2026 | 14:36:39 | 631 | 150.90 | BATE |
| 28 Aug 2026 | 14:36:46 | 788 | 150.90 | XLON |
| 28 Aug 2026 | 14:36:50 | 778 | 150.90 | XLON |
| 28 Aug 2026 | 14:36:50 | 224 | 150.90 | CHIX |
| 28 Aug 2026 | 14:36:50 | 524 | 150.80 | BATE |
| 28 Aug 2026 | 14:36:50 | 973 | 150.80 | TRQX |
| 28 Aug 2026 | 14:36:50 | 1,095 | 150.90 | XLON |
| 28 Aug 2026 | 14:36:50 | 1,354 | 150.90 | XLON |
| 28 Aug 2026 | 14:36:50 | 823 | 150.90 | XLON |
| 28 Aug 2026 | 14:36:50 | 355 | 150.90 | XLON |
| 28 Aug 2026 | 14:38:26 | 1,766 | 150.80 | CHIX |
| 28 Aug 2026 | 14:39:32 | 122 | 150.80 | XLON |
| 28 Aug 2026 | 14:39:32 | 1,627 | 150.80 | XLON |
| 28 Aug 2026 | 14:39:36 | 524 | 150.70 | BATE |
| 28 Aug 2026 | 14:40:38 | 776 | 150.60 | XLON |
| 28 Aug 2026 | 14:40:55 | 485 | 150.50 | BATE |
| 28 Aug 2026 | 14:41:36 | 31 | 150.50 | BATE |
| 28 Aug 2026 | 14:48:45 | 229 | 150.60 | BATE |
| 28 Aug 2026 | 14:48:45 | 38 | 150.70 | XLON |
| 28 Aug 2026 | 14:48:45 | 1,337 | 150.70 | XLON |
| 28 Aug 2026 | 14:48:45 | 305 | 150.70 | XLON |
| 28 Aug 2026 | 14:48:45 | 302 | 150.70 | XLON |
| 28 Aug 2026 | 14:48:50 | 563 | 150.60 | BATE |
| 28 Aug 2026 | 14:48:50 | 1,971 | 150.60 | XLON |
| 28 Aug 2026 | 14:48:53 | 1,840 | 150.50 | BATE |
| 28 Aug 2026 | 14:53:49 | 701 | 150.50 | BATE |
| 28 Aug 2026 | 14:53:49 | 1,666 | 150.50 | XLON |
| 28 Aug 2026 | 14:53:49 | 1,195 | 150.50 | BATE |
| 28 Aug 2026 | 14:54:38 | 786 | 150.50 | XLON |
| 28 Aug 2026 | 14:54:59 | 483 | 150.40 | CHIX |
| 28 Aug 2026 | 14:54:59 | 435 | 150.40 | CHIX |
| 28 Aug 2026 | 15:00:00 | 1,841 | 150.50 | BATE |
| 28 Aug 2026 | 15:00:00 | 1,989 | 150.50 | XLON |
| 28 Aug 2026 | 15:02:05 | 1,488 | 150.70 | XLON |
| 28 Aug 2026 | 15:11:07 | 688 | 151.00 | BATE |
| 28 Aug 2026 | 15:11:07 | 137 | 151.00 | XLON |
| 28 Aug 2026 | 15:11:07 | 719 | 151.00 | XLON |
| 28 Aug 2026 | 15:11:07 | 7 | 151.10 | BATE |
| 28 Aug 2026 | 15:11:07 | 137 | 151.10 | BATE |
| 28 Aug 2026 | 15:11:07 | 2,667 | 151.10 | BATE |
| 28 Aug 2026 | 15:11:10 | 56 | 151.00 | XLON |
| 28 Aug 2026 | 15:11:10 | 49 | 151.00 | XLON |
| 28 Aug 2026 | 15:11:10 | 7 | 151.00 | XLON |
| 28 Aug 2026 | 15:11:11 | 15 | 151.00 | XLON |
| 28 Aug 2026 | 15:11:11 | 41 | 151.00 | XLON |
| 28 Aug 2026 | 15:12:51 | 52 | 151.00 | XLON |
| 28 Aug 2026 | 15:12:51 | 14 | 151.00 | XLON |
| 28 Aug 2026 | 15:13:00 | 39 | 151.00 | XLON |
| 28 Aug 2026 | 15:13:00 | 701 | 150.90 | BATE |
| 28 Aug 2026 | 15:13:00 | 1,350 | 150.90 | CHIX |
| 28 Aug 2026 | 15:13:00 | 1,304 | 150.90 | TRQX |
| 28 Aug 2026 | 15:13:00 | 855 | 150.90 | XLON |
| 28 Aug 2026 | 15:13:00 | 2,500 | 151.00 | XLON |
| 28 Aug 2026 | 15:13:00 | 742 | 151.00 | XLON |
| 28 Aug 2026 | 15:14:14 | 252 | 150.80 | BATE |
| 28 Aug 2026 | 15:18:32 | 1,049 | 150.70 | BATE |
| 28 Aug 2026 | 15:18:45 | 64 | 150.70 | BATE |
| 28 Aug 2026 | 15:22:09 | 240 | 150.80 | XLON |
| 28 Aug 2026 | 15:22:09 | 240 | 150.80 | XLON |
| 28 Aug 2026 | 15:22:09 | 1,009 | 150.80 | XLON |
| 28 Aug 2026 | 15:22:09 | 40 | 150.80 | XLON |
| 28 Aug 2026 | 15:22:32 | 118 | 150.70 | BATE |
| 28 Aug 2026 | 15:22:45 | 631 | 150.80 | XLON |
| 28 Aug 2026 | 15:22:45 | 199 | 150.80 | XLON |
| 28 Aug 2026 | 15:22:45 | 53 | 150.80 | XLON |
| 28 Aug 2026 | 15:25:27 | 917 | 150.80 | XLON |
| 28 Aug 2026 | 15:25:27 | 439 | 150.80 | XLON |
| 28 Aug 2026 | 15:27:20 | 692 | 150.70 | BATE |
| 28 Aug 2026 | 15:27:20 | 2,177 | 150.70 | XLON |
| 28 Aug 2026 | 15:27:23 | 1,324 | 150.70 | BATE |
| 28 Aug 2026 | 15:27:48 | 172 | 150.70 | BATE |
| 28 Aug 2026 | 15:36:45 | 49 | 151.10 | BATE |
| 28 Aug 2026 | 15:36:45 | 632 | 151.10 | BATE |
| 28 Aug 2026 | 15:36:51 | 1,181 | 151.00 | XLON |
| 28 Aug 2026 | 15:36:51 | 3,361 | 151.00 | BATE |
| 28 Aug 2026 | 15:36:51 | 33 | 151.10 | BATE |
| 28 Aug 2026 | 15:36:51 | 212 | 151.10 | BATE |
| 28 Aug 2026 | 15:36:51 | 258 | 151.10 | BATE |
| 28 Aug 2026 | 15:36:51 | 923 | 151.10 | BATE |
| 28 Aug 2026 | 15:36:51 | 2,099 | 150.90 | XLON |
| 28 Aug 2026 | 15:36:51 | 1,969 | 150.90 | CHIX |
| 28 Aug 2026 | 15:37:23 | 273 | 150.80 | XLON |
| 28 Aug 2026 | 15:37:23 | 548 | 150.70 | XLON |
| 28 Aug 2026 | 15:37:23 | 351 | 150.70 | TRQX |
| 28 Aug 2026 | 15:37:23 | 591 | 150.70 | TRQX |
| 28 Aug 2026 | 15:43:08 | 944 | 150.80 | TRQX |
| 28 Aug 2026 | 15:44:25 | 1,954 | 150.80 | XLON |
| 28 Aug 2026 | 15:47:45 | 107 | 150.70 | BATE |
| 28 Aug 2026 | 15:49:40 | 2,134 | 150.70 | BATE |
| 28 Aug 2026 | 15:49:40 | 1,799 | 150.70 | XLON |
| 28 Aug 2026 | 15:49:40 | 721 | 150.80 | XLON |
| 28 Aug 2026 | 15:49:40 | 401 | 150.80 | XLON |
| 28 Aug 2026 | 15:49:40 | 245 | 150.80 | TRQX |
| 28 Aug 2026 | 15:49:40 | 285 | 150.80 | XLON |
| 28 Aug 2026 | 15:49:40 | 12 | 150.80 | TRQX |
| 28 Aug 2026 | 15:58:17 | 1,465 | 151.10 | XLON |
| 28 Aug 2026 | 16:01:52 | 192 | 151.10 | XLON |
| 28 Aug 2026 | 16:01:52 | 519 | 151.10 | XLON |
| 28 Aug 2026 | 16:03:01 | 1,111 | 151.00 | BATE |
| 28 Aug 2026 | 16:03:01 | 122 | 151.00 | XLON |
| 28 Aug 2026 | 16:03:01 | 1,180 | 151.00 | XLON |
| 28 Aug 2026 | 16:03:01 | 111 | 151.00 | XLON |
| 28 Aug 2026 | 16:03:01 | 140 | 151.10 | XLON |
| 28 Aug 2026 | 16:03:01 | 1,971 | 151.10 | XLON |
| 28 Aug 2026 | 16:03:13 | 1,291 | 151.00 | XLON |
| 28 Aug 2026 | 16:03:48 | 194 | 151.00 | BATE |
| 28 Aug 2026 | 16:04:09 | 594 | 151.00 | XLON |
| 28 Aug 2026 | 16:04:14 | 898 | 151.00 | BATE |
| 28 Aug 2026 | 16:04:14 | 1,631 | 151.00 | CHIX |
| 28 Aug 2026 | 16:05:50 | 100 | 151.00 | BATE |
| 28 Aug 2026 | 16:05:50 | 193 | 151.00 | BATE |
| 28 Aug 2026 | 16:05:50 | 189 | 151.00 | BATE |
| 28 Aug 2026 | 16:05:50 | 145 | 151.00 | BATE |
| 28 Aug 2026 | 16:05:50 | 1,673 | 151.00 | BATE |
| 28 Aug 2026 | 16:05:50 | 443 | 151.00 | BATE |
| 28 Aug 2026 | 16:05:50 | 1,068 | 150.90 | BATE |
| 28 Aug 2026 | 16:09:36 | 174 | 151.00 | BATE |
| 28 Aug 2026 | 16:10:55 | 36 | 151.00 | BATE |
| 28 Aug 2026 | 16:13:45 | 1,239 | 151.00 | BATE |
| 28 Aug 2026 | 16:13:45 | 1,551 | 151.00 | XLON |
| 28 Aug 2026 | 16:13:45 | 1,704 | 151.00 | XLON |
| 28 Aug 2026 | 16:13:45 | 2,264 | 151.00 | BATE |
| 28 Aug 2026 | 16:13:55 | 2,686 | 150.90 | XLON |
| 28 Aug 2026 | 16:17:45 | 279 | 151.00 | BATE |
| 28 Aug 2026 | 16:17:56 | 2,081 | 151.00 | XLON |
| 28 Aug 2026 | 16:17:56 | 764 | 151.00 | XLON |
| 28 Aug 2026 | 16:18:00 | 374 | 151.00 | BATE |
| 28 Aug 2026 | 16:18:00 | 922 | 151.00 | CHIX |
| 28 Aug 2026 | 16:23:50 | 33 | 151.10 | BATE |
| 28 Aug 2026 | 16:25:09 | 34 | 151.30 | BATE |
| 28 Aug 2026 | 16:25:09 | 166 | 151.30 | BATE |
| 28 Aug 2026 | 16:25:09 | 156 | 151.30 | BATE |
| 28 Aug 2026 | 16:25:09 | 4,382 | 151.30 | BATE |
| 28 Aug 2026 | 16:25:09 | 742 | 151.30 | XLON |
| 28 Aug 2026 | 16:25:09 | 700 | 151.30 | XLON |
| 28 Aug 2026 | 16:25:09 | 950 | 151.30 | XLON |
| 28 Aug 2026 | 16:25:09 | 900 | 151.30 | XLON |
| 28 Aug 2026 | 16:25:09 | 1,000 | 151.30 | XLON |
| 28 Aug 2026 | 16:25:09 | 365 | 151.30 | XLON |
| 28 Aug 2026 | 16:25:16 | 1,230 | 151.20 | CHIX |
| 28 Aug 2026 | 16:26:25 | 602 | 151.20 | XLON |
| 28 Aug 2026 | 16:26:55 | 131 | 151.20 | BATE |
| 28 Aug 2026 | 16:26:55 | 121 | 151.20 | BATE |
| 28 Aug 2026 | 16:26:55 | 140 | 151.20 | BATE |
| 28 Aug 2026 | 16:26:55 | 131 | 151.20 | BATE |
| 28 Aug 2026 | 16:29:30 | 653 | 151.20 | XLON |
| 28 Aug 2026 | 16:29:30 | 841 | 151.20 | XLON |
| 28 Aug 2026 | 16:29:30 | 864 | 151.20 | XLON |
| 28 Aug 2026 | 16:29:30 | 72 | 151.20 | XLON |
| 28 Aug 2026 | 16:29:30 | 100 | 151.20 | BATE |
| 28 Aug 2026 | 16:29:32 | 33 | 151.10 | BATE |
| 28 Aug 2026 | 16:29:50 | 1,402 | 151.20 | BATE |
| 28 Aug 2026 | 16:29:50 | 106 | 151.20 | BATE |

This information is provided by RNS, the news service of the London Stock Exchange. RNS is approved by the Financial Conduct Authority to act as a Primary Information Provider in the United Kingdom. Terms and conditions relating to the use and distribution of this information may apply. For further information, please contact [rns@lseg.com](mailto:rns@lseg.com) or visit [www.rns.com](http://www.rns.com/).  
  
RNS may use your IP address to confirm compliance with the terms and conditions, to analyse how you engage with the information contained in this communication, and to share such analysis on an anonymised basis with others as part of our commercial services. For further information about how RNS and the London Stock Exchange use the personal data you provide us, please see our [Privacy Policy](https://www.lseg.com/privacy-and-cookie-policy).

END

POSQVLFLQVLFBBX",404010,Retailers 
17763000,2026-09-01 06:00:11,Transaction in Own Shares,Card Factory PLC,CARD,POS,RNS,6940S,https://www.londonstockexchange.com/news-article/CARD/transaction-in-own-shares/17763000,"/\*<![CDATA[\*/
/\*\*/
/\*\*/
/\*\*/
h1{margin-top:18.0pt;margin-right:0cm;margin-bottom:4.0pt;margin-left:0cm;line-height:115%;font-size:20.0pt;font-family:""Aptos Display"",""sans-serif"";color:#0F4761;font-weight:normal;}h2{margin-top:8.0pt;margin-right:0cm;margin-bottom:4.0pt;margin-left:0cm;line-height:115%;font-size:16.0pt;font-family:""Aptos Display"",""sans-serif"";color:#0F4761;font-weight:normal;}h3{margin-top:8.0pt;margin-right:0cm;margin-bottom:4.0pt;margin-left:0cm;line-height:115%;font-size:14.0pt;font-family:""Aptos"",""sans-serif"";color:#0F4761;font-weight:normal;}h4{margin-top:4.0pt;margin-right:0cm;margin-bottom:2.0pt;margin-left:0cm;line-height:115%;font-size:12.0pt;font-family:""Aptos"",""sans-serif"";color:#0F4761;font-weight:normal;font-style:italic;}h5{margin-top:4.0pt;margin-right:0cm;margin-bottom:2.0pt;margin-left:0cm;line-height:115%;font-size:12.0pt;font-family:""Aptos"",""sans-serif"";color:#0F4761;font-weight:normal;}h6{margin-top:2.0pt;margin-right:0cm;margin-bottom:0cm;margin-left:0cm;margin-bottom:.0001pt;line-height:115%;font-size:12.0pt;font-family:""Aptos"",""sans-serif"";color:#595959;font-weight:normal;font-style:italic;}link{ color: blue }visited{ color: purple }
.av{size:595.3pt 841.9pt;margin:72.0pt 72.0pt 72.0pt 72.0pt;}div.av{}table.eo{width:490.25pt;margin-left:-5.4pt;border-collapse:collapse}tr.ed{height:13.4pt}td.ek{width:36.45pt;padding:0cm 5.4pt 0cm 5.4pt; height:13.4pt}p.ep{margin-top:0cm;margin-right:0cm;margin-bottom:8.0pt;margin-left:0cm;line-height:115%;font-size:12.0pt;font-family:""Aptos"",""sans-serif"";margin-bottom:0cm;margin-bottom:.0001pt;line-height: normal}span.em{font-family:""Times New Roman"",""serif""}span.ej{font-size:10.0pt;font-family:""Times New Roman"",""serif""}td.ei{width:63.6pt;padding:0cm 5.4pt 0cm 5.4pt; height:13.4pt}td.eh{width:71.45pt;padding:0cm 5.4pt 0cm 5.4pt; height:13.4pt}
td.eg{width:72.35pt;padding:0cm 5.4pt 0cm 5.4pt; height:13.4pt}td.ef{width:64.45pt;padding:0cm 5.4pt 0cm 5.4pt; height:13.4pt}td.ee{width:69.7pt;padding:0cm 5.4pt 0cm 5.4pt; height:13.4pt}tr.dv{height:19.4pt}td.ec{width:36.45pt;padding:0cm 5.4pt 0cm 5.4pt; height:19.4pt}td.eb{width:63.6pt;padding:0cm 5.4pt 0cm 5.4pt; height:19.4pt}td.ea{width:71.45pt;padding:0cm 5.4pt 0cm 5.4pt; height:19.4pt}td.dz{width:72.35pt;padding:0cm 5.4pt 0cm 5.4pt; height:19.4pt}td.dy{width:64.45pt;padding:0cm 5.4pt 0cm 5.4pt; height:19.4pt}td.dw{width:69.7pt;padding:0cm 5.4pt 0cm 5.4pt; height:19.4pt}
span.dx{font-size:10.0pt;font-family:""Arial"",""sans-serif""; color:black}tr.dm{height:25.35pt}td.du{width:36.45pt;padding:0cm 5.4pt 0cm 5.4pt; height:25.35pt}td.dr{width:63.6pt;padding:0cm 5.4pt 0cm 5.4pt; height:25.35pt}p.eq{margin-top:0cm;margin-right:0cm;margin-bottom:8.0pt;margin-left:0cm;line-height:115%;font-size:12.0pt;font-family:""Aptos"",""sans-serif"";margin-bottom:0cm;margin-bottom:.0001pt; text-align:right;line-height:normal}span.dt{font-size:10.0pt; font-family:""Times New Roman"",""serif""}td.dq{width:71.45pt;padding:0cm 5.4pt 0cm 5.4pt; height:25.35pt}td.dp{width:72.35pt;padding:0cm 5.4pt 0cm 5.4pt; height:25.35pt}td.do{width:64.45pt;padding:0cm 5.4pt 0cm 5.4pt; height:25.35pt}td.dn{width:69.7pt;padding:0cm 5.4pt 0cm 5.4pt; height:25.35pt}
tr.di{height:71.65pt}td.dj{width:479.45pt;padding:0cm 5.4pt 0cm 5.4pt; height:71.65pt}p.er{margin-top:0cm;margin-right:0cm;margin-bottom:8.0pt;margin-left:0cm;line-height:115%;font-size:12.0pt;font-family:""Aptos"",""sans-serif"";margin-bottom:0cm;margin-bottom:.0001pt; text-align:center;line-height:normal}span.dl{font-size: 10.0pt;font-family:""Arial"",""sans-serif"";color:black}tr.dg{height:26.1pt}td.dh{width:479.45pt;padding:0cm 5.4pt 0cm 5.4pt; height:26.1pt}tr.de{height:59.7pt}td.df{width:479.45pt;padding:0cm 5.4pt 0cm 5.4pt; height:59.7pt}tr.cv{height:27.6pt}td.dc{width:83.75pt;border:solid windowtext 1.0pt; border-right:solid black 1.0pt;padding:0cm 5.4pt 0cm 5.4pt;height:27.6pt}
span.dd{font-size:9.0pt;font-family:""Arial"",""sans-serif""; color:black}td.da{width:63.6pt;border:solid windowtext 1.0pt; border-left:none;padding:0cm 5.4pt 0cm 5.4pt;height:27.6pt}span.db{font-size:9.0pt; font-family:""Arial"",""sans-serif"";color:black}td.cz{width:71.45pt;border:solid windowtext 1.0pt; border-left:none;padding:0cm 5.4pt 0cm 5.4pt;height:27.6pt}td.cy{width:72.35pt;border:solid windowtext 1.0pt; border-left:none;padding:0cm 5.4pt 0cm 5.4pt;height:27.6pt}td.cx{width:64.45pt;border:solid windowtext 1.0pt; border-left:none;padding:0cm 5.4pt 0cm 5.4pt;height:27.6pt}td.cw{width:69.7pt;border:solid windowtext 1.0pt; border-left:none;padding:0cm 5.4pt 0cm 5.4pt;height:27.6pt}tr.cn{height:1.0cm}td.cu{width:83.75pt;border-top:none;border-left: solid windowtext 1.0pt;border-bottom:solid windowtext 1.0pt;border-right: solid black 1.0pt;padding:0cm 5.4pt 0cm 5.4pt;height:1.0cm}td.cs{width:63.6pt;border-top:none;border-left:none; border-bottom:solid windowtext 1.0pt;border-right:solid windowtext 1.0pt; padding:0cm 5.4pt 0cm 5.4pt;height:1.0cm}
span.ct{font-size:10.0pt; font-family:""Arial"",""sans-serif"";color:black}td.cr{width:71.45pt;border-top:none;border-left:none; border-bottom:solid windowtext 1.0pt;border-right:solid windowtext 1.0pt; padding:0cm 5.4pt 0cm 5.4pt;height:1.0cm}td.cq{width:72.35pt;border-top:none;border-left:none; border-bottom:solid windowtext 1.0pt;border-right:solid windowtext 1.0pt; padding:0cm 5.4pt 0cm 5.4pt;height:1.0cm}td.cp{width:64.45pt;border-top:none;border-left:none; border-bottom:solid windowtext 1.0pt;border-right:solid windowtext 1.0pt; padding:0cm 5.4pt 0cm 5.4pt;height:1.0cm}td.co{width:69.7pt;border-top:none;border-left:none; border-bottom:solid windowtext 1.0pt;border-right:solid windowtext 1.0pt; padding:0cm 5.4pt 0cm 5.4pt;height:1.0cm}tr.cg{height:38.05pt}td.cm{width:83.75pt;border:solid windowtext 1.0pt; border-top:none;padding:0cm 5.4pt 0cm 5.4pt;height:38.05pt}td.cl{width:63.6pt;border-top:none;border-left:none; border-bottom:solid windowtext 1.0pt;border-right:solid windowtext 1.0pt; padding:0cm 5.4pt 0cm 5.4pt;height:38.05pt}td.ck{width:71.45pt;border-top:none;border-left:none; border-bottom:solid windowtext 1.0pt;border-right:solid windowtext 1.0pt; padding:0cm 5.4pt 0cm 5.4pt;height:38.05pt}td.cj{width:72.35pt;border-top:none;border-left:none; border-bottom:solid windowtext 1.0pt;border-right:solid windowtext 1.0pt; padding:0cm 5.4pt 0cm 5.4pt;height:38.05pt}
td.ci{width:64.45pt;border-top:none;border-left:none; border-bottom:solid windowtext 1.0pt;border-right:solid windowtext 1.0pt; padding:0cm 5.4pt 0cm 5.4pt;height:38.05pt}td.ch{width:69.7pt;border-top:none;border-left:none; border-bottom:solid windowtext 1.0pt;border-right:solid windowtext 1.0pt; padding:0cm 5.4pt 0cm 5.4pt;height:38.05pt}tr.ce{height:93.3pt}td.cf{width:479.45pt;padding:0cm 5.4pt 0cm 5.4pt; height:93.3pt}tr.cc{height:50.75pt}td.cd{width:479.45pt;padding:0cm 5.4pt 0cm 5.4pt; height:50.75pt}tr.by{height:35.8pt}td.cb{width:323.6pt;padding:0cm 5.4pt 0cm 5.4pt; height:35.8pt}td.ca{width:64.45pt;padding:0cm 5.4pt 0cm 5.4pt;height:35.8pt}td.bz{width:69.7pt;padding:0cm 5.4pt 0cm 5.4pt;height:35.8pt}
tr.bw{height:79.1pt}td.bx{width:479.45pt;padding:0cm 5.4pt 0cm 5.4pt; height:79.1pt}tr.bu{height:20.9pt}td.bv{width:479.45pt;padding:0cm 5.4pt 0cm 5.4pt; height:20.9pt}p.a,li.a,div.a{margin-top:0cm;margin-right:0cm;margin-bottom:8.0pt;margin-left:0cm;line-height:115%;font-size:12.0pt;font-family:""Aptos"",""sans-serif"";}table.es{width:526.0pt;margin-left:-5.4pt;border-collapse:collapse}tr.bm{height:38.25pt}td.bs{width:75.2pt;border:solid windowtext 1.0pt;padding:0cm 5.4pt 0cm 5.4pt; height:38.25pt}td.br{width:63.2pt;border:solid windowtext 1.0pt;border-left: none;padding:0cm 5.4pt 0cm 5.4pt;height:38.25pt}td.bq{width:85.2pt;border:solid windowtext 1.0pt;border-left: none;padding:0cm 5.4pt 0cm 5.4pt;height:38.25pt}
td.bp{width:95.2pt;border:solid windowtext 1.0pt;border-left: none;padding:0cm 5.4pt 0cm 5.4pt;height:38.25pt}td.bo{width:75.2pt;border:solid windowtext 1.0pt;border-left: none;padding:0cm 5.4pt 0cm 5.4pt;height:38.25pt}td.bn{width:67.2pt;border:solid windowtext 1.0pt;border-left: none;padding:0cm 5.4pt 0cm 5.4pt;height:38.25pt}tr.be{height:15.0pt}td.bk{width:75.2pt;border:solid windowtext 1.0pt; border-top:none;padding:0cm 5.4pt 0cm 5.4pt;height:15.0pt}span.bl{font-size:11.0pt; font-family:""Frutiger 45 Light"",""sans-serif"";color:black}td.bj{width:63.2pt;border-top:none;border-left:none;border-bottom: solid windowtext 1.0pt;border-right:solid windowtext 1.0pt;padding:0cm 5.4pt 0cm 5.4pt; height:15.0pt}td.bi{width:85.2pt;border-top:none;border-left:none; border-bottom:solid windowtext 1.0pt;border-right:solid windowtext 1.0pt; padding:0cm 5.4pt 0cm 5.4pt;height:15.0pt}td.bh{width:95.2pt;border-top:none;border-left:none; border-bottom:solid windowtext 1.0pt;border-right:solid windowtext 1.0pt; padding:0cm 5.4pt 0cm 5.4pt;height:15.0pt}td.bg{width:75.2pt;border-top:none;border-left:none; border-bottom:solid windowtext 1.0pt;border-right:solid windowtext 1.0pt; padding:0cm 5.4pt 0cm 5.4pt;height:15.0pt}
td.bf{width:67.2pt;border-top:none;border-left:none;border-bottom: solid windowtext 1.0pt;border-right:solid windowtext 1.0pt;padding:0cm 5.4pt 0cm 5.4pt; height:15.0pt}tr.ax{height:14.25pt}td.bd{width:75.2pt;border:solid windowtext 1.0pt; border-top:none;padding:0cm 5.4pt 0cm 5.4pt;height:14.25pt}td.bc{width:63.2pt;border-top:none;border-left:none;border-bottom: solid windowtext 1.0pt;border-right:solid windowtext 1.0pt;padding:0cm 5.4pt 0cm 5.4pt; height:14.25pt}td.bb{width:85.2pt;border-top:none;border-left:none; border-bottom:solid windowtext 1.0pt;border-right:solid windowtext 1.0pt; padding:0cm 5.4pt 0cm 5.4pt;height:14.25pt}td.ba{width:95.2pt;border-top:none;border-left:none; border-bottom:solid windowtext 1.0pt;border-right:solid windowtext 1.0pt; padding:0cm 5.4pt 0cm 5.4pt;height:14.25pt}td.az{width:75.2pt;border-top:none;border-left:none; border-bottom:solid windowtext 1.0pt;border-right:solid windowtext 1.0pt; padding:0cm 5.4pt 0cm 5.4pt;height:14.25pt}td.ay{width:67.2pt;border-top:none;border-left:none;border-bottom: solid windowtext 1.0pt;border-right:solid windowtext 1.0pt;padding:0cm 5.4pt 0cm 5.4pt; height:14.25pt} .fr-view-element{font-family: sans-serif;font-size: 12pt;line-height: 140%;padding: 20px;box-sizing: border-box;overflow-x: auto;min-height: 60px;text-align: left;margin-bottom: 10px;width: 837px;} .fr-view-element img{padding: 0 1px;} .fr-view-element .av{margin: 63.8pt 1.6cm 62.35pt 1.6cm;} .fr-view-element p{font-size: 10pt;}
/\*\*/
/\*\*/
/\*\*/
/\*]]>\*/

RNS Number : 6940S

Card Factory PLC

01 September 2026

|  |  |  |  |  |  |  |
| --- | --- | --- | --- | --- | --- | --- |
|  |  |  |  |  |  |  |
|  |  |  |  |  | 01 September 2026 | |
|  |  |  |  |  |  |  |
| 'Card Factory plc    (the ""Company"")    Transactions in own shares | | | | | | |
|  | | | | | | |
| Card Factory plc, the UK's leading specialist retailer of greeting cards, gifts and celebration essentials, announces that it purchased the following number of ordinary shares of 1 pence each in the capital of the Company ('Ordinary Shares') through UBS AG London Branch. The Ordinary Shares purchased will be cancelled. | | | | | | |
| Date of purchase: | | 24 August 2026 | 25 August 2026 | 26 August 2026 | 27 August 2026 | 28 August 2026 |
| Number of ordinary shares purchased: | | 125,610 | 151,144 | 128,641 | 213,448 | 91,162 |
| Highest price paid per share (pence per share): | | 75.90 | 76.50 | 76.60 | 76.70 | 76.30 |
| Lowest price paid per share (pence per share): | | 75.00 | 75.60 | 76.00 | 76.20 | 75.80 |
| Volume weighted average price paid per share (pence per share): | | 75.4217 | 76.2352 | 76.3083 | 76.4329 | 76.0989 |
| The Company notifies the market that at the date of this announcement the Company's issued ordinary share capital comprises 338,272,040 ordinary shares with a nominal value of 1p each (""Ordinary Shares"") with each share carrying one vote. In aggregate, 3,867,640 Ordinary Shares are held in treasury.  The number of 334,404,400 ordinary shares may be used by shareholders in the Company as the denominator for the calculations by which they will determine if they are required to notify their interest in, or a change in their interest in, the ordinary share capital of the Company under the FCA's Disclosure Guidance and Transparency Rules. | | | | | | |
| This disclosure is made pursuant to paragraph 9.6.6(R) of the Listing Rules. | | | | | | |
| The table below contains detailed information about the purchases made as part of the Share repurchase programme. | | | | |  |  |
| Enquiries:    Card Factory plc                                                                                             via Alma (below)  Darcy Willson-Rymer, Chief Executive Officer  Matthias Seeger, Chief Financial Officer | | | | | | |
| Alma Strategic Communications                                                                 +44 (0) 203 405 0205 | | | | | | |
| Rebecca Sanders-Hewett, Hilary Buchanan and Sam Modlin                        cardfactory@almastrategic.com | | | | | | |

 

|  |  |  |  |  |  |
| --- | --- | --- | --- | --- | --- |
| Date of purchase | Transaction time | Number of shares purchased | Transaction price  (pence per share) | Trading venue | Transaction  reference  number |
| 24 August 2026 | 12:02:00 | 3,760 | 75.5000 | LSE | 3274957 |
| 24 August 2026 | 12:02:00 | 3,847 | 75.5000 | BATE | 3274955 |
| 24 August 2026 | 12:02:00 | 4,139 | 75.5000 | CHIX | 3274953 |
| 24 August 2026 | 12:02:00 | 3,838 | 75.5000 | Aquis | 3274951 |
| 24 August 2026 | 12:02:01 | 1,407 | 75.2000 | LSE | 3274992 |
| 24 August 2026 | 12:02:01 | 3,667 | 75.3000 | LSE | 3274990 |
| 24 August 2026 | 12:10:59 | 3,613 | 75.4000 | LSE | 3282774 |
| 24 August 2026 | 12:14:01 | 3,630 | 75.3000 | CHIX | 3284798 |
| 24 August 2026 | 13:08:49 | 3,849 | 75.2000 | LSE | 3334288 |
| 24 August 2026 | 13:08:49 | 4,318 | 75.2000 | CHIX | 3334286 |
| 24 August 2026 | 13:32:58 | 3,754 | 75.0000 | LSE | 3362127 |
| 24 August 2026 | 13:32:58 | 3,561 | 75.0000 | CHIX | 3362123 |
| 24 August 2026 | 13:32:58 | 3,602 | 75.0000 | Aquis | 3362121 |
| 24 August 2026 | 14:05:54 | 3,921 | 75.0000 | BATE | 3398220 |
| 24 August 2026 | 14:05:54 | 520 | 75.0000 | BATE | 3398218 |
| 24 August 2026 | 14:05:54 | 5,480 | 75.0000 | BATE | 3398216 |
| 24 August 2026 | 14:32:20 | 3,922 | 75.0000 | BATE | 3440267 |
| 24 August 2026 | 14:32:20 | 4,024 | 75.0000 | CHIX | 3440265 |
| 24 August 2026 | 14:37:06 | 300 | 75.1000 | BATE | 3453418 |
| 24 August 2026 | 14:43:03 | 3,206 | 75.3000 | LSE | 3468279 |
| 24 August 2026 | 15:00:10 | 840 | 75.4000 | CHIX | 3511279 |
| 24 August 2026 | 15:00:10 | 171 | 75.4000 | CHIX | 3511274 |
| 24 August 2026 | 15:06:43 | 3,212 | 75.3000 | LSE | 3526472 |
| 24 August 2026 | 15:06:43 | 3,553 | 75.2000 | BATE | 3526470 |
| 24 August 2026 | 15:06:58 | 206 | 75.2000 | CHIX | 3526862 |
| 24 August 2026 | 15:07:48 | 65 | 75.2000 | CHIX | 3528469 |
| 24 August 2026 | 15:09:24 | 3,890 | 75.2000 | CHIX | 3531469 |
| 24 August 2026 | 15:21:51 | 198 | 75.1000 | CHIX | 3554791 |
| 24 August 2026 | 15:45:00 | 3,491 | 75.2000 | CHIX | 3598867 |
| 24 August 2026 | 15:57:52 | 1,129 | 75.1000 | LSE | 3617978 |
| 24 August 2026 | 15:59:32 | 1,467 | 75.1000 | LSE | 3620095 |
| 24 August 2026 | 16:08:53 | 3,728 | 75.8000 | LSE | 3638724 |
| 24 August 2026 | 16:09:08 | 100 | 75.9000 | BATE | 3639149 |
| 24 August 2026 | 16:09:25 | 602 | 75.9000 | BATE | 3639501 |
| 24 August 2026 | 16:12:46 | 3,517 | 75.9000 | LSE | 3645403 |
| 24 August 2026 | 16:12:46 | 3,601 | 75.9000 | LSE | 3645401 |
| 24 August 2026 | 16:12:46 | 3,525 | 75.9000 | LSE | 3645399 |
| 24 August 2026 | 16:12:46 | 4,249 | 75.9000 | CHIX | 3645397 |
| 24 August 2026 | 16:12:46 | 2,117 | 75.9000 | CHIX | 3645395 |
| 24 August 2026 | 16:12:46 | 4,030 | 75.9000 | BATE | 3645393 |
| 24 August 2026 | 16:12:46 | 4,060 | 75.9000 | BATE | 3645391 |
| 24 August 2026 | 16:12:46 | 2,013 | 75.9000 | CHIX | 3645389 |
| 24 August 2026 | 16:12:46 | 4,251 | 75.9000 | Aquis | 3645387 |
| 24 August 2026 | 16:14:23 | 3,237 | 75.9000 | LSE | 3647929 |
| 25 August 2026 | 08:00:40 | 4,251 | 76.3000 | CHIX | 2932699 |
| 25 August 2026 | 08:14:04 | 3,872 | 75.7000 | LSE | 2949020 |
| 25 August 2026 | 08:14:04 | 131 | 75.8000 | LSE | 2949018 |
| 25 August 2026 | 08:14:04 | 3,314 | 75.8000 | LSE | 2949016 |
| 25 August 2026 | 08:51:46 | 3,657 | 75.8000 | LSE | 2993470 |
| 25 August 2026 | 08:51:46 | 3,859 | 75.8000 | Aquis | 2993468 |
| 25 August 2026 | 08:51:46 | 3,511 | 75.8000 | CHIX | 2993466 |
| 25 August 2026 | 08:51:46 | 4,295 | 75.8000 | BATE | 2993464 |
| 25 August 2026 | 08:52:52 | 3,814 | 75.6000 | LSE | 2994670 |
| 25 August 2026 | 11:07:17 | 1,293 | 76.3000 | LSE | 3121243 |
| 25 August 2026 | 11:07:17 | 2,510 | 76.3000 | LSE | 3121241 |
| 25 August 2026 | 11:07:17 | 3,970 | 76.3000 | Aquis | 3121239 |
| 25 August 2026 | 11:07:17 | 4,225 | 76.3000 | CHIX | 3121237 |
| 25 August 2026 | 11:07:17 | 3,583 | 76.3000 | BATE | 3121235 |
| 25 August 2026 | 11:07:18 | 136 | 76.2000 | LSE | 3121260 |
| 25 August 2026 | 11:54:10 | 2,812 | 76.2000 | BATE | 3157190 |
| 25 August 2026 | 12:43:57 | 2,665 | 76.3000 | CHIX | 3202110 |
| 25 August 2026 | 12:43:57 | 66 | 76.3000 | CHIX | 3202108 |
| 25 August 2026 | 12:43:57 | 66 | 76.3000 | CHIX | 3202106 |
| 25 August 2026 | 12:43:57 | 66 | 76.3000 | CHIX | 3202104 |
| 25 August 2026 | 12:43:57 | 238 | 76.2000 | CHIX | 3202102 |
| 25 August 2026 | 12:43:57 | 141 | 76.2000 | CHIX | 3202100 |
| 25 August 2026 | 12:43:57 | 2,777 | 76.3000 | CHIX | 3202098 |
| 25 August 2026 | 12:43:57 | 238 | 76.3000 | CHIX | 3202096 |
| 25 August 2026 | 12:43:57 | 4,846 | 76.2000 | LSE | 3202094 |
| 25 August 2026 | 12:43:57 | 846 | 76.2000 | BATE | 3202092 |
| 25 August 2026 | 13:14:13 | 1,897 | 76.2000 | LSE | 3230536 |
| 25 August 2026 | 13:14:13 | 1,581 | 76.2000 | LSE | 3230534 |
| 25 August 2026 | 13:14:13 | 3,564 | 76.2000 | CHIX | 3230532 |
| 25 August 2026 | 13:14:13 | 3,608 | 76.2000 | Aquis | 3230530 |
| 25 August 2026 | 14:52:57 | 1,610 | 76.1000 | LSE | 3381579 |
| 25 August 2026 | 14:52:57 | 1,824 | 76.1000 | LSE | 3381577 |
| 25 August 2026 | 15:11:34 | 3,602 | 76.5000 | CHIX | 3435074 |
| 25 August 2026 | 15:11:37 | 4,800 | 76.5000 | LSE | 3435220 |
| 25 August 2026 | 15:11:37 | 8,435 | 76.5000 | LSE | 3435218 |
| 25 August 2026 | 15:11:37 | 3,841 | 76.5000 | CHIX | 3435216 |
| 25 August 2026 | 15:12:04 | 4,102 | 76.5000 | CHIX | 3436582 |
| 25 August 2026 | 15:12:40 | 3,911 | 76.5000 | CHIX | 3438088 |
| 25 August 2026 | 15:12:45 | 200 | 76.5000 | LSE | 3438290 |
| 25 August 2026 | 15:12:45 | 80 | 76.5000 | LSE | 3438288 |
| 25 August 2026 | 15:13:05 | 1,647 | 76.4000 | BATE | 3438972 |
| 25 August 2026 | 15:13:05 | 220 | 76.5000 | LSE | 3438970 |
| 25 August 2026 | 15:13:05 | 268 | 76.5000 | LSE | 3438968 |
| 25 August 2026 | 15:13:23 | 1,976 | 76.4000 | BATE | 3439649 |
| 25 August 2026 | 15:13:23 | 3,686 | 76.4000 | BATE | 3439651 |
| 25 August 2026 | 15:13:23 | 3,242 | 76.4000 | LSE | 3439653 |
| 25 August 2026 | 15:13:23 | 122 | 76.4000 | LSE | 3439655 |
| 25 August 2026 | 15:36:43 | 3,752 | 76.3000 | Aquis | 3492763 |
| 25 August 2026 | 15:37:31 | 1,331 | 76.4000 | LSE | 3494111 |
| 25 August 2026 | 15:50:30 | 3,827 | 76.4000 | LSE | 3518084 |
| 25 August 2026 | 15:50:30 | 4,164 | 76.4000 | Aquis | 3518082 |
| 25 August 2026 | 15:51:45 | 3,831 | 76.3000 | LSE | 3519985 |
| 25 August 2026 | 15:51:45 | 4,312 | 76.3000 | LSE | 3519983 |
| 25 August 2026 | 16:02:24 | 3,984 | 76.3000 | CHIX | 3540170 |
| 25 August 2026 | 16:04:04 | 2,444 | 76.3000 | BATE | 3542635 |
| 25 August 2026 | 16:06:01 | 2,752 | 76.2000 | CHIX | 3547109 |
| 25 August 2026 | 16:07:01 | 3,837 | 76.2000 | Aquis | 3548456 |
| 25 August 2026 | 16:12:15 | 1,080 | 76.3000 | LSE | 3557591 |
| 25 August 2026 | 16:12:15 | 432 | 76.3000 | LSE | 3557589 |
| 26 August 2026 | 08:15:18 | 3,943 | 76.4000 | CHIX | 2800373 |
| 26 August 2026 | 08:15:18 | 3,921 | 76.6000 | LSE | 2800367 |
| 26 August 2026 | 08:21:02 | 2,212 | 76.2000 | LSE | 2807807 |
| 26 August 2026 | 08:21:25 | 1,598 | 76.2000 | LSE | 2808385 |
| 26 August 2026 | 08:21:25 | 3,912 | 76.2000 | BATE | 2808383 |
| 26 August 2026 | 09:50:02 | 3,517 | 76.5000 | LSE | 2911511 |
| 26 August 2026 | 09:50:02 | 3,563 | 76.5000 | Aquis | 2911509 |
| 26 August 2026 | 09:50:02 | 4,144 | 76.5000 | CHIX | 2911507 |
| 26 August 2026 | 10:22:08 | 79 | 76.5000 | LSE | 2942678 |
| 26 August 2026 | 10:22:18 | 419 | 76.5000 | BATE | 2942806 |
| 26 August 2026 | 10:22:28 | 84 | 76.5000 | BATE | 2942925 |
| 26 August 2026 | 10:22:28 | 147 | 76.5000 | BATE | 2942923 |
| 26 August 2026 | 10:22:28 | 90 | 76.5000 | BATE | 2942921 |
| 26 August 2026 | 10:51:00 | 4,590 | 76.4000 | LSE | 2970031 |
| 26 August 2026 | 10:58:03 | 2,349 | 76.3000 | BATE | 2975622 |
| 26 August 2026 | 10:58:03 | 3,667 | 76.3000 | LSE | 2975624 |
| 26 August 2026 | 10:58:03 | 1,947 | 76.3000 | BATE | 2975620 |
| 26 August 2026 | 11:07:05 | 3,748 | 76.3000 | CHIX | 2984187 |
| 26 August 2026 | 12:00:15 | 3,481 | 76.2000 | LSE | 3026060 |
| 26 August 2026 | 12:42:57 | 3,972 | 76.0000 | Aquis | 3061624 |
| 26 August 2026 | 12:50:23 | 2,799 | 76.3000 | CHIX | 3069020 |
| 26 August 2026 | 12:50:23 | 396 | 76.3000 | CHIX | 3069018 |
| 26 August 2026 | 12:58:57 | 3,619 | 76.2000 | CHIX | 3076576 |
| 26 August 2026 | 13:27:53 | 203 | 76.4000 | CHIX | 3106625 |
| 26 August 2026 | 13:27:53 | 544 | 76.4000 | CHIX | 3106623 |
| 26 August 2026 | 13:27:53 | 568 | 76.4000 | CHIX | 3106621 |
| 26 August 2026 | 13:27:53 | 3,204 | 76.3000 | LSE | 3106619 |
| 26 August 2026 | 13:27:53 | 3,811 | 76.3000 | BATE | 3106617 |
| 26 August 2026 | 13:30:09 | 4,296 | 76.3000 | CHIX | 3109871 |
| 26 August 2026 | 14:24:54 | 1,165 | 76.3000 | LSE | 3184218 |
| 26 August 2026 | 14:24:57 | 1,228 | 76.3000 | LSE | 3184313 |
| 26 August 2026 | 14:36:06 | 4,054 | 76.3000 | CHIX | 3214340 |
| 26 August 2026 | 14:36:06 | 875 | 76.3000 | LSE | 3214342 |
| 26 August 2026 | 14:40:18 | 2,168 | 76.1000 | LSE | 3224191 |
| 26 August 2026 | 14:40:18 | 1,578 | 76.1000 | LSE | 3224189 |
| 26 August 2026 | 14:42:09 | 2,017 | 76.0000 | BATE | 3230670 |
| 26 August 2026 | 14:42:10 | 114 | 76.0000 | BATE | 3230688 |
| 26 August 2026 | 15:14:13 | 89 | 76.4000 | CHIX | 3300650 |
| 26 August 2026 | 15:29:07 | 3,521 | 76.3000 | BATE | 3331337 |
| 26 August 2026 | 15:33:55 | 155 | 76.2000 | BATE | 3339302 |
| 26 August 2026 | 15:36:00 | 594 | 76.4000 | BATE | 3343501 |
| 26 August 2026 | 15:50:48 | 2,905 | 76.2000 | CHIX | 3371650 |
| 26 August 2026 | 15:53:35 | 817 | 76.2000 | CHIX | 3375296 |
| 26 August 2026 | 15:53:35 | 3,585 | 76.2000 | LSE | 3375298 |
| 26 August 2026 | 15:53:35 | 2,890 | 76.2000 | LSE | 3375300 |
| 26 August 2026 | 15:53:35 | 839 | 76.2000 | LSE | 3375302 |
| 26 August 2026 | 16:06:47 | 3,923 | 76.4000 | LSE | 3404851 |
| 26 August 2026 | 16:07:39 | 2,581 | 76.4000 | CHIX | 3406430 |
| 26 August 2026 | 16:08:34 | 866 | 76.5000 | BATE | 3407737 |
| 26 August 2026 | 16:09:41 | 3,510 | 76.4000 | Aquis | 3409166 |
| 26 August 2026 | 16:10:47 | 3,321 | 76.4000 | LSE | 3412578 |
| 26 August 2026 | 16:11:15 | 554 | 76.3000 | CHIX | 3413306 |
| 26 August 2026 | 16:11:15 | 1,111 | 76.3000 | CHIX | 3413304 |
| 26 August 2026 | 16:11:15 | 550 | 76.3000 | LSE | 3413302 |
| 26 August 2026 | 16:11:15 | 1,003 | 76.4000 | BATE | 3413296 |
| 26 August 2026 | 16:11:15 | 2,698 | 76.3000 | BATE | 3413294 |
| 26 August 2026 | 16:11:15 | 1,822 | 76.3000 | LSE | 3413298 |
| 26 August 2026 | 16:11:15 | 1,166 | 76.3000 | LSE | 3413300 |
| 26 August 2026 | 16:19:51 | 180 | 76.3000 | CHIX | 3430437 |
| 26 August 2026 | 16:19:51 | 42 | 76.3000 | CHIX | 3430434 |
| 26 August 2026 | 16:20:01 | 17 | 76.3000 | Aquis | 3432096 |
| 26 August 2026 | 16:20:01 | 58 | 76.3000 | Aquis | 3432094 |
| 26 August 2026 | 16:20:01 | 37 | 76.3000 | Aquis | 3432092 |
| 26 August 2026 | 16:20:03 | 1,241 | 76.3000 | Aquis | 3432184 |
| 26 August 2026 | 16:20:06 | 114 | 76.3000 | Aquis | 3432313 |
| 26 August 2026 | 16:20:14 | 500 | 76.3000 | CHIX | 3432543 |
| 26 August 2026 | 16:21:03 | 2,666 | 76.3000 | Aquis | 3434061 |
| 26 August 2026 | 16:21:03 | 907 | 76.3000 | CHIX | 3434059 |
| 26 August 2026 | 16:21:22 | 357 | 76.3000 | BATE | 3434595 |
| 27 August 2026 | 08:44:12 | 3,860 | 76.3000 | Aquis | 2881055 |
| 27 August 2026 | 08:44:12 | 4,285 | 76.3000 | BATE | 2881053 |
| 27 August 2026 | 09:11:13 | 19 | 76.4000 | LSE | 2920258 |
| 27 August 2026 | 09:23:35 | 1,992 | 76.4000 | LSE | 2933712 |
| 27 August 2026 | 09:23:35 | 1,944 | 76.4000 | LSE | 2933710 |
| 27 August 2026 | 09:23:35 | 3,609 | 76.4000 | CHIX | 2933708 |
| 27 August 2026 | 09:39:30 | 814 | 76.3000 | LSE | 2950129 |
| 27 August 2026 | 09:39:30 | 803 | 76.3000 | LSE | 2950127 |
| 27 August 2026 | 09:53:20 | 851 | 76.3000 | LSE | 2967563 |
| 27 August 2026 | 09:53:20 | 293 | 76.3000 | LSE | 2967561 |
| 27 August 2026 | 09:58:14 | 296 | 76.5000 | LSE | 2972373 |
| 27 August 2026 | 10:42:26 | 3,906 | 76.4000 | LSE | 3015707 |
| 27 August 2026 | 10:59:36 | 4,074 | 76.5000 | CHIX | 3030197 |
| 27 August 2026 | 10:59:36 | 1,048 | 76.5000 | LSE | 3030195 |
| 27 August 2026 | 10:59:36 | 200 | 76.5000 | LSE | 3030193 |
| 27 August 2026 | 11:00:55 | 100 | 76.5000 | LSE | 3032039 |
| 27 August 2026 | 11:01:02 | 1,261 | 76.5000 | LSE | 3032126 |
| 27 August 2026 | 11:05:27 | 36 | 76.5000 | LSE | 3036785 |
| 27 August 2026 | 11:12:30 | 4,328 | 76.5000 | BATE | 3042410 |
| 27 August 2026 | 11:12:30 | 248 | 76.5000 | BATE | 3042408 |
| 27 August 2026 | 11:12:31 | 3,762 | 76.5000 | LSE | 3042506 |
| 27 August 2026 | 11:12:31 | 3,650 | 76.5000 | BATE | 3042504 |
| 27 August 2026 | 11:12:33 | 3,173 | 76.5000 | Aquis | 3042542 |
| 27 August 2026 | 11:12:46 | 4,662 | 76.5000 | BATE | 3042730 |
| 27 August 2026 | 11:12:47 | 6,481 | 76.5000 | LSE | 3042746 |
| 27 August 2026 | 11:12:47 | 260 | 76.5000 | LSE | 3042744 |
| 27 August 2026 | 11:12:48 | 3,435 | 76.5000 | LSE | 3042775 |
| 27 August 2026 | 11:12:48 | 3,242 | 76.5000 | LSE | 3042773 |
| 27 August 2026 | 11:12:50 | 36 | 76.5000 | CHIX | 3042798 |
| 27 August 2026 | 11:12:59 | 3,681 | 76.5000 | LSE | 3042870 |
| 27 August 2026 | 11:13:07 | 201 | 76.5000 | LSE | 3042959 |
| 27 August 2026 | 11:13:07 | 51 | 76.5000 | LSE | 3042957 |
| 27 August 2026 | 11:15:03 | 4,226 | 76.5000 | BATE | 3044987 |
| 27 August 2026 | 11:25:48 | 3,852 | 76.5000 | LSE | 3053634 |
| 27 August 2026 | 11:25:48 | 438 | 76.5000 | LSE | 3053632 |
| 27 August 2026 | 11:25:48 | 7,822 | 76.5000 | LSE | 3053630 |
| 27 August 2026 | 11:46:01 | 3,617 | 76.5000 | CHIX | 3070997 |
| 27 August 2026 | 11:49:55 | 1,588 | 76.4000 | Aquis | 3073512 |
| 27 August 2026 | 12:12:58 | 963 | 76.3000 | BATE | 3093963 |
| 27 August 2026 | 12:12:58 | 3,466 | 76.3000 | LSE | 3093961 |
| 27 August 2026 | 12:53:44 | 3,981 | 76.5000 | CHIX | 3132878 |
| 27 August 2026 | 13:28:02 | 1,025 | 76.5000 | LSE | 3167289 |
| 27 August 2026 | 13:28:02 | 400 | 76.5000 | LSE | 3167287 |
| 27 August 2026 | 13:28:12 | 4,106 | 76.5000 | BATE | 3167433 |
| 27 August 2026 | 13:32:02 | 2,899 | 76.5000 | LSE | 3172031 |
| 27 August 2026 | 13:32:02 | 4,898 | 76.5000 | LSE | 3172029 |
| 27 August 2026 | 13:50:05 | 4,217 | 76.5000 | CHIX | 3195528 |
| 27 August 2026 | 13:58:49 | 4,302 | 76.5000 | BATE | 3205548 |
| 27 August 2026 | 13:58:52 | 218 | 76.5000 | LSE | 3205572 |
| 27 August 2026 | 14:17:24 | 481 | 76.5000 | CHIX | 3231655 |
| 27 August 2026 | 14:17:24 | 1,056 | 76.5000 | Aquis | 3231653 |
| 27 August 2026 | 14:17:24 | 4,026 | 76.5000 | CHIX | 3231651 |
| 27 August 2026 | 14:17:29 | 6,310 | 76.5000 | LSE | 3231711 |
| 27 August 2026 | 14:21:12 | 3,379 | 76.5000 | LSE | 3237379 |
| 27 August 2026 | 14:21:12 | 3,691 | 76.5000 | BATE | 3237375 |
| 27 August 2026 | 14:21:12 | 3,212 | 76.5000 | LSE | 3237377 |
| 27 August 2026 | 14:22:44 | 791 | 76.5000 | BATE | 3239254 |
| 27 August 2026 | 14:41:50 | 515 | 76.7000 | Aquis | 3287791 |
| 27 August 2026 | 14:41:50 | 1,582 | 76.7000 | Aquis | 3287789 |
| 27 August 2026 | 14:41:50 | 312 | 76.7000 | Aquis | 3287787 |
| 27 August 2026 | 14:41:50 | 3,803 | 76.6000 | LSE | 3287785 |
| 27 August 2026 | 14:41:50 | 566 | 76.6000 | CHIX | 3287783 |
| 27 August 2026 | 14:41:50 | 3,097 | 76.6000 | CHIX | 3287781 |
| 27 August 2026 | 14:50:22 | 3,424 | 76.5000 | BATE | 3309539 |
| 27 August 2026 | 14:53:02 | 148 | 76.4000 | LSE | 3314894 |
| 27 August 2026 | 15:13:19 | 4,066 | 76.4000 | Aquis | 3362087 |
| 27 August 2026 | 15:13:19 | 3,698 | 76.4000 | LSE | 3362089 |
| 27 August 2026 | 15:28:41 | 3,768 | 76.3000 | LSE | 3396179 |
| 27 August 2026 | 15:28:41 | 3,938 | 76.3000 | CHIX | 3396177 |
| 27 August 2026 | 15:28:41 | 4,233 | 76.3000 | BATE | 3396175 |
| 27 August 2026 | 15:32:20 | 3,441 | 76.2000 | LSE | 3403173 |
| 27 August 2026 | 15:50:47 | 4,008 | 76.3000 | BATE | 3440272 |
| 27 August 2026 | 15:50:47 | 3,358 | 76.3000 | CHIX | 3440270 |
| 27 August 2026 | 15:50:47 | 7,000 | 76.3000 | BATE | 3440268 |
| 27 August 2026 | 15:50:47 | 4,057 | 76.3000 | BATE | 3440266 |
| 27 August 2026 | 15:58:47 | 1,164 | 76.2000 | LSE | 3454306 |
| 27 August 2026 | 16:06:10 | 7,000 | 76.3000 | Aquis | 3473398 |
| 27 August 2026 | 16:06:10 | 1,848 | 76.3000 | Aquis | 3473400 |
| 27 August 2026 | 16:06:52 | 898 | 76.2000 | LSE | 3474567 |
| 27 August 2026 | 16:06:52 | 1,344 | 76.2000 | LSE | 3474565 |
| 27 August 2026 | 16:15:40 | 173 | 76.4000 | BATE | 3495084 |
| 27 August 2026 | 16:15:40 | 155 | 76.4000 | BATE | 3495082 |
| 27 August 2026 | 16:15:40 | 5 | 76.4000 | BATE | 3495080 |
| 27 August 2026 | 16:15:40 | 1,700 | 76.4000 | BATE | 3495078 |
| 27 August 2026 | 16:16:11 | 2,384 | 76.4000 | BATE | 3496443 |
| 27 August 2026 | 16:16:11 | 6 | 76.4000 | BATE | 3496441 |
| 27 August 2026 | 16:20:01 | 192 | 76.3000 | BATE | 3506110 |
| 28 August 2026 | 08:38:30 | 3,644 | 76.2000 | LSE | 2766084 |
| 28 August 2026 | 08:38:31 | 3,247 | 76.1000 | Aquis | 2766112 |
| 28 August 2026 | 08:56:20 | 366 | 76.3000 | BATE | 2790644 |
| 28 August 2026 | 09:00:02 | 299 | 76.1000 | Aquis | 2796413 |
| 28 August 2026 | 09:00:02 | 3,837 | 76.1000 | LSE | 2796411 |
| 28 August 2026 | 09:17:42 | 3,911 | 76.2000 | CHIX | 2817651 |
| 28 August 2026 | 09:19:52 | 1,583 | 76.1000 | LSE | 2819646 |
| 28 August 2026 | 09:38:20 | 2,404 | 76.1000 | LSE | 2837847 |
| 28 August 2026 | 10:11:56 | 106 | 76.1000 | CHIX | 2874254 |
| 28 August 2026 | 12:29:57 | 3,817 | 76.0000 | BATE | 2999892 |
| 28 August 2026 | 13:19:56 | 2,200 | 75.8000 | LSE | 3041767 |
| 28 August 2026 | 13:20:34 | 52 | 75.8000 | CHIX | 3043158 |
| 28 August 2026 | 13:20:34 | 298 | 75.8000 | BATE | 3043156 |
| 28 August 2026 | 13:23:29 | 967 | 75.8000 | LSE | 3044951 |
| 28 August 2026 | 13:23:29 | 1,000 | 75.8000 | LSE | 3044949 |
| 28 August 2026 | 13:26:41 | 1,000 | 75.8000 | LSE | 3047984 |
| 28 August 2026 | 13:27:29 | 700 | 75.8000 | LSE | 3048559 |
| 28 August 2026 | 13:30:10 | 234 | 75.8000 | CHIX | 3050979 |
| 28 August 2026 | 13:30:10 | 418 | 75.8000 | CHIX | 3050977 |
| 28 August 2026 | 15:36:17 | 1,862 | 76.2000 | LSE | 3245742 |
| 28 August 2026 | 15:50:11 | 1,759 | 76.2000 | LSE | 3270083 |
| 28 August 2026 | 15:50:11 | 3,787 | 76.2000 | CHIX | 3270081 |
| 28 August 2026 | 15:50:11 | 3,899 | 76.2000 | CHIX | 3270079 |
| 28 August 2026 | 15:50:11 | 4,013 | 76.2000 | BATE | 3270077 |
| 28 August 2026 | 15:50:11 | 4,148 | 76.2000 | Aquis | 3270075 |
| 28 August 2026 | 16:11:38 | 3,539 | 76.1000 | LSE | 3309333 |
| 28 August 2026 | 16:12:22 | 1,433 | 76.1000 | BATE | 3310431 |
| 28 August 2026 | 16:12:22 | 3,979 | 76.1000 | BATE | 3310429 |
| 28 August 2026 | 16:12:22 | 4,000 | 76.1000 | BATE | 3310427 |
| 28 August 2026 | 16:13:48 | 5,000 | 76.1000 | BATE | 3312137 |
| 28 August 2026 | 16:13:49 | 4,327 | 76.0000 | CHIX | 3312142 |
| 28 August 2026 | 16:16:15 | 175 | 76.1000 | LSE | 3318296 |
| 28 August 2026 | 16:16:15 | 1,059 | 76.1000 | LSE | 3318294 |
| 28 August 2026 | 16:16:34 | 222 | 76.1000 | LSE | 3318806 |
| 28 August 2026 | 16:16:34 | 4,008 | 76.1000 | BATE | 3318801 |
| 28 August 2026 | 16:16:51 | 5,000 | 76.1000 | BATE | 3319188 |
| 28 August 2026 | 16:17:29 | 3,542 | 76.1000 | LSE | 3320489 |
| 28 August 2026 | 16:18:49 | 3,427 | 76.1000 | LSE | 3322350 |
| 28 August 2026 | 16:21:28 | 1,900 | 76.1000 | BATE | 3328163 |

This information is provided by RNS, the news service of the London Stock Exchange. RNS is approved by the Financial Conduct Authority to act as a Primary Information Provider in the United Kingdom. Terms and conditions relating to the use and distribution of this information may apply. For further information, please contact [rns@lseg.com](mailto:rns@lseg.com) or visit [www.rns.com](http://www.rns.com/).  
  
RNS may use your IP address to confirm compliance with the terms and conditions, to analyse how you engage with the information contained in this communication, and to share such analysis on an anonymised basis with others as part of our commercial services. For further information about how RNS and the London Stock Exchange use the personal data you provide us, please see our [Privacy Policy](https://www.lseg.com/privacy-and-cookie-policy).

END

POSUWRNRNWUWUAR",404010,Retailers 
17763003,2026-09-01 06:00:11,Total Voting Rights,Next PLC,NXT,TVR,RNS,6906S,https://www.londonstockexchange.com/news-article/NXT/total-voting-rights/17763003,"/\*<![CDATA[\*/
/\*\*/
/\*\*/
/\*\*/
p{margin-right:0cm;margin-left:0cm;font-size:12.0pt;font-family:""Times New Roman"",""serif"";}
.f{size:595.3pt 841.9pt;margin:72.0pt 72.0pt 72.0pt 72.0pt;}div.f{}p.a,li.a,div.a{margin:0cm;margin-bottom:.0001pt;font-size:12.0pt;font-family:""Times New Roman"",""serif"";}span.j{font-size:11.0pt;font-family:""Calibri"",""sans-serif""}p.h{margin:0cm;margin-bottom:.0001pt}span.i{font-size: 11.0pt;font-family:""Calibri"",""sans-serif""}p.g{margin:0cm;margin-bottom:.0001pt;text-align:justify} .fr-view-element{font-family: sans-serif;font-size: 12pt;line-height: 140%;padding: 20px;box-sizing: border-box;overflow-x: auto;min-height: 60px;text-align: left;margin-bottom: 10px;width: 837px;} .fr-view-element img{padding: 0 1px;} .fr-view-element .f{margin: 63.8pt 1.6cm 62.35pt 1.6cm;} .fr-view-element p{font-size: 10pt;}
/\*\*/
/\*\*/
/\*\*/
/\*]]>\*/

RNS Number : 6906S

Next PLC

01 September 2026

1 September 2026

NEXT plc

 

 

Total Voting Rights

 

As at 28 August 2026, NEXT plc's registered share capital consisted of 119,656,811 ordinary shares of 10 pence each. All of the ordinary shares have equal voting rights and there are no shares held in Treasury.

 

This figure may be used by shareholders to determine if they are required to notify their interest in, or a change to their interest in, NEXT plc under the FCA's Disclosure Guidance and Transparency Rules.

 

H Woodall-Pagan

Company Secretary

NEXT plc

This information is provided by RNS, the news service of the London Stock Exchange. RNS is approved by the Financial Conduct Authority to act as a Primary Information Provider in the United Kingdom. Terms and conditions relating to the use and distribution of this information may apply. For further information, please contact [rns@lseg.com](mailto:rns@lseg.com) or visit [www.rns.com](http://www.rns.com/).  
  
RNS may use your IP address to confirm compliance with the terms and conditions, to analyse how you engage with the information contained in this communication, and to share such analysis on an anonymised basis with others as part of our commercial services. For further information about how RNS and the London Stock Exchange use the personal data you provide us, please see our [Privacy Policy](https://www.lseg.com/privacy-and-cookie-policy).

END

TVRKZGZRKRFGVZM",404010,Retailers 
17762971,2026-09-01 06:00:10,Total Voting Rights,Pets At Home Group Plc,PETS,TVR,RNS,6810S,https://www.londonstockexchange.com/news-article/PETS/total-voting-rights/17762971,"/\*<![CDATA[\*/
/\*\*/
/\*\*/
/\*\*/
h1{margin-top:18.0pt;margin-right:0cm;margin-bottom:4.0pt;margin-left:0cm;line-height:115%;font-size:20.0pt;font-family:""Aptos Display"",""sans-serif"";color:#0F4761;font-weight:normal;}h2{margin-top:8.0pt;margin-right:0cm;margin-bottom:4.0pt;margin-left:0cm;line-height:115%;font-size:16.0pt;font-family:""Aptos Display"",""sans-serif"";color:#0F4761;font-weight:normal;}h3{margin-top:8.0pt;margin-right:0cm;margin-bottom:4.0pt;margin-left:0cm;line-height:115%;font-size:14.0pt;font-family:""Aptos"",""sans-serif"";color:#0F4761;font-weight:normal;}h4{margin-top:4.0pt;margin-right:0cm;margin-bottom:2.0pt;margin-left:0cm;line-height:115%;font-size:12.0pt;font-family:""Aptos"",""sans-serif"";color:#0F4761;font-weight:normal;font-style:italic;}h5{margin-top:4.0pt;margin-right:0cm;margin-bottom:2.0pt;margin-left:0cm;line-height:115%;font-size:12.0pt;font-family:""Aptos"",""sans-serif"";color:#0F4761;font-weight:normal;}h6{margin-top:2.0pt;margin-right:0cm;margin-bottom:0cm;margin-left:0cm;margin-bottom:.0001pt;line-height:115%;font-size:12.0pt;font-family:""Aptos"",""sans-serif"";color:#595959;font-weight:normal;font-style:italic;}
.ai{size:612.0pt 792.0pt;margin:72.0pt 72.0pt 72.0pt 72.0pt;}div.ai{}p.bs{margin-top:0cm;margin-right:0cm;margin-bottom:8.0pt;margin-left:0cm;line-height:115%;font-size:12.0pt;font-family:""Aptos"",""sans-serif"";margin-bottom:6.0pt;text-align:center; line-height:115%}span.bq{font-family:""Calibri"",""sans-serif""; color:#54B949}p.bt{margin-top:0cm;margin-right:0cm;margin-bottom:8.0pt;margin-left:0cm;line-height:115%;font-size:12.0pt;font-family:""Aptos"",""sans-serif"";margin-bottom:0cm;margin-bottom:.0001pt; text-align:center;line-height:normal}span.bo{font-family: ""Calibri"",""sans-serif"";color:#1B6433}p.bu{margin-top:0cm;margin-right:0cm;margin-bottom:8.0pt;margin-left:0cm;line-height:115%;font-size:12.0pt;font-family:""Aptos"",""sans-serif"";margin-bottom:0cm;margin-bottom:.0001pt;line-height: normal}span.bm{font-family:""Calibri"",""sans-serif"";color:black}p.bv{margin-top:0cm;margin-right:0cm;margin-bottom:8.0pt;margin-left:0cm;line-height:115%;font-size:12.0pt;font-family:""Aptos"",""sans-serif"";margin-bottom:0cm;margin-bottom:.0001pt;line-height: normal;vertical-align:baseline}span.bk{font-size:11.0pt; font-family:""Arial"",""sans-serif""}
p.bw{margin-top:0cm;margin-right:0cm;margin-bottom:8.0pt;margin-left:0cm;line-height:115%;font-size:12.0pt;font-family:""Aptos"",""sans-serif"";margin-bottom:14.0pt;text-align:justify;line-height: normal}span.bi{font-size:11.0pt;font-family:""Arial"",""sans-serif""; color:#212721}p.bx{margin-top:0cm;margin-right:0cm;margin-bottom:8.0pt;margin-left:0cm;line-height:115%;font-size:12.0pt;font-family:""Aptos"",""sans-serif"";margin-top:11.0pt;margin-right:0cm;margin-bottom: 0cm;margin-left:0cm;margin-bottom:.0001pt;line-height:normal}span.bg{font-size:11.0pt;font-family:""Arial"",""sans-serif""}span.be{font-size:11.0pt;font-family:""Calibri"",""sans-serif""}p.by{margin-top:0cm;margin-right:0cm;margin-bottom:8.0pt;margin-left:0cm;line-height:115%;font-size:12.0pt;font-family:""Aptos"",""sans-serif"";margin-top:0cm;margin-right:0cm;margin-bottom:2.0pt; margin-left:35.4pt;text-align:justify;text-indent:-35.4pt;line-height:14.95pt}span.bd{font-size:13.0pt;font-family:""Arial"",""sans-serif"";color:#54B949}table.bz{margin-left:-10.8pt;border-collapse:collapse}td.az{width:261.9pt;padding:0cm 5.4pt 0cm 5.4pt}p.ca{margin-top:0cm;margin-right:0cm;margin-bottom:8.0pt;margin-left:0cm;line-height:115%;font-size:12.0pt;font-family:""Aptos"",""sans-serif"";margin-bottom:0cm;margin-bottom:.0001pt;text-align: justify}
span.bb{font-size:11.0pt;font-family:""Arial"",""sans-serif""; color:#1B6433}td.aw{width:629.4pt;padding:0cm 5.4pt 0cm 5.4pt}p.cb{margin-top:0cm;margin-right:0cm;margin-bottom:8.0pt;margin-left:0cm;line-height:115%;font-size:12.0pt;font-family:""Aptos"",""sans-serif"";margin-bottom:10.0pt;line-height:115%}span.ay{font-size:9.0pt;line-height:115%;font-family:""Times New Roman"",""serif""; color:#3D3D3B}p.cc{margin-top:0cm;margin-right:0cm;margin-bottom:8.0pt;margin-left:0cm;line-height:115%;font-size:12.0pt;font-family:""Aptos"",""sans-serif"";margin-bottom:0cm;margin-bottom:.0001pt;text-align: justify;line-height:normal}span.au{font-size:11.0pt; font-family:""Arial"",""sans-serif"";color:#3D3D3B}td.ar{width:346.95pt;padding:0cm 5.4pt 0cm 5.4pt}span.as{font-size:11.0pt; font-family:""Arial"",""sans-serif"";color:#1B6433}td.aq{width:120.15pt;padding:0cm 5.4pt 0cm 5.4pt}span.ap{font-size:11.0pt;line-height:115%; font-family:""Arial"",""sans-serif""}
span.ao{font-size:11.0pt;line-height:115%;font-family:""Arial"",""sans-serif""; color:#3D3D3B}td.an{padding:0cm 0cm 0cm 0cm}p.cd{margin-top:0cm;margin-right:0cm;margin-bottom:8.0pt;margin-left:0cm;line-height:115%;font-size:12.0pt;font-family:""Aptos"",""sans-serif"";margin-top:0cm;margin-right:0cm;margin-bottom:2.0pt; margin-left:35.4pt;text-align:justify;text-indent:-35.4pt;line-height:normal}span.al{font-size:10.0pt; font-family:""Arial"",""sans-serif"";color:#095F20;text-decoration:none}span.ak{font-family:""Calibri"",""sans-serif""}span.aj{font-size:11.0pt;line-height:115%;font-family:""Calibri"",""sans-serif""}p.a,li.a,div.a{margin-top:0cm;margin-right:0cm;margin-bottom:8.0pt;margin-left:0cm;line-height:115%;font-size:12.0pt;font-family:""Aptos"",""sans-serif"";} .fr-view-element{font-family: sans-serif;font-size: 12pt;line-height: 140%;padding: 20px;box-sizing: border-box;overflow-x: auto;min-height: 60px;text-align: left;margin-bottom: 10px;width: 837px;} .fr-view-element img{padding: 0 1px;} .fr-view-element .ai{margin: 63.8pt 1.6cm 62.35pt 1.6cm;} .fr-view-element p{font-size: 10pt;}
/\*\*/
/\*\*/
/\*\*/
/\*]]>\*/

RNS Number : 6810S

Pets At Home Group Plc

01 September 2026

FOR IMMEDIATE RELEASE, 1 September 2026

PETS AT HOME GROUP PLC

 

Total Voting Rights

 

 

As at 31 August 2026, the registered share capital of Pets at Home Group plc (the ""Company"") consisted of 441,498,133 ordinary shares of 1p each. All of the ordinary shares have equal voting rights and there are no shares held in Treasury.

This figure may be used by shareholders as the denominator for the calculations by which they will determine if they are required to notify their interest in, or a change to their interest in, the Company under the FCA's Disclosure Guidance and Transparency Rules.

This disclosure is given in accordance with DTR 5.6.1 of the Disclosure Guidance and Transparency Rules.

 

LEI: 2138003Y9ULD24PD3J93

 

Enquiries

|  |  |
| --- | --- |
| Pets at Home Group Plc |  |

Lesley Lazenby, Company Secretary

Alex Chesworth, Deputy Company Secretary

+44 (0) 161 486 6688

 

|  |  |
| --- | --- |
| Investor Relations Enquiries |  |
| Andrew Porteous, Director of Investor Relations  +44 (0) 7740 361 849     Aaron Wood, Head of Investor Relations |  |
| +44 (0) 7702 083 154 |  |
| Media Enquiries |  |
| Natalie Cullington, Head of Communications |  |
| +44 (0) 7974 594 701 |  |

 

 

About Pets at Home

Pets at Home Group Plc is the UK's leading pet care business, providing pets and their owners with the very best advice, products and care. Pet products are available online or from 460 pet care centres, many of which also have vet practices and grooming salons. The Group also operates a leading small animal veterinary business, with over 450 veterinary general practices located both in our pet care centres and in standalone locations. For more information visit: [https://www.petsathomeplc.com/](http://www.petsathomeplc.com/)

This information is provided by RNS, the news service of the London Stock Exchange. RNS is approved by the Financial Conduct Authority to act as a Primary Information Provider in the United Kingdom. Terms and conditions relating to the use and distribution of this information may apply. For further information, please contact [rns@lseg.com](mailto:rns@lseg.com) or visit [www.rns.com](http://www.rns.com/).  
  
RNS may use your IP address to confirm compliance with the terms and conditions, to analyse how you engage with the information contained in this communication, and to share such analysis on an anonymised basis with others as part of our commercial services. For further information about how RNS and the London Stock Exchange use the personal data you provide us, please see our [Privacy Policy](https://www.lseg.com/privacy-and-cookie-policy).

END

TVRZVLFLQVLLBBB",404010,Retailers 
17762929,2026-09-01 06:00:09,Admission to Trading,Dr. Martens PLC,DOCS,ADM,RNS,7186S,https://www.londonstockexchange.com/news-article/DOCS/admission-to-trading/17762929,"/\*<![CDATA[\*/
/\*\*/
/\*\*/
/\*\*/
h1{margin-top:18.0pt;margin-right:0cm;margin-bottom:4.0pt;margin-left:0cm;line-height:107%;font-size:20.0pt;font-family:""Aptos Display"",""sans-serif"";color:#0F4761;font-weight:normal;}h2{margin-top:8.0pt;margin-right:0cm;margin-bottom:4.0pt;margin-left:0cm;line-height:107%;font-size:16.0pt;font-family:""Aptos Display"",""sans-serif"";color:#0F4761;font-weight:normal;}h3{margin-top:8.0pt;margin-right:0cm;margin-bottom:4.0pt;margin-left:0cm;line-height:107%;font-size:14.0pt;font-family:""Aptos"",""sans-serif"";color:#0F4761;font-weight:normal;}h4{margin-top:4.0pt;margin-right:0cm;margin-bottom:2.0pt;margin-left:0cm;line-height:107%;font-size:11.0pt;font-family:""Aptos"",""sans-serif"";color:#0F4761;font-weight:normal;font-style:italic;}h5{margin-top:4.0pt;margin-right:0cm;margin-bottom:2.0pt;margin-left:0cm;line-height:107%;font-size:11.0pt;font-family:""Aptos"",""sans-serif"";color:#0F4761;font-weight:normal;}h6{margin-top:2.0pt;margin-right:0cm;margin-bottom:0cm;margin-left:0cm;margin-bottom:.0001pt;line-height:107%;font-size:11.0pt;font-family:""Aptos"",""sans-serif"";color:#595959;font-weight:normal;font-style:italic;}ol{margin-bottom:0cm;}ul{margin-bottom:0cm;}
.al{size:595.3pt 841.9pt;margin:72.0pt 72.0pt 72.0pt 72.0pt;}div.al{}p.a,li.a,div.a{margin-top:0cm;margin-right:0cm;margin-bottom:8.0pt;margin-left:0cm;line-height:107%;font-size:11.0pt;font-family:""Aptos"",""sans-serif"";}span.bh{font-size:10.0pt;line-height: 107%;font-family:Archivo}p.bj{margin-top:0cm;margin-right:0cm;margin-bottom:8.0pt;margin-left:0cm;line-height:107%;font-size:11.0pt;font-family:""Aptos"",""sans-serif"";text-align:center}span.bg{font-size:10.0pt;line-height:107%;font-family:Archivo}span.be{font-size:10.0pt;line-height:107%; font-family:Archivo}table.bk{margin-left:-5.4pt;border-collapse:collapse;border:none}td.bb{width:9.25pt;border:solid windowtext 1.0pt; padding:0cm 5.4pt 0cm 5.4pt}p.bl{margin-top:0cm;margin-right:0cm;margin-bottom:8.0pt;margin-left:0cm;line-height:107%;font-size:11.0pt;font-family:""Aptos"",""sans-serif"";margin-bottom:0cm;margin-bottom:.0001pt;line-height: 150%}
span.bd{font-size:10.0pt;line-height:150%; font-family:Archivo}td.ba{width:419.95pt;border:solid windowtext 1.0pt; border-left:none;padding:0cm 5.4pt 0cm 5.4pt}td.ay{width:9.25pt;border:solid windowtext 1.0pt; border-top:none;padding:0cm 5.4pt 0cm 5.4pt}span.az{font-size:10.0pt;line-height:150%;font-family: Archivo}td.ax{width:154.5pt;border-top:none;border-left: none;border-bottom:solid windowtext 1.0pt;border-right:solid windowtext 1.0pt; padding:0cm 5.4pt 0cm 5.4pt}td.aw{width:254.65pt;border-top:none;border-left: none;border-bottom:solid windowtext 1.0pt;border-right:solid windowtext 1.0pt; padding:0cm 5.4pt 0cm 5.4pt}td.av{width:419.95pt;border-top:none; border-left:none;border-bottom:solid windowtext 1.0pt;border-right:solid windowtext 1.0pt; padding:0cm 5.4pt 0cm 5.4pt}span.au{font-size:10.0pt;line-height:150%;font-family: Archivo;color:black}span.as{font-family: Archivo; font-size: 10.0pt; line-height: 150%; text-decoration: underline}span.ar{font-size:10.0pt;line-height:150%;font-family:Archivo}
p.bm{margin-right:0cm;margin-left:0cm;font-size:12.0pt;font-family:""Times New Roman"",""serif"";margin:0cm;margin-bottom:.0001pt;line-height:150%;background: white}span.bn{font-size:10.0pt;line-height:150%; font-family:Archivo}p.bo{margin-right:0cm;margin-left:0cm;font-size:12.0pt;font-family:""Times New Roman"",""serif"";margin-top:0cm;margin-right:0cm;margin-bottom:8.0pt; margin-left:0cm;line-height:150%;background:white}span.bp{font-size:10.0pt;line-height:150%;font-family:Archivo}p.bq{margin-top:0cm;margin-right:0cm;margin-bottom:8.0pt;margin-left:0cm;line-height:107%;font-size:11.0pt;font-family:""Aptos"",""sans-serif"";text-align:justify;line-height:150%}p.br{margin-top:0cm;margin-right:0cm;margin-bottom:8.0pt;margin-left:0cm;line-height:107%;font-size:11.0pt;font-family:""Aptos"",""sans-serif"";line-height:150%}span.an{font-family: Archivo} .fr-view-element{font-family: sans-serif;font-size: 12pt;line-height: 140%;padding: 20px;box-sizing: border-box;overflow-x: auto;min-height: 60px;text-align: left;margin-bottom: 10px;width: 837px;} .fr-view-element img{padding: 0 1px;} .fr-view-element .al{margin: 63.8pt 1.6cm 62.35pt 1.6cm;} .fr-view-element p{font-size: 10pt;}
/\*\*/
/\*\*/
/\*\*/
/\*]]>\*/

RNS Number : 7186S

Dr. Martens PLC

31 August 2026

31 August 2026

Dr. Martens plc (""the Company"")

Notification of Admission of Further Securities to Trading (PRM 1.6.4R)

The following notification is made in accordance with PRM 1.6.4R.

|  |  |  |
| --- | --- | --- |
| 1 | Details of the issuer | |
| a) | Name | Dr. Martens plc |
| b) | LEI | 213800QPT8YM6NQZPH28 |
| 2 | Details of the transferable securities admitted to trading | |
| a) | Name, type and identification code | Ordinary shares of GBP 0.01  ISIN: GB00BL6NGV24 |
| b) | Regulated market | London Stock Exchange - Main Market (XLON) |
| c) | Number of further securities issued and admitted | 22,935 |
| d) | Total number of securities in issue following admission | 968,011,242 |
| e) | Fungibility | Fully fungible with existing Ordinary Shares |
| 3 | Admission details | |
| a) | Date(s) of admission | 1 August 2026 to 31 August 2026 (admitted under a block admission dated 12 December 2024 in connection with the Company's employee share schemes) |
| b) | Prospectus information | N/A |

 

For further information, please contact:  
Zhwan Woof

Company Secretarial

+44 7584 243562

 

ENDS

About Dr. Martens

Dr. Martens is an iconic British footwear brand founded in Northamptonshire, England. Its first silhouette, the 1460 boot - named after the date it was produced - rolled off the production line on 1st April 1960. Originally chosen by workers for their air-cushioned comfort and durability, ""Docs"" or ""DM's"" were later adopted by musicians and subcultural pioneers who took them from the street to the global stage.

Over six decades later, Dr. Martens operates in more than 60 countries and employs around 3,600 people. The company continues to honour the brand's heritage through its 'Made in England' footwear, manufactured at its original Northamptonshire factory, while meeting global demand from multiple high-quality production sites across Asia. All our products are made with an unwavering commitment to craft, combined with innovative techniques.

A brand built to put a bounce in the step of those who stand out from the crowd, Dr. Martens is available through Direct-to-Consumer (Retail and Ecommerce) and Wholesale channels. The brand's collections range from its Original silhouettes - The Icons such as the 1460 boot, 1461 shoe, 2976 Chelsea boot, and Adrian loafer - to modern franchises like the Zebzag, Buzz, and Lowell. The lineup also includes an extensive range of sandals, a dedicated Kids collection, and a curated selection of bags, small leather goods, and accessories.

Every Dr. Martens product reflects craftsmanship, heritage, timeless style, comfort, and versatility. Having transcended generations, the brand stays as relevant today as it was at its inception. Its signature yellow welt stitching, grooved sole edges, and scripted ""With Bouncing Soles"" heel loops remain iconic symbols recognised around the world.

Dr. Martens plc (DOCS.L) is listed on the main market of the London Stock Exchange and is a constituent of the FTSE 250 index.

For more information, visit www.drmartens.com or www.drmartensplc.com

This information is provided by RNS, the news service of the London Stock Exchange. RNS is approved by the Financial Conduct Authority to act as a Primary Information Provider in the United Kingdom. Terms and conditions relating to the use and distribution of this information may apply. For further information, please contact [rns@lseg.com](mailto:rns@lseg.com) or visit [www.rns.com](http://www.rns.com/).  
  
RNS may use your IP address to confirm compliance with the terms and conditions, to analyse how you engage with the information contained in this communication, and to share such analysis on an anonymised basis with others as part of our commercial services. For further information about how RNS and the London Stock Exchange use the personal data you provide us, please see our [Privacy Policy](https://www.lseg.com/privacy-and-cookie-policy).

END

ADMLFLFXQVLFBBZ",402040,Personal Goods
17762977,2026-09-01 06:00:09,Total Voting Rights,WH Smith PLC,SMWH,TVR,RNS,0339Q,https://www.londonstockexchange.com/news-article/SMWH/total-voting-rights/17762977,"/\*<![CDATA[\*/
/\*\*/
/\*\*/
/\*\*/
/\*\*/
sup{font-size:80%}sub{font-size:80%}h1{margin:0cm;margin-bottom:.0001pt;font-size:12.0pt;font-family:""Times New Roman"",""serif"";font-weight:normal;}
.h{size:595.3pt 841.9pt;margin:72.0pt 89.85pt 72.0pt 89.85pt;}div.h{}p.a,li.a,div.a{margin:0cm;margin-bottom:.0001pt;font-size:10.0pt;font-family:""Times New Roman"",""serif"";}span.i{font-size:12.0pt} .fr-view-element{font-family: sans-serif;font-size: 12pt;line-height: 140%;padding: 20px;box-sizing: border-box;overflow-x: auto;min-height: 60px;text-align: left;margin-bottom: 10px;width: 837px;} .fr-view-element img{padding: 0 1px;} .fr-view-element .h{margin: 63.8pt 1.6cm 62.35pt 1.6cm;} .fr-view-element p{font-size: 10pt;}
/\*\*/
/\*\*/
/\*\*/
/\*\*/
/\*]]>\*/

RNS Number : 0339Q

WH Smith PLC

01 September 2026

# WH Smith PLC

# 

# 1 September 2026

# 

 

 

 

 

 

WH Smith PLC (the ""Company"")

 

Voting Rights and Capital

 

In accordance with Disclosure and Transparency Rule 5.6.1, the Company confirms that, as at the prior calendar month end, its capital consists of 152,258,405 ordinary shares of 226/67 pence each with voting rights (the ""Shares""). No shares are currently held in treasury.

 

Shareholders should therefore use this number as the denominator for the calculation by which they will determine if they are required to notify their interest in or a change to their interest in the Company under the FCA's Disclosure and Transparency Rules.

 

 

 

 

 

Steven Hornbuckle

Deputy Company Secretary

steven.hornbuckle@whsmith.co.uk

This information is provided by RNS, the news service of the London Stock Exchange. RNS is approved by the Financial Conduct Authority to act as a Primary Information Provider in the United Kingdom. Terms and conditions relating to the use and distribution of this information may apply. For further information, please contact [rns@lseg.com](mailto:rns@lseg.com) or visit [www.rns.com](http://www.rns.com/).  
  
RNS may use your IP address to confirm compliance with the terms and conditions, to analyse how you engage with the information contained in this communication, and to share such analysis on an anonymised basis with others as part of our commercial services. For further information about how RNS and the London Stock Exchange use the personal data you provide us, please see our [Privacy Policy](https://www.lseg.com/privacy-and-cookie-policy).

END

TVRURUVRNWUWAAR",404010,Retailers 
17762958,2026-09-01 06:00:09,Total Voting Rights,Dunelm Group plc,DNLM,TVR,RNS,6197S,https://www.londonstockexchange.com/news-article/DNLM/total-voting-rights/17762958,"/\*<![CDATA[\*/
/\*\*/
/\*\*/
/\*\*/
link{ color: blue }visited{ color: #954F72 }
.z{size:595.3pt 841.9pt;margin:72.0pt 72.0pt 72.0pt 72.0pt;}div.z{}p.aj{margin-top:0cm;margin-right:0cm;margin-bottom:8.0pt;margin-left:0cm;line-height:107%;font-size:11.0pt;font-family:""Calibri"",""sans-serif"";margin-bottom:0cm;margin-bottom:.0001pt;line-height: normal}span.ah{font-size:10.0pt;font-family:""Arial"",""sans-serif""; color:black}p.ak{margin-top:0cm;margin-right:0cm;margin-bottom:8.0pt;margin-left:0cm;line-height:107%;font-size:11.0pt;font-family:""Calibri"",""sans-serif"";margin-bottom:0cm;margin-bottom:.0001pt; text-align:center;line-height:normal}span.af{font-size: 10.0pt;font-family:""Arial"",""sans-serif"";color:black}p.al{margin-top:0cm;margin-right:0cm;margin-bottom:8.0pt;margin-left:0cm;line-height:107%;font-size:11.0pt;font-family:""Calibri"",""sans-serif"";margin-bottom:0cm;margin-bottom:.0001pt;text-align: justify;line-height:normal}span.ad{font-size:10.0pt; font-family:""Arial"",""sans-serif"";color:black}span.aa{font-size:10.0pt;font-family:""Arial"",""sans-serif""}span.ab{color:black}
p.a,li.a,div.a{margin-top:0cm;margin-right:0cm;margin-bottom:8.0pt;margin-left:0cm;line-height:107%;font-size:11.0pt;font-family:""Calibri"",""sans-serif"";} .fr-view-element{font-family: sans-serif;font-size: 12pt;line-height: 140%;padding: 20px;box-sizing: border-box;overflow-x: auto;min-height: 60px;text-align: left;margin-bottom: 10px;width: 837px;} .fr-view-element img{padding: 0 1px;} .fr-view-element .z{margin: 63.8pt 1.6cm 62.35pt 1.6cm;} .fr-view-element p{font-size: 10pt;}
/\*\*/
/\*\*/
/\*\*/
/\*]]>\*/

RNS Number : 6197S

Dunelm Group plc

01 September 2026

Dunelm Group plc

1 September 2026

 

 

 

DUNELM GROUP PLC

(the ""Company"")

 

 Total Voting Rights

 

 

 

 

 

In conformity with DTR 5.6.1 of the Disclosure and Transparency Rules, the Company notifies the market that, as at 31 August 2026, its issued ordinary share capital comprised 203,426,835 ordinary shares with a nominal value of 1p each (""Ordinary Shares""), of which a total of 1,815,321 Ordinary Shares were held in treasury. Therefore, the total number of Ordinary Shares with voting rights in the Company is 201,611,514.

 

The number of 201,611,514 Ordinary Shares above may be used by shareholders in the Company as the denominator for the calculations by which they determine whether they are required to notify their interest in, or a change in their interest in, the ordinary share capital of the Company under the Disclosure and Transparency Rules.

 

 

 

Name of authorised Company official responsible for making this notification:

                       

 

Luisa Wright, Company Secretary

 

[InvestorRelations@dunelm.com](mailto:InvestorRelations@dunelm.com)

This information is provided by RNS, the news service of the London Stock Exchange. RNS is approved by the Financial Conduct Authority to act as a Primary Information Provider in the United Kingdom. Terms and conditions relating to the use and distribution of this information may apply. For further information, please contact [rns@lseg.com](mailto:rns@lseg.com) or visit [www.rns.com](http://www.rns.com/).  
  
RNS may use your IP address to confirm compliance with the terms and conditions, to analyse how you engage with the information contained in this communication, and to share such analysis on an anonymised basis with others as part of our commercial services. For further information about how RNS and the London Stock Exchange use the personal data you provide us, please see our [Privacy Policy](https://www.lseg.com/privacy-and-cookie-policy).

END

TVRVVLBLQVLEBBL",404010,Retailers 
17762827,2026-09-01 06:00:07,Total Voting Rights,Dr. Martens PLC,DOCS,TVR,RNS,7188S,https://www.londonstockexchange.com/news-article/DOCS/total-voting-rights/17762827,"/\*<![CDATA[\*/
/\*\*/
/\*\*/
/\*\*/
h1{margin-top:18.0pt;margin-right:0cm;margin-bottom:4.0pt;margin-left:0cm;line-height:107%;font-size:20.0pt;font-family:""Calibri Light"",""sans-serif"";color:#2F5496;font-weight:normal;}h2{margin-top:8.0pt;margin-right:0cm;margin-bottom:4.0pt;margin-left:0cm;line-height:107%;font-size:16.0pt;font-family:""Calibri Light"",""sans-serif"";color:#2F5496;font-weight:normal;}h3{margin-top:8.0pt;margin-right:0cm;margin-bottom:4.0pt;margin-left:0cm;line-height:107%;font-size:14.0pt;font-family:""Calibri"",""sans-serif"";color:#2F5496;font-weight:normal;}h4{margin-top:4.0pt;margin-right:0cm;margin-bottom:2.0pt;margin-left:0cm;line-height:107%;font-size:11.0pt;font-family:""Calibri"",""sans-serif"";color:#2F5496;font-weight:normal;font-style:italic;}h5{margin-top:4.0pt;margin-right:0cm;margin-bottom:2.0pt;margin-left:0cm;line-height:107%;font-size:11.0pt;font-family:""Calibri"",""sans-serif"";color:#2F5496;font-weight:normal;}h6{margin-top:2.0pt;margin-right:0cm;margin-bottom:0cm;margin-left:0cm;margin-bottom:.0001pt;line-height:107%;font-size:11.0pt;font-family:""Calibri"",""sans-serif"";color:#595959;font-weight:normal;font-style:italic;}
.al{size:595.3pt 841.9pt;margin:72.0pt 72.0pt 72.0pt 72.0pt;}div.al{}p.be{margin-right:0cm;margin-left:0cm;font-size:12.0pt;font-family:""Times New Roman"",""serif"";margin:0cm;margin-bottom:.0001pt;text-align: center}span.bf{color: #16202C; font-family: Archivo; font-size: 10.0pt; font-weight: bold}p.bg{margin-right:0cm;margin-left:0cm;font-size:12.0pt;font-family:""Times New Roman"",""serif"";margin:0cm;margin-bottom:.0001pt}span.bh{font-size:10.0pt;font-family:Archivo;color:#16202C}p.bi{margin-right:0cm;margin-left:0cm;font-size:12.0pt;font-family:""Times New Roman"",""serif"";margin:0cm;margin-bottom:.0001pt;text-align:justify}span.bj{font-size:10.0pt;font-family:Archivo; color:#16202C}p.bk{margin-top:0cm;margin-right:0cm;margin-bottom:8.0pt;margin-left:0cm;line-height:107%;font-size:11.0pt;font-family:""Calibri"",""sans-serif"";text-align:justify}span.bl{font-size:10.0pt;line-height:107%;font-family:Archivo;color:#16202C}
span.av{font-size:10.0pt;line-height: 107%;font-family:Archivo;color:#16202C}span.bm{font-size:10.0pt;line-height:107%;font-family:Archivo}span.as{font-size:10.0pt; line-height:107%;font-family:Archivo}span.bn{color:#16202C}span.ba{font-size:10.0pt;font-family:Archivo;color:#16202C}span.ah{}p.bo{margin-top:0cm;margin-right:0cm;margin-bottom:8.0pt;margin-left:0cm;line-height:107%;font-size:11.0pt;font-family:""Calibri"",""sans-serif"";line-height:200%}span.aq{font-size: 10.0pt;line-height:200%;font-family:Archivo}p.bp{margin-top:0cm;margin-right:0cm;margin-bottom:8.0pt;margin-left:0cm;line-height:107%;font-size:11.0pt;font-family:""Calibri"",""sans-serif"";line-height:150%}span.ao{font-size:10.0pt;line-height:150%;font-family:Archivo}
p.bq{margin-top:0cm;margin-right:0cm;margin-bottom:8.0pt;margin-left:0cm;line-height:107%;font-size:11.0pt;font-family:""Calibri"",""sans-serif"";text-align:justify;line-height:150%} .fr-view-element{font-family: sans-serif;font-size: 12pt;line-height: 140%;padding: 20px;box-sizing: border-box;overflow-x: auto;min-height: 60px;text-align: left;margin-bottom: 10px;width: 837px;} .fr-view-element img{padding: 0 1px;} .fr-view-element .al{margin: 63.8pt 1.6cm 62.35pt 1.6cm;} .fr-view-element p{font-size: 10pt;}
/\*\*/
/\*\*/
/\*\*/
/\*]]>\*/

RNS Number : 7188S

Dr. Martens PLC

31 August 2026

Dr. Martens plc (the ""Company"")

 

Total Voting Rights

 

The following information is released in accordance with the FCA's Disclosure Guidance and Transparency Rule 5.6.1.

 

As at the date of this disclosure, the Company's issued ordinary share capital consists of 968,011,242 ordinary shares of GBP 0.01 each, each carrying one voting right. The Company does not hold any shares in Treasury. Therefore, the total number of shares with voting rights in the Company is 968,011,242.

 

The above figure (968,011,242) can be used by shareholders as the denominator for the calculations by which to determine if they are required to notify their interest in, or a change to their interest in, the Company under the FCA's Disclosure Guidance and Transparency Rules. 

 

For further information please contact:

 

Zhwan Woof

Company Secretarial

Dr. Martens plc

+44 75853982165

About Dr. Martens

Dr. Martens is an iconic British footwear brand founded in Northamptonshire, England. Its first silhouette, the 1460 boot - named after the date it was produced - rolled off the production line on 1st April 1960. Originally chosen by workers for their air-cushioned comfort and durability, ""Docs"" or ""DM's"" were later adopted by musicians and subcultural pioneers who took them from the street to the global stage.

Over six decades later, Dr. Martens operates in more than 60 countries and employs around 3,700 people. The company continues to honour the brand's heritage through its 'Made in England' footwear, manufactured at its original Northamptonshire factory, while meeting global demand from multiple high-quality production sites across Asia. All our products are made with an unwavering commitment to craft, combined with innovative techniques.

A brand built to put a bounce in the step of those who stand out from the crowd, Dr. Martens is available through Direct-to-Consumer (Retail and Ecommerce) and Wholesale channels. The brand's collections range from its Original silhouettes - The Icons such as the 1460 boot, 1461 shoe, 2976 Chelsea boot, and Adrian loafer - to modern franchises like the Zebzag, Buzz, and Lowell. The lineup also includes an extensive range of sandals, a dedicated Kids collection, and a curated selection of bags, small leather goods, and accessories.

Every Dr. Martens collection reflects craftsmanship, heritage, timeless style, comfort, and versatility. Having transcended generations, the brand stays as relevant today as it was at its inception. Its signature yellow welt stitching, grooved sole edges, and scripted ""With Bouncing Soles"" heel loops remain iconic symbols recognised around the world.

Dr. Martens plc (DOCS.L) is listed on the main market of the London Stock Exchange and is a constituent of the FTSE 250 index.

For more information, visit www.drmartens.com or www.drmartensplc.com

This information is provided by RNS, the news service of the London Stock Exchange. RNS is approved by the Financial Conduct Authority to act as a Primary Information Provider in the United Kingdom. Terms and conditions relating to the use and distribution of this information may apply. For further information, please contact [rns@lseg.com](mailto:rns@lseg.com) or visit [www.rns.com](http://www.rns.com/).  
  
RNS may use your IP address to confirm compliance with the terms and conditions, to analyse how you engage with the information contained in this communication, and to share such analysis on an anonymised basis with others as part of our commercial services. For further information about how RNS and the London Stock Exchange use the personal data you provide us, please see our [Privacy Policy](https://www.lseg.com/privacy-and-cookie-policy).

END

TVRFLFLFTRILVIR",402040,Personal Goods
